player_code,web_name,team_s,pos,price,own,status,news,chance_of_playing_next_round,penalties_order,corners_and_indirect_freekicks_order,direct_freekicks_order,p_mins,p_starts,p_pts,p_ppg,p_xg90,p_xa90,p_xgi90,p_xgc90,p_bonus,p_bps90,p_yc90,p_saves90,p_price_end,p_team_code,p_apps,p_dc_hits,p_dc_rate,p_dc_actions90,p_dc_p90,has_history
154561,Raya,ARS,GKP,6.0,34.6,a,,,,,,3330.0,37.0,162.0,4.378378378378378,0.0,0.001891891891891892,0.001891891891891892,0.7448648648648648,11.0,17.10810810810811,0.02702702702702703,1.6216216216216217,6.2,3.0,,,,,,True
109745,Arrizabalaga,ARS,GKP,5.0,0.1,a,,,,,,90.0,1.0,2.0,2.0,0.0,0.0,0.0,0.98,0.0,11.0,0.0,2.0,4.0,3.0,,,,,,True
437495,Meslier,ARS,GKP,5.0,0.0,a,,,,,,0.0,0.0,0.0,0.0,0.0,0.0,0.0,0.0,0.0,0.0,0.0,0.0,4.1,2.0,,,,,,False
226597,Gabriel,ARS,DEF,8.0,28.9,a,,,,,,2750.0,30.0,209.0,6.84,0.09621818181818181,0.05727272727272727,0.15349090909090907,0.7203272727272727,30.0,23.69454545454545,0.1309090909090909,0.0,7.3,3.0,32.0,12.0,0.375,9.556363636363637,0.7854545454545454,True
445122,J.Timber,ARS,DEF,6.5,0.2,i,Groin injury - Unknown return date,0.0,,,,2452.0,28.0,149.0,5.469004893964111,0.17287928221859708,0.056158238172920066,0.22903752039151715,0.6404975530179445,9.0,19.526916802610113,0.1835236541598695,0.0,6.0,3.0,30.0,7.0,0.2333333333333333,6.533442088091355,0.5138662316476346,True
462424,Saliba,ARS,DEF,6.0,0.4,i,Back injury - Unknown return date,0.0,,,,2614.0,30.0,137.0,4.716908951798011,0.03029839326702372,0.04166029074215761,0.07195868400918133,0.7027161438408569,12.0,20.003825554705433,0.06885998469778118,0.0,6.3,3.0,31.0,8.0,0.2580645161290322,7.712318286151492,0.5508798775822494,True
499169,Lewis-Skelly,ARS,MID,5.5,0.5,a,,,,,,697.0,5.0,29.0,3.744619799139168,0.01291248206599713,0.02582496413199426,0.038737446197991396,1.1634146341463414,0.0,14.203730272596843,0.38737446197991393,0.0,5.0,3.0,20.0,0.0,0.0,4.131994261119082,0.0,True
466075,Calafiori,ARS,DEF,5.5,28.2,a,,,,,,1697.0,22.0,109.0,5.780789628756629,0.17819681791396583,0.04030642309958751,0.21850324101355334,0.5154979375368298,6.0,20.63052445492045,0.26517383618149676,0.0,5.6,3.0,26.0,5.0,0.1923076923076923,7.4779021803182095,0.5303476723629935,True
448104,Hincapie,ARS,DEF,5.5,2.7,a,,,,,,1787.0,20.0,87.0,4.38164521544488,0.01813094571908226,0.08410744264129827,0.10223838836038052,0.8828763290430891,7.0,16.871852266368215,0.10072747621712368,0.0,5.1,3.0,25.0,7.0,0.28,8.612199216564074,0.7050923335198658,True
198869,White,ARS,DEF,5.5,3.4,a,,100.0,,,,699.0,9.0,45.0,5.793991416309013,0.057939914163090134,0.08884120171673819,0.1467811158798283,1.1175965665236052,3.0,23.30472103004292,0.0,0.0,5.1,3.0,12.0,1.0,0.0833333333333333,6.824034334763948,0.2575107296137339,True
500040,Mosquera,ARS,DEF,5.5,11.4,a,,,,,,986.0,9.0,40.0,3.6511156186612577,0.009127789046653144,0.05750507099391481,0.06663286004056795,0.8251521298174441,1.0,17.79918864097363,0.36511156186612576,0.0,5.3,3.0,20.0,4.0,0.2,9.858012170385395,0.7302231237322515,True
223340,Saka,ARS,MID,9.5,9.5,a,,,1.0,2.0,2.0,2218.0,25.0,157.0,6.370604147880973,0.30716862037871956,0.2905320108205591,0.5977006311992786,0.631785392245266,18.0,23.128944995491434,0.0811541929666366,0.0,10.0,3.0,31.0,5.0,0.1612903225806451,7.466185752930568,0.405770964833183,True
204480,Rice,ARS,MID,7.5,19.7,a,,,,1.0,1.0,3093.0,35.0,184.0,5.354025218234724,0.09165858389912705,0.21299709020368573,0.3046556741028128,0.6945683802133851,23.0,22.987390882638216,0.08729388942774005,0.0,7.2,3.0,36.0,14.0,0.3888888888888889,10.940834141610088,0.8147429679922406,True
232413,Eze,ARS,MID,6.5,2.4,a,,,,,3.0,1885.0,22.0,113.0,5.395225464190982,0.2473209549071618,0.12700265251989393,0.3743236074270557,0.6784615384615386,8.0,20.960212201591514,0.04774535809018568,0.0,7.3,3.0,33.0,0.0,0.0,5.729442970822282,0.0,True
184029,Ødegaard,ARS,MID,6.5,5.8,a,,,3.0,4.0,,1363.0,16.0,74.0,4.886280264123258,0.08253851797505503,0.24101247248716068,0.32355099046221575,1.0696991929567132,5.0,20.20542920029347,0.0,0.0,7.8,3.0,24.0,1.0,0.0416666666666666,6.735143066764491,0.132061628760088,True
248857,Madueke,ARS,MID,6.5,0.3,a,,,,6.0,,1205.0,16.0,72.0,5.37759336099585,0.09186721991701244,0.21360995850622405,0.3054771784232365,0.9537759336099585,9.0,18.970954356846473,0.0,0.0,6.8,3.0,26.0,0.0,0.0,5.228215767634855,0.0,True
195384,Merino,ARS,MID,6.0,0.9,a,,,,,,1024.0,10.0,67.0,5.888671875,0.2953125,0.12744140625,0.4227539062499999,0.646875,5.0,20.7421875,0.087890625,0.0,5.3,3.0,22.0,0.0,0.0,9.931640625,0.0,True
444145,Martinelli,ARS,MID,6.5,0.3,a,,,,,,1065.0,11.0,57.0,4.816901408450704,0.348169014084507,0.10732394366197183,0.4554929577464789,0.888169014084507,3.0,16.47887323943662,0.2535211267605634,0.0,6.8,3.0,30.0,0.0,0.0,6.507042253521126,0.0,True
481655,Zubimendi,ARS,MID,5.5,1.3,a,,,,,,2991.0,34.0,133.0,4.002006018054162,0.08545636910732196,0.0683049147442327,0.15376128385155463,0.7850551654964895,9.0,18.174523570712136,0.12036108324974924,0.0,4.9,3.0,38.0,6.0,0.1578947368421052,9.117352056168505,0.3610832497492477,True
616077,Dowman,ARS,MID,5.5,0.1,a,,,,,,152.0,1.0,16.0,9.473684210526315,0.7046052631578947,0.17763157894736842,0.8822368421052632,0.5210526315789473,0.0,30.19736842105263,0.0,0.0,4.2,3.0,6.0,0.0,0.0,9.473684210526317,0.0,True
499175,Nwaneri,ARS,MID,5.5,0.0,a,,,,,,165.0,0.0,8.0,4.363636363636364,0.12545454545454546,0.04363636363636364,0.1690909090909091,0.3981818181818182,0.0,10.90909090909091,0.0,0.0,5.0,3.0,6.0,0.0,0.0,7.090909090909091,0.0,True
438098,Fábio Vieira,ARS,MID,5.5,0.0,a,,,,,,0.0,0.0,0.0,0.0,0.0,0.0,0.0,0.0,0.0,0.0,0.0,0.0,5.4,3.0,,,,,,False
200641,Nelson,ARS,MID,5.5,0.0,a,,,,,,118.0,0.0,13.0,9.915254237288135,0.5415254237288135,0.08389830508474576,0.6254237288135592,2.3033898305084746,0.0,29.74576271186441,0.0,0.0,4.8,94.0,10.0,0.0,0.0,17.54237288135593,0.0,True
224117,Gyökeres,ARS,FWD,7.5,10.7,a,,,2.0,,,2217.0,26.0,128.0,5.196211096075778,0.4976995940460081,0.07875507442489851,0.5764546684709067,0.7230040595399188,16.0,19.242219215155615,0.2029769959404601,0.0,9.1,3.0,36.0,0.0,0.0,3.4506089309878214,0.0,True
219847,Havertz,ARS,FWD,7.5,4.5,a,,,,,,577.0,7.0,36.0,5.6152512998266895,0.5162911611785095,0.0998266897746967,0.6161178509532063,1.0419410745233968,3.0,22.305025996533793,0.1559792027729636,0.0,7.3,3.0,12.0,0.0,0.0,4.991334488734835,0.0,True
205651,G.Jesus,ARS,FWD,6.0,0.4,a,,,,,,418.0,3.0,24.0,5.167464114832535,0.5834928229665072,0.05598086124401914,0.6394736842105262,0.8547846889952153,0.0,19.808612440191386,0.6459330143540669,0.0,6.4,3.0,14.0,0.0,0.0,6.45933014354067,0.0,True
208706,Bruno G.,ARS,MID,7.0,8.8,a,,,4.0,5.0,,2456.0,27.0,154.0,5.643322475570033,0.20484527687296417,0.18175895765472314,0.38660423452768733,1.1722719869706841,22.0,24.955211726384366,0.2198697068403909,0.0,6.9,4.0,29.0,4.0,0.1379310344827586,9.014657980456027,0.2931596091205212,True
439509,Tzolis,ARS,MID,6.5,16.2,a,,,,3.0,,,,,,,,,,,,,,,,,,,,,False
98980,Martinez,AVL,GKP,5.0,4.8,a,,,,,,2835.0,32.0,120.0,3.8095238095238093,0.0,0.0025396825396825397,0.0025396825396825397,1.3625396825396825,11.0,16.825396825396826,0.06349206349206349,3.015873015873016,5.0,7.0,,,,,,True
72147,M.Bizot,AVL,GKP,4.5,0.1,a,,,,,,585.0,6.0,16.0,2.4615384615384617,0.0,0.0,0.0,1.6953846153846153,0.0,11.538461538461538,0.3076923076923077,2.923076923076923,4.2,7.0,,,,,,True
101188,Digne,AVL,DEF,4.5,0.4,u,Has joined Paris Saint-Germain permanently,0.0,,,,1842.0,21.0,97.0,4.73941368078176,0.032736156351791536,0.16026058631921825,0.19299674267100977,1.3578175895765472,5.0,18.615635179153095,0.1465798045602606,0.0,4.5,7.0,31.0,3.0,0.0967741935483871,6.693811074918568,0.2931596091205212,True
199798,Konsa,AVL,DEF,4.5,14.8,a,,,,,,3035.0,34.0,100.0,2.9654036243822075,0.03766062602965404,0.017495881383855025,0.05515650741350906,1.450971993410214,3.0,14.738056013179571,0.0,0.0,4.4,7.0,34.0,6.0,0.1764705882352941,6.583196046128501,0.3558484349258649,True
199796,Cash,AVL,DEF,4.5,8.6,a,,,,1.0,,3016.0,34.0,117.0,3.4913793103448274,0.03401856763925729,0.08773209549071617,0.12175066312997347,1.3562665782493368,7.0,13.428381962864721,0.26856763925729443,0.0,4.6,7.0,35.0,3.0,0.0857142857142857,6.236737400530504,0.1790450928381962,True
149484,Mings,AVL,DEF,4.5,0.3,a,,,,,,1322.0,15.0,50.0,3.40393343419062,0.08850226928895613,0.028593040847201212,0.11709531013615734,1.5909984871406961,4.0,11.505295007564298,0.0680786686838124,0.0,4.3,7.0,17.0,5.0,0.2941176470588235,8.373676248108927,0.680786686838124,True
244954,Pau,AVL,DEF,4.5,0.4,a,,,,,,1673.0,18.0,64.0,3.442916915720263,0.07154811715481173,0.020980274955170353,0.09252839210998208,1.227077106993425,2.0,15.062761506276152,0.05379557680812911,0.0,4.3,7.0,21.0,4.0,0.1904761904761904,7.477585176329947,0.4303646144650329,True
515597,Bogarde,AVL,MID,5.0,0.1,a,,,,,,1042.0,11.0,40.0,3.45489443378119,0.0,0.01727447216890595,0.01727447216890595,1.3284069097888676,4.0,10.4510556621881,0.43186180422264875,0.0,4.0,7.0,28.0,1.0,0.0357142857142857,5.959692898272553,0.1727447216890595,True
441302,Maatsen,AVL,DEF,4.5,0.9,a,,,,,,1590.0,17.0,54.0,3.0566037735849054,0.07132075471698113,0.13528301886792451,0.20660377358490567,1.5079245283018867,1.0,13.698113207547168,0.11320754716981131,0.0,4.2,7.0,30.0,3.0,0.1,7.924528301886792,0.3396226415094339,True
184667,Lindelöf,AVL,DEF,4.5,0.2,a,,,,,,942.0,11.0,29.0,2.770700636942675,0.0267515923566879,0.009554140127388535,0.03630573248407643,1.5219745222929937,0.0,11.847133757961783,0.0,0.0,4.5,7.0,17.0,0.0,0.0,5.159235668789809,0.0,True
606798,A.García,AVL,DEF,4.0,1.7,a,,,,,,83.0,1.0,5.0,5.421686746987952,0.0,0.010843373493975903,0.010843373493975903,2.9710843373493976,0.0,13.012048192771083,0.0,0.0,3.9,7.0,6.0,0.0,0.0,10.843373493975903,0.0,True
578545,Nedeljkovic,AVL,DEF,4.0,0.8,a,,,,,,,,,,,,,,,,,,,,,,,,,False
195546,Buendía,AVL,MID,6.0,1.3,a,,,1.0,,1.0,1753.0,21.0,102.0,5.236737022247576,0.173531089560753,0.11448944666286366,0.2880205362236166,1.4390758699372506,10.0,19.612093553907588,0.3080433542498574,0.0,5.3,7.0,36.0,4.0,0.1111111111111111,10.062749572162009,0.4107244723331432,True
215711,Bailey,AVL,MID,5.5,0.1,a,,,,,,450.0,3.0,21.0,4.2,0.1,0.292,0.392,1.4060000000000001,0.0,13.8,0.2,0.0,5.5,7.0,13.0,0.0,0.0,9.6,0.0,True
122806,McGinn,AVL,MID,5.5,3.2,a,,,,2.0,,2136.0,28.0,103.0,4.339887640449438,0.12640449438202248,0.1731741573033708,0.29957865168539327,1.393820224719101,6.0,18.66573033707865,0.21067415730337077,0.0,5.3,7.0,30.0,1.0,0.0333333333333333,6.320224719101123,0.0842696629213483,True
88894,Barkley,AVL,MID,5.0,0.2,a,,,,,,844.0,7.0,56.0,5.971563981042654,0.16848341232227487,0.13436018957345972,0.30284360189573456,1.4075829383886254,5.0,23.566350710900473,0.10663507109004738,0.0,4.8,7.0,21.0,1.0,0.0476190476190476,7.890995260663507,0.2132701421800947,True
226944,Kamara,AVL,MID,5.0,0.3,a,,100.0,,,,1410.0,17.0,61.0,3.893617021276596,0.033829787234042556,0.05361702127659575,0.08744680851063831,1.3276595744680852,7.0,18.0,0.3191489361702128,0.0,4.9,7.0,18.0,3.0,0.1666666666666666,9.51063829787234,0.3829787234042553,True
449871,Onana,AVL,MID,5.0,0.0,i,Knee injury - Unknown return date,0.0,,,,1755.0,21.0,76.0,3.8974358974358974,0.08615384615384615,0.03538461538461538,0.12153846153846154,1.4630769230769232,4.0,18.102564102564102,0.15384615384615385,0.0,4.8,7.0,25.0,7.0,0.28,11.23076923076923,0.717948717948718,True
469247,Iling Jr,AVL,MID,5.0,0.0,u,Has joined Bolton Wanderers on loan for the rest of the season,0.0,,,,0.0,0.0,0.0,0.0,0.0,0.0,0.0,0.0,0.0,0.0,0.0,0.0,5.5,7.0,,,,,,False
645618,Burrowes,AVL,MID,4.5,0.7,a,,,,,,16.0,0.0,1.0,2.0,0.0,0.0,0.0,1.8,0.0,6.0,0.0,0.0,4.3,7.0,1.0,0.0,0.0,5.625,0.0,True
577285,George Hemmings,AVL,MID,4.5,0.5,a,,,,,,25.0,0.0,2.0,4.0,0.08,0.02,0.1,1.22,0.0,10.0,0.0,0.0,4.5,7.0,2.0,0.0,0.0,3.6,0.0,True
653481,Alysson,AVL,MID,5.0,0.0,a,,,,,,47.0,0.0,3.0,5.74468085106383,0.09574468085106383,0.09574468085106383,0.19148936170212766,3.5808510638297872,0.0,21.06382978723404,0.0,0.0,5.0,7.0,3.0,0.0,0.0,7.659574468085106,0.0,True
614071,Manzambi,AVL,MID,6.0,0.8,i,Knee injury - Unknown return date,0.0,,,,,,,,,,,,,,,,,,,,,,,False
448089,Gomes,AVL,MID,5.5,0.2,i,Calf injury - Unknown return date,0.0,,,,2829.0,32.0,107.0,3.4040296924708375,0.04103923647932132,0.0664899257688229,0.10752916224814421,1.5461293743372218,6.0,16.829268292682926,0.3181336161187699,0.0,5.3,39.0,35.0,15.0,0.4285714285714285,12.311770943796397,0.9544008483563096,True
178301,Watkins,AVL,FWD,8.0,12.2,a,,,2.0,,,2833.0,33.0,167.0,5.305330038828098,0.4892340275326509,0.03748676314860572,0.5267207906812567,1.378432756794917,26.0,19.79174020472997,0.12707377338510412,0.0,8.7,7.0,37.0,0.0,0.0,2.986233674549947,0.0,True
173879,Abraham,AVL,FWD,5.5,0.2,d,Knock - 75% chance of playing,75.0,,,,278.0,2.0,23.0,7.446043165467626,0.6636690647482013,0.11654676258992805,0.7802158273381293,1.6575539568345323,2.0,30.107913669064747,0.0,0.0,5.7,7.0,12.0,0.0,0.0,4.2086330935251794,0.0,True
493105,Garnacho,AVL,MID,6.0,0.7,a,,,,,,1261.0,14.0,56.0,3.9968279143536876,0.24551942902458365,0.2626486915146709,0.5081681205392545,1.4645519429024583,3.0,15.84456780333069,0.14274385408406026,0.0,6.4,8.0,24.0,0.0,0.0,5.067406819984139,0.0,True
690838,Madjo,AVL,FWD,5.5,0.9,i,Unspecified injury - Unknown return date,0.0,,,,,,,,,,,,,,,,,,,,,,,False
457569,Petrović,BOU,GKP,4.5,3.5,a,,,,,,3420.0,38.0,124.0,3.263157894736842,0.0,0.0,0.0,1.4926315789473683,5.0,13.473684210526315,0.07894736842105263,2.8684210526315788,4.6,91.0,,,,,,True
40383,Forster,BOU,GKP,4.0,3.2,a,,,,,,0.0,0.0,0.0,0.0,0.0,0.0,0.0,0.0,0.0,0.0,0.0,0.0,4.0,91.0,,,,,,False
444172,Dennis,BOU,GKP,4.0,0.2,a,,,,,,0.0,0.0,0.0,0.0,0.0,0.0,0.0,0.0,0.0,0.0,0.0,0.0,4.0,91.0,,,,,,False
463981,Hill,BOU,DEF,5.5,1.0,a,,,,,,2102.0,22.0,110.0,4.709800190294957,0.03810656517602284,0.04966698382492864,0.08777354900095147,1.4309229305423408,4.0,16.527117031398667,0.21408182683158897,0.0,4.2,91.0,29.0,14.0,0.4827586206896552,11.517602283539487,1.1988582302568982,True
494521,Truffert,BOU,DEF,5.5,4.9,a,,,,,,3378.0,38.0,165.0,4.396092362344583,0.03596802841918295,0.08179396092362344,0.11776198934280639,1.4499111900532862,19.0,16.17229129662522,0.13321492007104796,0.0,4.8,91.0,38.0,15.0,0.3947368421052631,9.351687388987568,0.7992895204262878,True
242882,Diakité,BOU,DEF,5.0,0.2,a,,,,,,1275.0,15.0,46.0,3.2470588235294118,0.001411764705882353,0.013411764705882354,0.014823529411764706,1.5861176470588234,2.0,11.576470588235294,0.07058823529411765,0.0,4.1,91.0,18.0,7.0,0.3888888888888889,10.376470588235296,0.9882352941176472,True
620487,Milosavljević,BOU,DEF,5.0,0.0,i,Unspecified injury - Unknown return date,0.0,,,,367.0,4.0,19.0,4.659400544959128,0.03678474114441417,0.04659400544959128,0.08337874659400545,1.083923705722071,0.0,15.449591280653951,0.0,0.0,4.4,91.0,7.0,3.0,0.4285714285714285,10.299727520435969,1.471389645776567,True
54469,Smith,BOU,DEF,4.5,0.1,a,,,,,,1073.0,14.0,58.0,4.864864864864865,0.0,0.01929170549860205,0.01929170549860205,1.5248835041938489,4.0,15.517241379310345,0.2516309412861137,0.0,4.4,91.0,22.0,0.0,0.0,6.123019571295433,0.0,True
436893,J.Araujo,BOU,DEF,4.5,0.0,i,Thigh injury - Unknown return date,0.0,,,,0.0,0.0,0.0,0.0,0.0,0.0,0.0,0.0,0.0,0.0,0.0,0.0,3.8,91.0,,,,,,False
575901,Soler,BOU,DEF,4.0,0.4,d,Hamstring injury - 75% chance of playing,75.0,,,,34.0,0.0,3.0,6.0,0.0,0.0,0.0,3.24,0.0,4.0,0.0,0.0,3.9,91.0,3.0,0.0,0.0,2.647058823529412,0.0,True
499604,Rayan,BOU,MID,6.5,3.0,a,,,,,,1110.0,13.0,67.0,5.4324324324324325,0.21648648648648647,0.1491891891891892,0.36567567567567566,1.5518918918918918,3.0,19.297297297297295,0.08108108108108107,0.0,5.4,91.0,15.0,0.0,0.0,6.648648648648648,0.0,True
201658,Tavernier,BOU,MID,6.0,1.7,a,,,3.0,1.0,1.0,2732.0,31.0,137.0,4.513177159590044,0.2984626647144949,0.15153733528550511,0.45,1.352635431918009,14.0,18.184480234260615,0.19765739385065886,0.0,5.3,91.0,34.0,3.0,0.088235294117647,8.268667642752563,0.1976573938506588,True
503139,Scott,BOU,MID,6.0,1.5,a,,,,2.0,4.0,2848.0,34.0,136.0,4.297752808988764,0.12008426966292134,0.09290730337078651,0.21299157303370786,1.4858848314606743,9.0,19.055477528089888,0.15800561797752807,0.0,4.9,91.0,37.0,15.0,0.4054054054054054,12.198033707865168,0.9480337078651684,True
222683,Kluivert,BOU,MID,6.0,1.1,a,,,2.0,3.0,2.0,945.0,10.0,41.0,3.9047619047619047,0.22,0.14761904761904762,0.3676190476190476,1.7104761904761905,3.0,14.0,0.47619047619047616,0.0,6.9,91.0,20.0,0.0,0.0,6.190476190476191,0.0,True
155408,Cook,BOU,MID,5.0,0.1,a,,,,5.0,,872.0,8.0,40.0,4.128440366972478,0.007224770642201836,0.053669724770642205,0.06089449541284405,1.444954128440367,0.0,19.610091743119266,0.10321100917431193,0.0,4.9,91.0,18.0,7.0,0.3888888888888889,14.759174311926609,1.444954128440367,True
496208,Gannon-Doak,BOU,MID,5.0,0.1,a,,,,,,105.0,0.0,11.0,9.428571428571429,0.22285714285714284,0.11142857142857142,0.3342857142857143,4.062857142857143,0.0,28.285714285714285,0.0,0.0,4.8,91.0,8.0,0.0,0.0,11.142857142857142,0.0,True
200785,Adams,BOU,MID,5.0,0.4,d,Unspecified injury - 75% chance of playing,75.0,,,,1769.0,21.0,77.0,3.9174674957603166,0.0320520067834935,0.0320520067834935,0.064104013566987,1.3828151498021481,3.0,17.603165630299603,0.40700960994912383,0.0,4.9,91.0,25.0,7.0,0.28,11.80327868852459,0.7122668174109666,True
111317,Brooks,BOU,MID,5.0,0.1,d,Unspecified injury - 75% chance of playing,75.0,,4.0,3.0,1188.0,13.0,59.0,4.46969696969697,0.4401515151515151,0.25757575757575757,0.6977272727272726,1.5340909090909092,4.0,16.28787878787879,0.5303030303030303,0.0,5.0,91.0,31.0,0.0,0.0,7.121212121212122,0.0,True
158499,Christie,BOU,MID,5.0,0.0,s,Suspended until 29 Aug,0.0,,6.0,,978.0,9.0,47.0,4.325153374233128,0.16656441717791412,0.07269938650306748,0.2392638036809816,1.7613496932515338,2.0,19.69325153374233,0.2760736196319018,0.0,4.9,91.0,26.0,1.0,0.0384615384615384,11.319018404907975,0.1840490797546012,True
614574,Tóth.A,BOU,MID,5.0,0.0,a,,,,,,135.0,2.0,8.0,5.333333333333333,0.07333333333333333,0.22,0.29333333333333333,3.266666666666667,0.0,21.333333333333332,0.6666666666666666,0.0,4.9,91.0,9.0,0.0,0.0,10.666666666666666,0.0,True
489888,Adli,BOU,MID,5.0,0.1,i,Unspecified injury - Unknown return date,0.0,,,,1074.0,10.0,67.0,5.614525139664805,0.21787709497206703,0.13575418994413407,0.35363128491620116,1.5268156424581005,4.0,20.195530726256983,0.16759776536312848,0.0,5.4,91.0,31.0,1.0,0.032258064516129,10.3072625698324,0.1675977653631284,True
560262,Kroupi.Jr,BOU,MID,7.5,1.4,i,Foot injury - Unknown return date,0.0,1.0,,,1663.0,21.0,113.0,6.115453998797354,0.44972940469031875,0.08171978352375225,0.5314491882140709,1.4022248947684908,13.0,25.97714972940469,0.27059530968129886,0.0,4.7,91.0,33.0,0.0,0.0,6.007215874924834,0.0,True
444102,Evanilson,BOU,FWD,6.0,2.2,a,,,,,,2741.0,32.0,115.0,3.775994162714338,0.3493615468807005,0.04859540313754104,0.39795695001824155,1.2812112367748998,6.0,13.527909522072237,0.06566946369937979,0.0,6.6,91.0,36.0,0.0,0.0,4.432688799708136,0.0,True
168636,Enes Ünal,BOU,FWD,5.5,0.1,u,Has joined Getafe permanently,0.0,,,,214.0,0.0,27.0,11.355140186915888,0.8411214953271028,0.0294392523364486,0.8705607476635513,2.5906542056074766,1.0,34.90654205607477,0.4205607476635514,0.0,5.4,91.0,23.0,0.0,0.0,9.67289719626168,0.0,True
561245,Rodríguez,BOU,FWD,6.0,0.2,d,Unspecified injury - 75% chance of playing,75.0,,,,,,,,,,,,,,,,,,,,,,,False
483067,Silva,BOU,DEF,5.0,0.3,a,,,,,,,,,,,,,,,,,,,,,,,,,False
494928,Sanchez,BOU,DEF,4.5,0.2,a,,,,,,,,,,,,,,,,,,,,,,,,,False
200720,Kelleher,BRE,GKP,5.0,5.9,a,,,,,,3330.0,37.0,143.0,3.864864864864865,0.0,0.005945945945945946,0.005945945945945946,1.4454054054054053,11.0,15.405405405405405,0.02702702702702703,2.945945945945946,4.8,94.0,,,,,,True
507433,Valdimarsson,BRE,GKP,4.5,0.1,a,,,,,,90.0,1.0,1.0,1.0,0.0,0.0,0.0,0.97,0.0,1.0,0.0,1.0,3.8,94.0,,,,,,True
432830,Collins,BRE,DEF,5.5,2.0,a,,,,,,2971.0,32.0,129.0,3.9077751598788284,0.06785594076068664,0.05180074049141703,0.11965668125210367,1.4395153147088522,7.0,13.631773813530797,0.21204981487714572,0.0,4.9,94.0,35.0,17.0,0.4857142857142857,10.632783574554022,1.0299562436889935,True
444765,Van den Berg,BRE,DEF,5.0,0.4,i,Unspecified injury - Unknown return date,0.0,,,,2761.0,30.0,113.0,3.6834480260775084,0.10952553422672945,0.0472654835204636,0.15679101774719303,1.3557044549076422,3.0,14.17964505613908,0.06519377037305324,0.0,4.4,94.0,32.0,13.0,0.40625,9.84425932633104,0.8475190148496922,True
249231,Lewis-Potter,BRE,MID,5.5,0.5,a,,,,,1.0,1960.0,22.0,115.0,5.280612244897959,0.1382142857142857,0.1152551020408163,0.253469387755102,1.5492857142857144,5.0,16.346938775510203,0.04591836734693877,0.0,4.8,94.0,36.0,2.0,0.0555555555555555,4.270408163265306,0.183673469387755,True
191866,Ajer,BRE,DEF,4.5,2.3,a,,,,,,1805.0,20.0,76.0,3.789473684210526,0.034404432132963986,0.036398891966759,0.07080332409972298,1.571135734072022,1.0,10.520775623268698,0.19944598337950137,0.0,4.4,94.0,27.0,10.0,0.3703703703703703,9.922437673130194,0.9972299168975068,True
607464,Kayode,BRE,DEF,4.5,3.4,a,,,,,,3258.0,37.0,113.0,3.1215469613259668,0.03535911602209944,0.07983425414364641,0.11519337016574585,1.4544198895027622,9.0,13.646408839779005,0.22099447513812154,0.0,4.6,94.0,37.0,7.0,0.1891891891891892,7.29281767955801,0.3867403314917126,True
194010,Henry,BRE,DEF,4.5,0.2,a,,,,,,1322.0,14.0,52.0,3.540090771558245,0.012254160363086233,0.036762481089258704,0.04901664145234493,1.6277609682299548,0.0,9.803328290468986,0.1361573373676248,0.0,4.3,94.0,25.0,0.0,0.0,5.310136157337368,0.0,True
472713,Hickey,BRE,DEF,4.5,0.1,a,,,,,,679.0,8.0,37.0,4.904270986745214,0.058321060382916054,0.02253313696612666,0.08085419734904271,1.1969072164948453,0.0,13.917525773195877,0.1325478645066274,0.0,4.0,94.0,21.0,1.0,0.0476190476190476,7.687776141384389,0.2650957290132548,True
231065,Pinnock,BRE,DEF,4.5,0.1,a,,,,,,318.0,4.0,14.0,3.9622641509433962,0.0028301886792452833,0.016981132075471698,0.01981132075471698,1.0471698113207548,2.0,15.0,0.2830188679245283,0.0,4.2,94.0,4.0,3.0,0.75,13.018867924528305,1.69811320754717,True
570241,Ji-soo,BRE,DEF,4.5,0.0,a,,,,,,0.0,0.0,0.0,0.0,0.0,0.0,0.0,0.0,0.0,0.0,0.0,0.0,3.9,94.0,,,,,,False
513086,Schuster,BRE,DEF,4.5,0.2,a,,,,,,,,,,,,,,,,,,,,,,,,,False
513418,Schade,BRE,MID,6.0,3.3,a,,,2.0,,,2744.0,32.0,125.0,4.099854227405248,0.39620991253644317,0.06723760932944606,0.4634475218658892,1.3135932944606414,5.0,12.627551020408164,0.1967930029154519,0.0,6.8,94.0,35.0,0.0,0.0,6.231778425655977,0.0,True
533463,O.Dango,BRE,MID,6.5,1.4,a,,,,4.0,,2271.0,25.0,136.0,5.3896961690885075,0.31466314398943196,0.1632760898282695,0.4779392338177015,1.3771466314398944,16.0,17.00132100396301,0.19815059445178335,0.0,5.6,94.0,32.0,2.0,0.0625,7.331571994715984,0.1585204755614266,True
440089,Damsgaard,BRE,MID,5.5,0.6,a,,,,3.0,3.0,2046.0,24.0,113.0,4.970674486803519,0.11480938416422286,0.23885630498533722,0.3536656891495601,1.3878299120234603,9.0,20.542521994134898,0.0,0.0,5.6,94.0,33.0,6.0,0.1818181818181818,10.60117302052786,0.5278592375366569,True
207283,Jensen,BRE,MID,5.5,0.2,a,,,3.0,1.0,2.0,2239.0,26.0,98.0,3.9392585975882093,0.08883430102724431,0.24359088878963822,0.3324251898168825,1.4358195623046004,1.0,18.691380080393035,0.12058954890576151,0.0,4.9,94.0,36.0,4.0,0.1111111111111111,8.84323358642251,0.321572130415364,True
204580,Janelt,BRE,MID,5.0,0.1,a,,,,2.0,,1434.0,15.0,74.0,4.644351464435147,0.05146443514644351,0.1424686192468619,0.19393305439330544,1.6707112970711298,6.0,20.96234309623431,0.502092050209205,0.0,4.9,94.0,25.0,7.0,0.28,11.485355648535563,0.8786610878661087,True
543295,Milambo,BRE,MID,5.0,0.0,i,Knee injury - Unknown return date,0.0,,,,45.0,1.0,1.0,2.0,0.0,0.02,0.02,2.98,0.0,10.0,0.0,0.0,5.2,94.0,1.0,0.0,0.0,8.0,0.0,True
244858,Carvalho,BRE,MID,5.0,0.0,d,Lack of match fitness - 75% chance of playing,75.0,,,,100.0,1.0,13.0,11.7,0.6299999999999999,0.026999999999999996,0.6569999999999999,1.8719999999999999,1.0,37.8,0.0,0.0,4.6,94.0,6.0,0.0,0.0,7.199999999999999,0.0,True
508395,Yarmoliuk,BRE,MID,5.0,1.4,a,,,,,,2652.0,30.0,104.0,3.5294117647058827,0.041402714932126695,0.047171945701357465,0.08857466063348417,1.3679864253393668,1.0,15.203619909502263,0.23755656108597287,0.0,5.0,94.0,37.0,11.0,0.2972972972972973,11.470588235294118,0.746606334841629,True
183656,Dasilva,BRE,MID,5.0,0.0,a,,,,,,2.0,0.0,2.0,4.0,0.16,0.0,0.16,0.1,0.0,10.0,0.0,0.0,4.9,94.0,2.0,0.0,0.0,45.0,0.0,True
444180,Anthony,BRE,MID,6.0,0.2,a,,,,,,2717.0,32.0,127.0,4.2068457857931545,0.16926757453073243,0.0944055944055944,0.26367316893632686,1.9543614280456385,6.0,16.993006993006993,0.13249907986750092,0.0,5.0,90.0,37.0,1.0,0.027027027027027,7.684946632315053,0.0662495399337504,True
502500,Thiago,BRE,FWD,8.0,17.7,a,,,1.0,,,3282.0,37.0,181.0,4.963436928702011,0.5648994515539305,0.05018281535648995,0.6150822669104204,1.4580438756855576,22.0,19.46983546617916,0.1919561243144424,0.0,7.2,94.0,38.0,1.0,0.0263157894736842,5.868372943327239,0.0548446069469835,True
593174,Furo,BRE,FWD,4.5,0.8,a,,,,,,1.0,0.0,1.0,2.0,0.0,0.0,0.0,0.04,0.0,4.0,0.0,0.0,4.5,94.0,1.0,0.0,0.0,0.0,0.0,True
75115,Wilson,BRE,FWD,5.5,0.3,a,,,,,,1234.0,11.0,80.0,5.834683954619125,0.5542949756888169,0.0393841166936791,0.593679092382496,1.5673419773095623,7.0,21.588330632090763,0.07293354943273907,0.0,5.8,21.0,32.0,0.0,0.0,2.990275526742302,0.0,True
513545,Sangaré,BRE,MID,5.5,2.3,a,,,,,,,,,,,,,,,,,,,,,,,,,False
489639,Verbruggen,BHA,GKP,4.5,19.2,a,,,,,,3420.0,38.0,130.0,3.4210526315789473,0.0,0.0015789473684210526,0.0015789473684210526,1.2910526315789475,6.0,16.210526315789473,0.07894736842105263,2.789473684210526,4.6,36.0,,,,,,True
49262,Steele,BHA,GKP,4.0,4.3,a,,,,,,0.0,0.0,0.0,0.0,0.0,0.0,0.0,0.0,0.0,0.0,0.0,0.0,4.2,36.0,,,,,,False
231416,F.Kadıoğlu,BHA,DEF,4.5,3.1,a,,,,3.0,,3130.0,34.0,118.0,3.3929712460063897,0.059233226837060705,0.09517571884984026,0.15440894568690094,1.2827156549520766,7.0,14.779552715654951,0.17252396166134185,0.0,4.5,36.0,37.0,4.0,0.1081081081081081,5.7507987220447285,0.2300319488817891,True
204120,Boscagli,BHA,DEF,4.5,0.2,a,,,,,,799.0,9.0,39.0,4.39299123904881,0.005632040050062578,0.05294117647058823,0.05857321652065081,1.2244055068836044,4.0,19.261576971214016,0.2252816020025031,0.0,4.2,36.0,12.0,2.0,0.1666666666666666,8.78598247809762,0.4505632040050062,True
465730,De Cuyper,BHA,DEF,4.5,1.6,a,,,,2.0,4.0,1404.0,17.0,84.0,5.384615384615385,0.1064102564102564,0.26153846153846155,0.367948717948718,1.5442307692307693,9.0,20.384615384615387,0.12820512820512822,0.0,4.3,36.0,30.0,2.0,0.0666666666666666,5.641025641025641,0.2564102564102564,True
83299,Dunk,BHA,DEF,4.5,0.9,a,,,,,3.0,2837.0,31.0,100.0,3.1723651744800847,0.05805428269298555,0.017765244977088476,0.07581952767007402,1.3292210081071554,5.0,14.053577722946775,0.31723651744800846,0.0,4.5,36.0,33.0,12.0,0.3636363636363636,8.660556926330631,0.7613676418752203,True
550090,Coppola,BHA,DEF,4.5,0.0,a,,,,,,193.0,2.0,10.0,4.663212435233161,0.0,0.004663212435233161,0.004663212435233161,2.1077720207253883,0.0,14.922279792746114,0.9326424870466321,0.0,4.2,36.0,5.0,1.0,0.2,8.860103626943005,0.932642487046632,True
223434,Igor,BHA,DEF,4.5,0.1,a,,,,,,103.0,1.0,6.0,5.242718446601942,0.0,0.0,0.0,4.071844660194175,0.0,8.737864077669903,0.0,0.0,4.5,36.0,4.0,1.0,0.25,11.359223300970877,1.7475728155339807,True
451490,Costinha,BHA,DEF,4.5,0.0,a,,,,,,,,,,,,,,,,,,,,,,,,,False
454490,Svoboda,BHA,DEF,5.0,0.0,a,,,,,,,,,,,,,,,,,,,,,,,,,False
451340,Mitoma,BHA,MID,6.0,0.1,i,Hamstring injury - Unknown return date,0.0,,,,1714.0,19.0,62.0,3.2555425904317388,0.21213535589264879,0.14387397899649942,0.3560093348891482,1.247607934655776,2.0,12.969661610268378,0.26254375729288215,0.0,6.1,36.0,25.0,0.0,0.0,5.618436406067678,0.0,True
592031,Minteh,BHA,MID,6.0,0.3,i,Leg injury - Expected back 28 Nov,0.0,,5.0,,2389.0,26.0,117.0,4.407701967350356,0.14353285893679363,0.19062369192130596,0.3341565508580996,1.2842611971536209,9.0,17.555462536626205,0.11301799916282963,0.0,5.5,36.0,34.0,1.0,0.0294117647058823,6.969443281707828,0.0753453327752197,True
532529,Hinshelwood,BHA,MID,6.0,0.4,a,,,,,,1736.0,20.0,91.0,4.717741935483871,0.2561059907834102,0.12131336405529954,0.3774193548387097,1.4427995391705069,2.0,16.434331797235025,0.0,0.0,5.2,36.0,27.0,1.0,0.037037037037037,5.910138248847926,0.1036866359447004,True
60307,Groß,BHA,MID,5.5,12.4,a,,,1.0,1.0,1.0,1636.0,18.0,78.0,4.290953545232274,0.07646699266503668,0.21729828850855748,0.29376528117359413,1.1200488997555011,10.0,21.399755501222494,0.11002444987775062,0.0,5.6,36.0,19.0,2.0,0.1052631578947368,7.866748166259169,0.2200488997555012,True
463067,Georginio,BHA,FWD,5.5,1.0,a,,,,,,1776.0,20.0,87.0,4.408783783783783,0.14695945945945946,0.14695945945945946,0.2939189189189189,1.0940878378378378,2.0,14.695945945945946,0.10135135135135134,0.0,5.6,36.0,32.0,1.0,0.03125,6.638513513513513,0.1013513513513513,True
219249,O'Riley,BHA,MID,5.5,0.1,a,,,2.0,,,202.0,2.0,16.0,7.128712871287129,0.5391089108910891,0.0801980198019802,0.6193069306930693,1.1272277227722771,2.0,21.386138613861387,0.0,0.0,5.5,36.0,6.0,0.0,0.0,4.455445544554456,0.0,True
514254,Gomez,BHA,MID,5.0,2.9,a,,,,,5.0,2117.0,26.0,97.0,4.123760037789324,0.26528105810108643,0.07312234293811998,0.3384034010392064,1.247756258856873,9.0,15.347189418989135,0.38261691072272086,0.0,4.9,36.0,32.0,2.0,0.0625,10.11809163911195,0.1700519603212092,True
536916,Buonanotte,BHA,MID,5.0,0.0,u,Has joined Elche on loan for the rest of the season,0.0,,,,81.0,1.0,3.0,3.333333333333333,0.06666666666666667,0.3111111111111111,0.37777777777777777,2.7888888888888888,0.0,10.0,1.1111111111111112,0.0,4.6,2.0,4.0,0.0,0.0,6.666666666666666,0.0,True
509416,Ayari,BHA,MID,5.5,0.7,a,,,,4.0,2.0,1921.0,20.0,98.0,4.591358667360749,0.12649661634565332,0.05387818844351899,0.1803748047891723,1.2579385736595523,7.0,19.021343050494533,0.04685059864653826,0.0,4.8,36.0,29.0,5.0,0.1724137931034483,10.541384695471107,0.4685059864653826,True
467779,Wieffer,BHA,DEF,5.0,0.3,a,,,,,,1901.0,23.0,94.0,4.450289321409784,0.0908995265649658,0.08805891635981063,0.17895844292477645,1.1338769068911099,6.0,18.842714360862704,0.3787480273540242,0.0,4.8,36.0,26.0,11.0,0.4230769230769231,12.735402419779064,1.0415570752235666,True
535301,Baleba,BHA,MID,5.0,0.2,i,Ankle injury - Expected back 23 Aug,0.0,,,,1646.0,23.0,56.0,3.0619684082624548,0.04264884568651276,0.0393681652490887,0.08201701093560146,1.1154313487241798,0.0,12.630619684082625,0.2733900364520049,0.0,4.5,36.0,31.0,4.0,0.1290322580645161,11.427703523693804,0.4374240583232078,True
597320,Howell,BHA,MID,4.5,0.2,u,Has joined Leicester City on loan for the rest of the season,0.0,,,,92.0,1.0,4.0,3.91304347826087,0.0,0.029347826086956522,0.029347826086956522,1.0173913043478262,0.0,10.760869565217392,0.0,0.0,4.5,36.0,3.0,0.0,0.0,6.847826086956522,0.0,True
549074,Watson,BHA,MID,5.0,0.0,u,Has joined Leicester City on loan for the rest of the season,0.0,,,,57.0,0.0,5.0,7.894736842105264,0.06315789473684211,0.04736842105263158,0.1105263157894737,2.7157894736842105,0.0,23.68421052631579,1.5789473684210527,0.0,4.8,36.0,6.0,0.0,0.0,7.894736842105264,0.0,True
556637,Oriola,BHA,MID,4.5,0.2,a,,,,,,1.0,0.0,1.0,2.0,0.0,0.0,0.0,0.0,0.0,6.0,0.0,0.0,4.5,36.0,1.0,0.0,0.0,0.0,0.0,True
700308,Yohanna,BHA,MID,5.0,0.1,a,,,,,,,,,,,,,,,,,,,,,,,,,False
608181,Tzimas,BHA,FWD,5.5,0.0,d,Knee injury - 75% chance of playing,75.0,,,,132.0,1.0,16.0,10.90909090909091,0.30000000000000004,0.07500000000000001,0.37500000000000006,1.7659090909090909,0.0,37.5,0.0,0.0,5.2,36.0,9.0,0.0,0.0,10.227272727272728,0.0,True
647850,Kostoulas,BHA,FWD,5.5,0.2,a,,,,,,351.0,2.0,35.0,8.974358974358974,0.5435897435897437,0.13846153846153847,0.6820512820512821,1.5487179487179488,3.0,35.8974358974359,0.5128205128205129,0.0,4.8,36.0,21.0,0.0,0.0,10.512820512820513,0.0,True
487117,Ferguson,BHA,FWD,5.0,0.0,i,Ankle injury - Expected back 10 Oct,0.0,,,,0.0,0.0,0.0,0.0,0.0,0.0,0.0,0.0,0.0,0.0,0.0,0.0,5.5,36.0,,,,,,False
222694,Struijk,BHA,DEF,5.0,0.3,d,Knock - 75% chance of playing,75.0,,,,2935.0,33.0,108.0,3.3117546848381596,0.09383304940374786,0.023304940374787052,0.11713798977853492,1.3161158432708688,4.0,12.63373083475298,0.1533219761499148,0.0,4.2,2.0,34.0,14.0,0.4117647058823529,9.689948892674616,0.8586030664395229,True
610799,Vuskovic,BHA,DEF,5.0,2.7,a,,,,,,0.0,0.0,0.0,0.0,0.0,0.0,0.0,0.0,0.0,0.0,0.0,0.0,3.9,6.0,,,,,,False
244850,Rogers,CHE,MID,7.5,26.4,a,,,,4.0,,3280.0,37.0,169.0,4.63719512195122,0.1876829268292683,0.11853658536585367,0.30621951219512195,1.4144817073170732,17.0,16.600609756097562,0.19207317073170732,0.0,7.3,7.0,37.0,1.0,0.027027027027027,6.310975609756098,0.0548780487804878,True
56979,Henderson,CHE,MID,5.0,0.0,d,Wrist injury - 75% chance of playing,75.0,,,,1911.0,22.0,76.0,3.5792778649921506,0.01554160125588697,0.1087912087912088,0.12433281004709576,1.3262166405023548,5.0,16.153846153846153,0.28257456828885397,0.0,5.0,94.0,32.0,3.0,0.09375,8.618524332810047,0.2825745682888539,True
50175,Welbeck,CHE,FWD,6.0,2.2,a,,,,,,2249.0,26.0,126.0,5.042240995998222,0.49461983103601603,0.05602489995553579,0.5506447309915519,1.26776345042241,18.0,20.449088483770566,0.20008892841262785,0.0,6.3,36.0,37.0,0.0,0.0,4.481991996442864,0.0,True
215059,Sánchez,CHE,GKP,5.0,2.2,a,,,,,,3040.0,35.0,113.0,3.3453947368421053,0.0,0.0011842105263157896,0.0011842105263157896,1.44,7.0,15.069078947368421,0.08881578947368421,2.901315789473684,4.8,8.0,,,,,,True
508479,Jörgensen,CHE,GKP,5.0,0.0,u,Has joined RC Strasbourg on loan for the rest of the season,0.0,,,,378.0,3.0,9.0,2.142857142857143,0.0,0.0,0.0,0.9809523809523809,0.0,11.904761904761905,0.0,1.9047619047619047,4.3,8.0,,,,,,True
225796,James,CHE,DEF,5.5,9.0,a,,,,1.0,1.0,1957.0,20.0,115.0,5.288707204905468,0.04782830863566684,0.14716402657128258,0.19499233520694942,1.322176801226367,11.0,22.672457843638224,0.18395503321410323,0.0,5.6,8.0,29.0,5.0,0.1724137931034483,7.68012263668881,0.459887583035258,True
180736,Chalobah,CHE,DEF,5.5,0.6,u,Has joined Como permanently,0.0,,,,2780.0,31.0,136.0,4.402877697841727,0.04661870503597122,0.033345323741007196,0.0799640287769784,1.3218345323741008,7.0,16.705035971223023,0.09712230215827337,0.0,5.4,8.0,34.0,17.0,0.5,9.615107913669064,1.1007194244604317,True
482609,Gusto,CHE,DEF,5.0,1.1,a,,,,,,2255.0,26.0,96.0,3.831485587583148,0.06226164079822616,0.11853658536585365,0.1807982261640798,1.4819068736141907,7.0,16.2039911308204,0.11973392461197338,0.0,4.8,8.0,34.0,3.0,0.088235294117647,6.226164079822616,0.2394678492239467,True
444463,Fofana,CHE,DEF,5.0,0.0,s,Suspended until 6 Sep,0.0,,,,1718.0,20.0,65.0,3.4051222351571595,0.03771827706635623,0.03143189755529686,0.06915017462165307,1.3520954598370198,3.0,15.087310826542492,0.2619324796274738,0.0,4.4,8.0,25.0,9.0,0.36,11.21071012805588,0.9429569266589056,True
242880,B.Badiashile,CHE,DEF,4.5,0.0,a,,,,,,470.0,6.0,7.0,1.3404255319148937,0.0,0.011489361702127658,0.011489361702127658,1.4189361702127659,0.0,9.191489361702127,0.3829787234042553,0.0,4.4,8.0,8.0,1.0,0.125,9.76595744680851,0.3829787234042553,True
109646,Tosin,CHE,DEF,4.5,0.2,a,,,,,,788.0,8.0,34.0,3.8832487309644668,0.012563451776649744,0.04568527918781726,0.058248730964467,1.5133248730964466,2.0,14.847715736040607,0.22842639593908629,0.0,4.0,8.0,16.0,7.0,0.4375,12.677664974619288,1.598984771573604,True
551210,Hato,CHE,DEF,4.5,0.6,a,,,,,,1139.0,12.0,19.0,1.5013169446883232,0.02370500438981563,0.048200175592625114,0.07190517998244074,1.4618086040386304,0.0,7.348551360842845,0.553116769095698,0.0,4.6,8.0,22.0,1.0,0.0454545454545454,8.217734855136085,0.1580333625987708,True
460028,Colwill,CHE,DEF,5.0,1.7,a,,,,,,225.0,2.0,8.0,3.2,0.0,0.048,0.048,1.3439999999999999,0.0,12.0,0.0,0.0,4.7,8.0,3.0,2.0,0.6666666666666666,8.8,1.6,True
574458,M.Sarr,CHE,DEF,4.5,0.1,a,,,,,,100.0,1.0,3.0,2.6999999999999997,0.31499999999999995,0.0,0.31499999999999995,1.4669999999999999,0.0,3.5999999999999996,0.0,0.0,4.5,8.0,3.0,0.0,0.0,7.199999999999999,0.0,True
577016,Acheampong,CHE,DEF,4.5,0.3,a,,,,,,657.0,8.0,39.0,5.342465753424658,0.08493150684931507,0.01780821917808219,0.10273972602739727,2.1452054794520548,5.0,16.164383561643834,0.136986301369863,0.0,3.7,8.0,17.0,1.0,0.0588235294117647,7.671232876712329,0.273972602739726,True
620109,Palestra,CHE,DEF,5.5,2.7,a,,,,,,,,,,,,,,,,,,,,,,,,,False
220362,Disasi,CHE,DEF,4.5,0.1,a,,,,,,1254.0,14.0,49.0,3.5167464114832536,0.07894736842105264,0.00215311004784689,0.08110047846889953,1.330622009569378,1.0,13.349282296650717,0.07177033492822966,0.0,4.5,21.0,14.0,1.0,0.0714285714285714,5.526315789473684,0.1435406698564593,True
244851,Palmer,CHE,MID,9.5,10.6,a,,,1.0,,3.0,1954.0,24.0,114.0,5.250767656090072,0.4859263050153531,0.1146878198567042,0.6006141248720573,1.4338280450358238,11.0,19.805527123848513,0.23029682702149437,0.0,10.3,8.0,26.0,2.0,0.0769230769230769,6.218014329580348,0.1842374616171954,True
448047,Enzo,CHE,MID,7.0,5.2,a,,,2.0,3.0,2.0,3114.0,35.0,157.0,4.53757225433526,0.32543352601156067,0.2098265895953757,0.5352601156069364,1.2973988439306359,19.0,20.23121387283237,0.2890173410404624,0.0,6.5,8.0,36.0,2.0,0.0555555555555555,7.052023121387283,0.1156069364161849,True
247632,Neto,CHE,MID,6.5,1.3,a,,,,2.0,4.0,2629.0,30.0,125.0,4.2791936097375425,0.15713198934956257,0.23415747432483833,0.3912894636744009,1.2851274248763789,9.0,18.588817040699887,0.06846709775580068,0.0,7.0,8.0,34.0,0.0,0.0,4.176492963103842,0.0,True
624773,Estêvão,CHE,MID,6.5,1.4,a,,,3.0,5.0,,839.0,12.0,58.0,6.221692491060786,0.31215733015494634,0.22955899880810487,0.5417163289630513,1.103814064362336,4.0,18.450536352800952,0.4290822407628128,0.0,6.4,8.0,22.0,0.0,0.0,6.00715137067938,0.0,True
463936,Gittens,CHE,MID,6.0,0.0,a,,,,,,486.0,5.0,25.0,4.62962962962963,0.15,0.17407407407407405,0.32407407407407407,1.6462962962962964,0.0,18.333333333333332,0.0,0.0,6.0,8.0,16.0,0.0,0.0,5.37037037037037,0.0,True
486672,Caicedo,CHE,MID,5.5,3.9,a,,,,,,2796.0,32.0,110.0,3.540772532188841,0.04667381974248927,0.07660944206008584,0.12328326180257511,1.36931330472103,10.0,18.669527896995707,0.3540772532188841,0.0,5.7,8.0,33.0,13.0,0.3939393939393939,11.781115879828326,0.8369098712446352,True
514356,Lavia,CHE,MID,5.0,0.0,a,,,,,,374.0,4.0,13.0,3.1283422459893044,0.050534759358288765,0.1323529411764706,0.18288770053475933,2.0526737967914435,0.0,19.49197860962567,0.0,0.0,4.9,8.0,12.0,0.0,0.0,8.90374331550802,0.0,True
491007,D.Essugo,CHE,MID,4.5,0.2,a,,,,,,26.0,0.0,1.0,2.0,0.0,0.02,0.02,1.1,0.0,14.0,4.0,0.0,4.3,8.0,3.0,0.0,0.0,27.692307692307693,0.0,True
593117,Quenda,CHE,MID,5.5,0.0,a,,100.0,,,,,,,,,,,,,,,,,,,,,,,False
475168,João Pedro,CHE,FWD,7.5,60.5,a,,,,,,2658.0,31.0,177.0,5.993227990970654,0.5048532731376975,0.06636568848758465,0.5712189616252822,1.2612866817155755,30.0,24.209932279909705,0.1693002257336343,0.0,7.4,8.0,35.0,0.0,0.0,4.571106094808126,0.0,True
517052,N.Jackson,CHE,FWD,6.5,0.3,a,,,,,,0.0,0.0,0.0,0.0,0.0,0.0,0.0,0.0,0.0,0.0,0.0,0.0,6.5,8.0,,,,,,False
463034,Delap,CHE,FWD,5.5,0.5,a,,,4.0,,,1092.0,12.0,45.0,3.708791208791209,0.3741758241758242,0.018956043956043958,0.3931318681318682,1.3739010989010991,1.0,10.137362637362637,0.32967032967032966,0.0,6.2,8.0,28.0,0.0,0.0,3.4615384615384617,0.0,True
499309,Marc Guiu,CHE,FWD,5.0,0.4,a,,,,,,265.0,1.0,13.0,4.415094339622641,0.5230188679245282,0.09849056603773583,0.6215094339622641,2.000377358490566,0.0,6.452830188679245,0.33962264150943394,0.0,4.0,8.0,10.0,0.0,0.0,2.7169811320754715,0.0,True
567119,Mheuka,CHE,FWD,4.5,0.3,a,,,,,,1.0,0.0,1.0,2.0,0.0,0.0,0.0,0.1,0.0,6.0,0.0,0.0,4.5,8.0,1.0,0.0,0.0,90.0,0.0,True
503037,Emegha,CHE,FWD,5.0,0.1,d,Hamstring injury - 75% chance of playing,75.0,,,,,,,,,,,,,,,,,,,,,,,False
437499,Lacroix,CHE,DEF,6.0,10.4,a,,,,,,3085.0,35.0,154.0,4.492706645056726,0.07147487844408429,0.024213938411669366,0.09568881685575366,1.2847974068071313,11.0,15.432739059967584,0.1166936790923825,0.0,5.2,31.0,35.0,22.0,0.6285714285714286,11.581847649918965,1.2836304700162071,True
549939,Penders,CHE,GKP,4.5,0.1,a,,,,,,0.0,0.0,0.0,0.0,0.0,0.0,0.0,0.0,0.0,0.0,0.0,0.0,4.0,8.0,,,,,,False
622758,Anselmino,CHE,DEF,4.5,0.0,a,,,,,,0.0,0.0,0.0,0.0,0.0,0.0,0.0,0.0,0.0,0.0,0.0,0.0,4.0,8.0,,,,,,False
543158,Barco,CHE,MID,5.5,0.1,a,,,,,,,,,,,,,,,,,,,,,,,,,False
465920,Mudryk,CHE,MID,5.5,0.0,a,,,,,,0.0,0.0,0.0,0.0,0.0,0.0,0.0,0.0,0.0,0.0,0.0,0.0,4.9,8.0,,,,,,False
498444,Chavarria,CHE,DEF,5.0,0.2,a,,,,,,,,,,,,,,,,,,,,,,,,,False
428580,Onyeka,COV,MID,5.0,0.1,a,,,,,,88.0,0.0,12.0,12.272727272727273,0.0,0.36818181818181817,0.36818181818181817,2.065909090909091,0.0,41.93181818181818,0.0,0.0,4.8,94.0,6.0,0.0,0.0,10.227272727272728,0.0,True
472739,Rushworth,COV,GKP,4.5,1.0,a,,,,,,0.0,0.0,0.0,0.0,0.0,0.0,0.0,0.0,0.0,0.0,0.0,0.0,4.0,36.0,,,,,,False
484389,Dovin,COV,GKP,4.0,2.0,a,,,,,,,,,,,,,,,,,,,,,,,,,False
110690,Wilson,COV,GKP,4.5,0.5,a,,,,,,,,,,,,,,,,,,,,,,,,,False
461102,Thomas,COV,DEF,4.0,7.8,a,,,,,,,,,,,,,,,,,,,,,,,,,False
436761,Kitching,COV,DEF,4.0,0.7,a,,,,,,,,,,,,,,,,,,,,,,,,,False
451284,van Ewijk,COV,DEF,4.0,14.5,a,,,,,,,,,,,,,,,,,,,,,,,,,False
173878,Dasilva,COV,DEF,4.0,0.8,a,,,,,,,,,,,,,,,,,,,,,,,,,False
465390,Kesler-Hayden,COV,DEF,4.0,0.1,a,,,,,,,,,,,,,,,,,,,,,,,,,False
80178,Bidwell,COV,DEF,4.0,0.1,a,,,,,,,,,,,,,,,,,,,,,,,,,False
204813,Latibeaudiere,COV,DEF,4.0,0.1,a,,,,,,,,,,,,,,,,,,,,,,,,,False
220583,Woolfenden,COV,DEF,4.0,0.2,a,,,,,,,,,,,,,,,,,,,,,,,,,False
577411,Brau,COV,DEF,4.0,0.0,a,,,,,,,,,,,,,,,,,,,,,,,,,False
539142,Amenda,COV,DEF,4.0,0.8,a,,,,,,,,,,,,,,,,,,,,,,,,,False
480457,Rudoni,COV,MID,5.0,0.1,d,Shoulder injury - 75% chance of playing,75.0,,3.0,1.0,,,,,,,,,,,,,,,,,,,,False
168144,Grimes,COV,MID,5.0,0.2,a,,,3.0,1.0,,,,,,,,,,,,,,,,,,,,,False
501459,Sakamoto,COV,MID,5.0,0.1,a,,,,,,,,,,,,,,,,,,,,,,,,,False
241293,Mason-Clark,COV,MID,5.5,0.1,d,Hamstring injury - 75% chance of playing,75.0,,,,,,,,,,,,,,,,,,,,,,,False
439668,Eccles,COV,MID,5.0,0.0,a,,,,,,,,,,,,,,,,,,,,,,,,,False
226965,Torp,COV,MID,5.5,0.2,a,,,2.0,2.0,2.0,,,,,,,,,,,,,,,,,,,,False
684268,Shepherd,COV,MID,4.5,0.3,a,,,,,,,,,,,,,,,,,,,,,,,,,False
469272,Tchaouna,COV,MID,5.5,0.1,a,,,,,,1259.0,14.0,59.0,4.217633042096902,0.09078633836378078,0.06505162827640985,0.15583796664019064,1.7899920571882446,0.0,14.868943606036536,0.14297061159650518,0.0,4.8,90.0,29.0,1.0,0.0344827586206896,4.932486100079428,0.1429706115965051,True
492498,Borges Rodrigues,COV,MID,4.5,0.2,a,,,,,,,,,,,,,,,,,,,,,,,,,False
629397,Andrews,COV,MID,4.5,0.7,a,,,,,,,,,,,,,,,,,,,,,,,,,False
176412,Wright,COV,FWD,5.5,0.6,i,Thigh injury - Unknown return date,0.0,1.0,,,,,,,,,,,,,,,,,,,,,,False
230730,Thomas-Asante,COV,FWD,5.0,0.8,a,,,4.0,,,,,,,,,,,,,,,,,,,,,,False
218997,Simms,COV,FWD,5.0,0.8,a,,,,,,,,,,,,,,,,,,,,,,,,,False
551262,Markelo,COV,FWD,5.0,0.1,u,Has joined Shabab Al-Ahli Dubai permanently,0.0,,,,,,,,,,,,,,,,,,,,,,,False
549653,Bassette,COV,FWD,4.5,0.1,u,Has joined KVC Westerlo on loan for the rest of the season,0.0,,,,,,,,,,,,,,,,,,,,,,,False
210156,Awoniyi,COV,FWD,5.5,0.6,a,,,,,,480.0,3.0,43.0,8.0625,0.6900000000000001,0.144375,0.8343750000000001,1.940625,4.0,31.875,0.375,0.0,5.2,17.0,17.0,0.0,0.0,4.875,0.0,True
661888,Yirenkyi,COV,MID,5.0,0.2,a,,,,,,,,,,,,,,,,,,,,,,,,,False
196100,Hamer,COV,MID,5.5,0.1,a,,,,,,,,,,,,,,,,,,,,,,,,,False
485337,Guessand,CRY,MID,5.5,0.0,a,,,,,,909.0,9.0,44.0,4.356435643564357,0.15445544554455445,0.08415841584158416,0.23861386138613863,1.4336633663366338,0.0,14.158415841584159,0.0,0.0,6.2,31.0,21.0,0.0,0.0,8.217821782178218,0.0,True
172649,Henderson,CRY,GKP,5.0,3.2,a,,,,,,3330.0,37.0,131.0,3.5405405405405403,0.0,0.002972972972972973,0.002972972972972973,1.3891891891891892,7.0,14.54054054054054,0.13513513513513514,2.864864864864865,5.1,31.0,,,,,,True
121709,Benitez,CRY,GKP,4.5,0.1,a,,,,,,90.0,1.0,7.0,7.0,0.0,0.0,0.0,1.12,0.0,29.0,0.0,3.0,3.9,31.0,,,,,,True
247348,Muñoz,CRY,DEF,5.5,10.8,a,,,,,,2400.0,29.0,136.0,5.1,0.091875,0.14775,0.239625,1.2855,9.0,17.5875,0.2625,0.0,5.9,31.0,29.0,9.0,0.3103448275862069,8.85,0.6749999999999999,True
427623,Richards,CRY,DEF,5.0,0.8,a,,,,,,2825.0,31.0,128.0,4.07787610619469,0.07709734513274336,0.04969911504424779,0.12679646017699114,1.3122477876106193,5.0,14.431858407079647,0.12743362831858407,0.0,4.4,31.0,33.0,16.0,0.4848484848484848,10.290265486725664,1.0194690265486726,True
651426,Canvot,CRY,DEF,5.0,0.5,a,,,,,,1331.0,14.0,72.0,4.868519909842224,0.10007513148009015,0.02231404958677686,0.12238918106686701,1.6120210368144252,9.0,14.605559729526671,0.20285499624342598,0.0,4.5,31.0,20.0,10.0,0.5,11.427498121712995,1.35236664162284,True
244723,Mitchell,CRY,DEF,4.5,6.7,a,,,,,,3253.0,36.0,135.0,3.735013833384568,0.04399016292652936,0.06999692591454042,0.11398708884106978,1.3772517675991391,8.0,13.778051029818629,0.1660006148170919,0.0,5.0,31.0,38.0,13.0,0.3421052631578947,8.106363356901321,0.7193359975407316,True
218364,Sosa,CRY,DEF,4.5,0.0,a,,,,,,99.0,0.0,6.0,5.454545454545454,0.03636363636363636,0.06363636363636364,0.1,0.8181818181818181,0.0,8.181818181818182,0.9090909090909091,0.0,4.8,31.0,7.0,0.0,0.0,9.09090909090909,0.0,True
515621,Chadi Riad,CRY,DEF,4.5,0.1,a,,,,,,550.0,6.0,20.0,3.272727272727273,0.054000000000000006,0.021272727272727276,0.07527272727272728,1.4874545454545456,0.0,13.745454545454546,0.32727272727272727,0.0,4.0,31.0,9.0,1.0,0.1111111111111111,7.363636363636364,0.3272727272727272,True
242313,Mingueza,CRY,DEF,4.5,0.1,a,,,,,,,,,,,,,,,,,,,,,,,,,False
232185,Sarr,CRY,MID,6.5,6.2,a,,,2.0,,,2173.0,24.0,117.0,4.845835250805338,0.45269213069489184,0.04845835250805338,0.5011504832029452,1.2942936033133916,9.0,14.868844914864242,0.08283479061205706,0.0,6.4,31.0,28.0,0.0,0.0,5.674183156925909,0.0,True
496221,Wharton,CRY,MID,5.5,0.6,a,,100.0,,1.0,,2552.0,29.0,112.0,3.949843260188088,0.053605015673981196,0.26344043887147334,0.3170454545454546,1.3782131661442005,8.0,18.021159874608152,0.14106583072100315,0.0,5.0,31.0,34.0,9.0,0.2647058823529412,10.685736677115989,0.6347962382445141,True
488024,Yeremy,CRY,MID,5.5,0.2,a,,,,2.0,1.0,2074.0,26.0,77.0,3.3413693346190936,0.19657666345226615,0.2655737704918033,0.46215043394406946,1.3022661523625845,3.0,14.363548698167792,0.17357762777242045,0.0,5.8,31.0,34.0,1.0,0.0294117647058823,7.246865959498553,0.0867888138862102,True
108413,Hughes,CRY,MID,4.5,11.1,a,,,,3.0,,1560.0,19.0,45.0,2.5961538461538463,0.06403846153846154,0.11192307692307693,0.17596153846153847,1.4625000000000001,0.0,12.51923076923077,0.40384615384615385,0.0,4.7,31.0,31.0,0.0,0.0,8.538461538461538,0.0,True
152551,Lerma,CRY,MID,5.0,0.1,a,,,,,,1722.0,18.0,69.0,3.6062717770034842,0.0961672473867596,0.07735191637630662,0.17351916376306623,1.3123693379790942,3.0,15.470383275261325,0.36585365853658536,0.0,4.9,31.0,31.0,4.0,0.1290322580645161,11.498257839721257,0.4181184668989547,True
209400,Kamada,CRY,MID,5.0,0.3,a,,,,4.0,,1899.0,22.0,67.0,3.1753554502369665,0.0777251184834123,0.15355450236966825,0.23127962085308054,1.234123222748815,0.0,15.687203791469193,0.14218009478672985,0.0,5.0,31.0,28.0,5.0,0.1785714285714285,9.857819905213267,0.4739336492890995,True
489706,Devenny,CRY,MID,5.0,0.0,a,,,3.0,,2.0,785.0,7.0,36.0,4.127388535031847,0.2728662420382166,0.04471337579617835,0.3175796178343949,1.6864968152866244,0.0,12.382165605095542,0.0,0.0,4.3,31.0,21.0,1.0,0.0476190476190476,8.254777070063694,0.2292993630573248,True
606921,Esse,CRY,MID,5.0,0.0,a,,,,,,40.0,0.0,4.0,8.0,0.0,0.08,0.08,3.48,0.0,24.0,0.0,0.0,4.7,31.0,4.0,0.0,0.0,11.25,0.0,True
536694,M.França,CRY,MID,5.0,0.0,a,,,,,,0.0,0.0,0.0,0.0,0.0,0.0,0.0,0.0,0.0,0.0,0.0,0.0,4.5,31.0,,,,,,False
438464,Doucouré,CRY,MID,5.0,0.1,a,,,,,,0.0,0.0,0.0,0.0,0.0,0.0,0.0,0.0,0.0,0.0,0.0,0.0,4.9,31.0,,,,,,False
450542,J.Rak-Sakyi,CRY,MID,5.0,0.0,a,,,,,,0.0,0.0,0.0,0.0,0.0,0.0,0.0,0.0,0.0,0.0,0.0,0.0,4.4,31.0,,,,,,False
590014,Cardines,CRY,DEF,4.5,0.0,u,Has joined Bristol City on loan for the rest of the season,0.0,,,,90.0,1.0,2.0,2.0,0.02,0.16,0.18,2.53,0.0,21.0,0.0,0.0,4.4,31.0,1.0,0.0,0.0,7.0,0.0,True
672492,Drakes-Thomas,CRY,MID,4.5,0.1,a,,,,,,7.0,0.0,2.0,4.0,0.0,0.0,0.0,1.46,0.0,12.0,0.0,0.0,4.5,31.0,2.0,0.0,0.0,38.57142857142857,0.0,True
247412,Strand Larsen,CRY,FWD,6.0,0.6,a,,,,,,2301.0,26.0,75.0,2.9335071707953064,0.2073011734028683,0.04380704041720991,0.25110821382007825,1.4092568448500653,3.0,8.409387222946545,0.15645371577574968,0.0,5.8,31.0,36.0,0.0,0.0,3.715775749674055,0.0,True
231747,Mateta,CRY,FWD,6.5,6.1,a,,,1.0,,,2210.0,25.0,114.0,4.642533936651583,0.5872398190045248,0.05375565610859728,0.6409954751131222,1.2938009049773755,13.0,16.167420814479637,0.08144796380090497,0.0,7.6,31.0,32.0,0.0,0.0,5.090497737556561,0.0,True
205533,Nketiah,CRY,FWD,5.5,0.5,a,,,,,,414.0,2.0,23.0,5.0,0.38478260869565223,0.1,0.4847826086956522,2.06304347826087,3.0,21.73913043478261,0.4347826086956522,0.0,5.4,31.0,12.0,0.0,0.0,8.260869565217392,0.0,True
660392,Uche,CRY,FWD,5.0,0.0,u,has returned to Getafe CF,0.0,,,,159.0,0.0,17.0,9.622641509433963,0.27735849056603773,0.0056603773584905665,0.2830188679245283,2.620754716981132,0.0,23.77358490566038,0.0,0.0,5.5,31.0,14.0,0.0,0.0,7.358490566037736,0.0,True
433154,McNeil,CRY,MID,5.5,0.2,a,,,,,,1161.0,14.0,53.0,4.108527131782946,0.1062015503875969,0.14806201550387596,0.25426356589147286,1.4573643410852712,1.0,14.41860465116279,0.07751937984496124,0.0,5.5,11.0,22.0,2.0,0.0909090909090909,8.604651162790697,0.3100775193798449,True
169593,Matthews,CRY,GKP,4.0,1.7,a,,,,,,0.0,0.0,0.0,0.0,0.0,0.0,0.0,0.0,0.0,0.0,0.0,0.0,3.9,31.0,,,,,,False
223723,Tomiyasu,CRY,DEF,4.5,0.3,a,,,,,,,,,,,,,,,,,,,,,,,,,False
570794,Khalaili,CRY,DEF,5.0,0.0,a,,,,,,,,,,,,,,,,,,,,,,,,,False
128295,Nørgaard,EVE,MID,5.0,0.4,d,Lack of match fitness - 75% chance of playing,75.0,,,,101.0,1.0,7.0,6.237623762376238,0.07128712871287128,0.03564356435643564,0.10693069306930693,2.0316831683168317,0.0,24.95049504950495,0.0,0.0,5.1,3.0,7.0,0.0,0.0,14.257425742574258,0.0,True
242898,Johnson,EVE,MID,6.0,0.2,a,,,,,,1710.0,19.0,65.0,3.4210526315789473,0.12894736842105264,0.06894736842105263,0.19789473684210526,1.4889473684210526,2.0,11.421052631578947,0.3157894736842105,0.0,6.5,31.0,34.0,0.0,0.0,6.368421052631579,0.0,True
111234,Pickford,EVE,GKP,5.5,8.5,a,,,,,,3420.0,38.0,135.0,3.5526315789473686,0.0,0.005263157894736842,0.005263157894736842,1.48,11.0,14.342105263157896,0.10526315789473684,2.6315789473684212,5.6,11.0,,,,,,True
229600,Travers,EVE,GKP,5.0,0.0,a,,,,,,0.0,0.0,0.0,0.0,0.0,0.0,0.0,0.0,0.0,0.0,0.0,0.0,4.2,11.0,,,,,,False
138001,King,EVE,GKP,4.5,0.0,a,,,,,,0.0,0.0,0.0,0.0,0.0,0.0,0.0,0.0,0.0,0.0,0.0,0.0,3.9,11.0,,,,,,False
17761,Tarkowski,EVE,DEF,6.0,9.4,a,,,,,,3330.0,37.0,170.0,4.594594594594595,0.06837837837837837,0.05675675675675676,0.12513513513513513,1.447027027027027,12.0,16.0,0.21621621621621623,0.0,5.8,11.0,37.0,23.0,0.6216216216216216,10.864864864864863,1.2432432432432432,True
480455,Branthwaite,EVE,DEF,5.5,1.8,a,,,,,,678.0,7.0,32.0,4.247787610619469,0.045132743362831865,0.014601769911504425,0.059734513274336286,1.2517699115044247,0.0,14.336283185840708,0.13274336283185842,0.0,5.3,11.0,10.0,3.0,0.3,8.893805309734514,0.7964601769911505,True
106611,Keane,EVE,DEF,5.0,1.7,a,,,,,,2588.0,29.0,131.0,4.55564142194745,0.07998454404945904,0.01704018547140649,0.09702472952086554,1.54822256568779,8.0,14.049459041731065,0.0347758887171561,0.0,4.5,11.0,33.0,18.0,0.5454545454545454,11.545595054095829,1.2519319938176197,True
512462,O'Brien,EVE,DEF,5.0,0.5,a,,,,,,3118.0,35.0,116.0,3.3483001924310454,0.048203976908274535,0.028864656831302116,0.07706863373957665,1.5439704939063503,2.0,10.622193713919179,0.1731879409878127,0.0,4.9,11.0,37.0,11.0,0.2972972972972973,7.475946119307248,0.6350224502886466,True
224967,Mykolenko,EVE,DEF,4.5,1.4,a,,,,,,2959.0,33.0,95.0,2.88948969246367,0.008516390672524502,0.0748225751943224,0.08333896586684691,1.4724231159175396,2.0,10.645488340655627,0.18249408583981072,0.0,4.9,11.0,33.0,10.0,0.303030303030303,7.695167286245352,0.6083136194660358,True
243571,Patterson,EVE,DEF,4.5,0.0,a,,,,,,238.0,3.0,22.0,8.319327731092438,0.01134453781512605,0.015126050420168067,0.02647058823529412,1.3878151260504201,0.0,25.336134453781515,0.0,0.0,4.4,11.0,7.0,2.0,0.2857142857142857,11.722689075630251,1.512605042016807,True
499300,Aznou,EVE,DEF,4.0,0.2,a,,,,,,0.0,0.0,0.0,0.0,0.0,0.0,0.0,0.0,0.0,0.0,0.0,0.0,4.2,11.0,,,,,,False
215413,Dewsbury-Hall,EVE,MID,6.5,3.5,a,,,,2.0,,2629.0,30.0,151.0,5.169265880562952,0.14891593761886648,0.1828071510079878,0.3317230886268543,1.3823507036896159,18.0,20.471662228984403,0.20540129326740206,0.0,5.3,11.0,31.0,5.0,0.1612903225806451,7.873716241917078,0.3423354887790034,True
440993,Ndiaye,EVE,MID,6.0,15.7,a,,,1.0,,,2781.0,32.0,128.0,4.142394822006473,0.2161812297734628,0.14271844660194175,0.35889967637540454,1.3812297734627832,7.0,17.475728155339805,0.06472491909385114,0.0,6.3,11.0,32.0,6.0,0.1875,9.158576051779937,0.3883495145631068,True
232928,Garner,EVE,MID,6.0,0.3,i,Groin injury - Unknown return date,0.0,3.0,1.0,1.0,3413.0,38.0,159.0,4.192792264869616,0.055376501611485496,0.16296513331380016,0.21834163492528563,1.4814532669205975,13.0,21.570465865807208,0.3164371520656314,0.0,5.2,11.0,38.0,20.0,0.5263157894736842,12.077351303838263,1.054790506885438,True
490094,Iroegbunam,EVE,MID,5.0,0.0,i,Groin injury - Unknown return date,0.0,,,,1477.0,17.0,68.0,4.143534190927555,0.03290453622207177,0.04326337169939065,0.07616790792146243,1.5014218009478673,1.0,13.710223425863235,0.5484089370345294,0.0,4.8,11.0,29.0,7.0,0.2413793103448276,11.516587677725118,0.8530805687203792,True
550615,George,EVE,MID,5.5,0.3,a,,,,,,351.0,1.0,16.0,4.102564102564103,0.1641025641025641,0.3051282051282051,0.4692307692307693,1.6641025641025642,0.0,14.102564102564102,0.5128205128205129,0.0,4.8,11.0,15.0,0.0,0.0,5.897435897435898,0.0,True
502697,Alcaraz,EVE,MID,5.0,0.1,a,,,,,,679.0,6.0,29.0,3.8438880706921945,0.15508100147275405,0.0715758468335788,0.22665684830633284,1.7973490427098675,0.0,16.038291605301914,0.5301914580265096,0.0,5.2,11.0,20.0,0.0,0.0,9.14580265095729,0.0,True
609873,Armstrong,EVE,MID,5.0,0.1,a,,,,,,524.0,6.0,21.0,3.6068702290076335,0.13568702290076337,0.03778625954198474,0.1734732824427481,1.877290076335878,0.0,14.427480916030534,0.0,0.0,4.5,11.0,13.0,1.0,0.0769230769230769,8.587786259541986,0.3435114503816794,True
496661,Dibling,EVE,MID,5.5,0.0,a,,,,,,349.0,4.0,18.0,4.641833810888252,0.05157593123209169,0.03610315186246419,0.08767908309455588,1.7148997134670487,0.0,12.636103151862464,0.5157593123209169,0.0,5.3,11.0,14.0,1.0,0.0714285714285714,10.31518624641834,0.5157593123209169,True
513466,Röhl,EVE,MID,5.0,0.1,a,,,,,,675.0,6.0,36.0,4.8,0.08933333333333333,0.04666666666666666,0.136,1.7746666666666668,2.0,13.066666666666666,0.0,0.0,5.0,11.0,16.0,1.0,0.0625,9.066666666666666,0.2666666666666666,True
244860,Hackney,EVE,MID,5.5,0.3,a,,,,,,,,,,,,,,,,,,,,,,,,,False
486385,Beto,EVE,FWD,5.5,2.9,a,,,4.0,,,1551.0,17.0,104.0,6.034816247582205,0.5164410058027079,0.013346228239845262,0.5297872340425532,1.401934235976789,15.0,19.90328820116054,0.17408123791102514,0.0,5.1,11.0,37.0,0.0,0.0,5.164410058027079,0.0,True
586309,Barry,EVE,FWD,5.5,1.2,a,,,2.0,,,1898.0,21.0,95.0,4.504741833508957,0.3874077976817703,0.020864067439409904,0.4082718651211802,1.5880400421496312,9.0,13.98840885142255,0.1422550052687039,0.0,5.7,11.0,38.0,0.0,0.0,3.5089567966280297,0.0,True
80201,Leno,FUL,GKP,4.5,3.2,a,,,,,,3420.0,38.0,122.0,3.210526315789474,0.0,0.0005263157894736842,0.0005263157894736842,1.3876315789473683,8.0,14.631578947368421,0.07894736842105263,2.5789473684210527,5.0,54.0,,,,,,True
86873,Lecomte,FUL,GKP,4.0,1.3,a,,,,,,0.0,0.0,0.0,0.0,0.0,0.0,0.0,0.0,0.0,0.0,0.0,0.0,3.9,54.0,,,,,,False
505079,McNally,FUL,GKP,4.0,0.2,a,,,,,,0.0,0.0,0.0,0.0,0.0,0.0,0.0,0.0,0.0,0.0,0.0,0.0,4.0,54.0,,,,,,False
174874,Andersen,FUL,DEF,5.0,0.0,s,Suspended until 30 Aug,0.0,,,,2882.0,33.0,123.0,3.8410825815405962,0.04465648854961832,0.057147814018043024,0.10180430256766133,1.4015267175572519,8.0,13.240804996530185,0.2185981956974323,0.0,4.4,54.0,33.0,21.0,0.6363636363636364,11.429562803608604,1.311589174184594,True
169528,Robinson,FUL,DEF,4.5,2.1,a,,,2.0,,,1487.0,17.0,65.0,3.9340954942837927,0.06476126429051783,0.09562878278412912,0.16039004707464696,1.4598520511096167,7.0,16.94687289845326,0.3026227303295225,0.0,4.9,54.0,22.0,4.0,0.1818181818181818,8.291862811028917,0.484196368527236,True
246301,J.Cuenca,FUL,DEF,4.5,0.0,a,,,,,,935.0,11.0,39.0,3.7540106951871657,0.004812834224598931,0.051016042780748665,0.055828877005347596,1.4149732620320854,1.0,14.919786096256685,0.5775401069518716,0.0,4.3,54.0,15.0,7.0,0.4666666666666667,11.454545454545451,1.3475935828877006,True
167074,Tete,FUL,DEF,4.5,0.3,a,,,,,,1791.0,21.0,81.0,4.07035175879397,0.04623115577889448,0.07336683417085428,0.11959798994974875,1.2959798994974876,5.0,15.979899497487438,0.10050251256281408,0.0,4.5,54.0,22.0,9.0,0.4090909090909091,9.447236180904524,0.9045226130653268,True
232892,Bassey,FUL,DEF,4.5,0.7,a,,,,,,2532.0,28.0,103.0,3.661137440758294,0.06078199052132702,0.012440758293838863,0.07322274881516588,1.3510663507109004,9.0,13.933649289099526,0.17772511848341233,0.0,4.4,54.0,30.0,12.0,0.4,8.708530805687204,0.8530805687203792,True
166477,Castagne,FUL,DEF,4.5,0.3,a,,,,,,1838.0,20.0,61.0,2.9869423286180634,0.073449401523395,0.0719804134929271,0.1454298150163221,1.5992383025027204,3.0,14.39608269858542,0.19586507072905332,0.0,4.3,54.0,30.0,3.0,0.1,7.883569096844397,0.29379760609358,True
153133,Iwobi,FUL,MID,5.5,1.0,a,,,3.0,1.0,1.0,2420.0,29.0,103.0,3.830578512396694,0.07103305785123966,0.17479338842975206,0.24582644628099173,1.3276859504132232,13.0,18.892561983471076,0.1115702479338843,0.0,6.1,54.0,29.0,1.0,0.0344827586206896,6.991735537190083,0.0743801652892562,True
209289,Smith Rowe,FUL,MID,5.5,0.4,a,,,,,,1909.0,22.0,80.0,3.7716081718177055,0.2220534311157674,0.05280251440544788,0.2748559455212153,1.4742273441592455,1.0,16.547930853850183,0.047145102147721316,0.0,5.6,54.0,37.0,0.0,0.0,6.977475117862755,0.0,True
560552,Kevin,FUL,MID,5.5,0.1,a,,,,3.0,,1030.0,9.0,49.0,4.281553398058253,0.10572815533980583,0.12844660194174756,0.23417475728155338,1.2731067961165048,0.0,15.990291262135923,0.08737864077669903,0.0,5.7,54.0,26.0,0.0,0.0,7.514563106796117,0.0,True
477555,Bobb,FUL,MID,5.5,0.3,a,,,,2.0,,1030.0,11.0,42.0,3.6699029126213594,0.12844660194174756,0.18349514563106797,0.31194174757281556,1.1105825242718448,0.0,15.902912621359222,0.08737864077669903,0.0,5.1,54.0,23.0,0.0,0.0,6.640776699029126,0.0,True
207189,Berge,FUL,MID,5.0,0.4,a,,,,,,2904.0,34.0,91.0,2.8202479338842976,0.04772727272727273,0.04648760330578513,0.09421487603305785,1.3354338842975209,3.0,15.588842975206612,0.15495867768595042,0.0,4.9,54.0,35.0,5.0,0.1428571428571428,8.677685950413224,0.3099173553719008,True
76357,Cairney,FUL,MID,5.0,0.0,i,Knee injury - Expected back 10 Oct,0.0,,,,756.0,6.0,41.0,4.8809523809523805,0.14404761904761904,0.09642857142857143,0.24047619047619045,1.3892857142857142,1.0,21.547619047619047,0.35714285714285715,0.0,4.8,54.0,24.0,0.0,0.0,7.261904761904762,0.0,True
577725,King,FUL,MID,5.5,0.2,a,,,,,,1290.0,15.0,63.0,4.395348837209302,0.17232558139534884,0.046046511627906975,0.21837209302325583,1.323488372093023,3.0,15.69767441860465,0.27906976744186046,0.0,4.4,54.0,32.0,0.0,0.0,7.465116279069767,0.0,True
184349,Sessegnon,FUL,DEF,4.5,0.4,a,,,,,,1816.0,20.0,95.0,4.708149779735683,0.07929515418502203,0.08920704845814978,0.16850220264317184,1.3049008810572686,8.0,16.453744493392072,0.0,0.0,5.4,54.0,27.0,5.0,0.1851851851851851,10.80396475770925,0.4955947136563877,True
153366,Reed,FUL,MID,4.5,1.2,a,,,,,,89.0,1.0,15.0,15.168539325842696,0.13146067415730336,0.4550561797752809,0.5865168539325843,3.4685393258426966,2.0,48.53932584269663,0.0,0.0,4.3,54.0,7.0,0.0,0.0,6.067415730337078,0.0,True
244042,Muniz,FUL,FWD,5.5,0.6,a,,,,,,987.0,10.0,36.0,3.282674772036474,0.3009118541033434,0.013677811550151976,0.3145896656534954,1.2610942249240122,3.0,8.571428571428571,0.182370820668693,0.0,5.3,54.0,21.0,0.0,0.0,4.741641337386018,0.0,True
631786,Kusi-Asare,FUL,FWD,4.5,7.2,a,,,,,,49.0,0.0,6.0,11.020408163265307,0.0,0.1285714285714286,0.1285714285714286,2.0204081632653064,0.0,34.89795918367347,1.8367346938775513,0.0,4.5,54.0,7.0,0.0,0.0,9.183673469387756,0.0,True
551466,Gonzalo,FUL,FWD,6.0,2.0,a,,,1.0,,,,,,,,,,,,,,,,,,,,,,False
571779,Palacios,FUL,MID,5.5,0.2,a,,,,,,,,,,,,,,,,,,,,,,,,,False
463210,Charles,FUL,MID,5.0,0.1,a,,,,,,,,,,,,,,,,,,,,,,,,,False
167825,Phillips,HUL,GKP,4.0,1.8,a,,,,,,,,,,,,,,,,,,,,,,,,,False
105666,Butland,HUL,GKP,4.5,0.3,i,Arm injury - Unknown return date,0.0,,,,,,,,,,,,,,,,,,,,,,,False
494950,Cartwright,HUL,GKP,4.0,0.0,u,Has joined Grimsby Town on loan for the rest of the season,0.0,,,,,,,,,,,,,,,,,,,,,,,False
444307,Lo-Tutala,HUL,GKP,4.0,0.1,u,Has joined Colchester United on loan for the rest of the season,0.0,,,,,,,,,,,,,,,,,,,,,,,False
108416,Egan,HUL,DEF,4.0,1.8,a,,,,,,,,,,,,,,,,,,,,,,,,,False
501902,Hughes,HUL,DEF,4.0,0.3,i,Groin injury - Unknown return date,0.0,,,,,,,,,,,,,,,,,,,,,,,False
146426,Ajayi,HUL,DEF,4.0,0.9,a,,,,,,,,,,,,,,,,,,,,,,,,,False
193278,Coyle,HUL,DEF,4.0,0.6,a,,,,,,,,,,,,,,,,,,,,,,,,,False
433590,Drameh,HUL,DEF,4.0,0.0,i,Hamstring injury - Expected back 29 Aug,0.0,,,,,,,,,,,,,,,,,,,,,,,False
232351,Giles,HUL,DEF,4.0,0.8,a,,,,1.0,1.0,,,,,,,,,,,,,,,,,,,,False
449428,Jacob,HUL,DEF,4.0,0.0,d,Hip injury - 75% chance of playing,75.0,,,,,,,,,,,,,,,,,,,,,,,False
661800,McCarthy,HUL,DEF,4.0,0.1,a,,,,,,,,,,,,,,,,,,,,,,,,,False
160817,McNair,HUL,DEF,4.0,0.1,a,,,,,,,,,,,,,,,,,,,,,,,,,False
540324,Belloumi,HUL,MID,5.0,0.5,a,,,,3.0,2.0,,,,,,,,,,,,,,,,,,,,False
232905,Millar,HUL,MID,5.0,0.1,a,,,,,,,,,,,,,,,,,,,,,,,,,False
171270,Dowell,HUL,MID,4.5,0.4,a,,,,,,,,,,,,,,,,,,,,,,,,,False
101282,Crooks,HUL,MID,4.5,0.6,a,,,,,,,,,,,,,,,,,,,,,,,,,False
243413,Slater,HUL,MID,4.5,2.5,a,,,,2.0,,,,,,,,,,,,,,,,,,,,,False
465525,Matazo,HUL,MID,4.5,0.0,i,Knee injury - Unknown return date,0.0,,,,,,,,,,,,,,,,,,,,,,,False
208481,Ömür,HUL,MID,5.0,0.0,a,,,,,,,,,,,,,,,,,,,,,,,,,False
490161,Kamara,HUL,MID,5.0,0.0,u,Has joined Portsmouth permanently,0.0,,,,,,,,,,,,,,,,,,,,,,,False
553783,Zambrano,HUL,MID,4.5,0.2,i,Thigh injury - Unknown return date,0.0,,,,,,,,,,,,,,,,,,,,,,,False
169432,McBurnie,HUL,FWD,5.5,1.5,a,,,1.0,,,,,,,,,,,,,,,,,,,,,,False
213292,Akintola,HUL,MID,5.0,0.0,a,,,,,,,,,,,,,,,,,,,,,,,,,False
470294,Gyabi,HUL,MID,4.5,0.1,i,Thigh injury - Unknown return date,0.0,,,,0.0,0.0,0.0,0.0,0.0,0.0,0.0,0.0,0.0,0.0,0.0,0.0,4.5,2.0,,,,,,False
500957,Destan,HUL,FWD,4.5,1.5,u,Has joined Konyaspor permanently,0.0,,,,,,,,,,,,,,,,,,,,,,,False
534392,Burstow,HUL,FWD,4.5,0.2,u,Has joined Sheffield Wednesday on loan for the rest of the season,0.0,,,,,,,,,,,,,,,,,,,,,,,False
462635,Gelhardt,HUL,MID,5.0,0.0,i,Ankle injury - Expected back 5 Sep,0.0,,,,0.0,0.0,0.0,0.0,0.0,0.0,0.0,0.0,0.0,0.0,0.0,0.0,4.5,2.0,,,,,,False
169359,Targett,HUL,DEF,4.0,2.8,a,,,,,,0.0,0.0,0.0,0.0,0.0,0.0,0.0,0.0,0.0,0.0,0.0,0.0,4.0,4.0,,,,,,False
445028,Morita,HUL,MID,5.0,0.0,d,Calf injury - 50% chance of playing,50.0,,,,,,,,,,,,,,,,,,,,,,,False
473284,Tzolakis,HUL,GKP,4.5,0.5,a,,,,,,,,,,,,,,,,,,,,,,,,,False
552946,Hjertø-Dahl,HUL,MID,5.0,0.1,a,,,,,,,,,,,,,,,,,,,,,,,,,False
608227,Stroud,HUL,MID,5.0,0.1,a,,,,,,,,,,,,,,,,,,,,,,,,,False
597462,Herrington,HUL,DEF,4.0,0.4,a,,,,,,,,,,,,,,,,,,,,,,,,,False
606930,Mendy,HUL,DEF,4.0,0.6,a,,,,,,,,,,,,,,,,,,,,,,,,,False
469266,Gourna-Douath,HUL,MID,5.0,0.0,a,,,,,,,,,,,,,,,,,,,,,,,,,False
219924,Diop,IPS,DEF,4.0,18.1,a,,,,,,812.0,8.0,31.0,3.435960591133005,0.08866995073891626,0.005541871921182266,0.09421182266009853,1.376600985221675,3.0,11.416256157635468,0.22167487684729065,0.0,4.3,54.0,13.0,1.0,0.0769230769230769,7.536945812807882,0.2216748768472906,True
212314,Lukić,IPS,MID,5.0,0.1,a,,,,4.0,,1730.0,20.0,67.0,3.485549132947977,0.11601156069364162,0.09936416184971099,0.2153757225433526,1.4379190751445088,4.0,16.335260115606935,0.4682080924855492,0.0,4.9,54.0,26.0,3.0,0.1153846153846153,9.520231213872831,0.3121387283236994,True
108813,Walton,IPS,GKP,4.5,0.6,a,,,,,,,,,,,,,,,,,,,,,,,,,False
112520,Palmer,IPS,GKP,4.0,5.2,a,,,,,,,,,,,,,,,,,,,,,,,,,False
50093,Button,IPS,GKP,4.0,0.5,a,,,,,,,,,,,,,,,,,,,,,,,,,False
183015,Kipré,IPS,DEF,4.0,0.6,a,,,,,,,,,,,,,,,,,,,,,,,,,False
216616,O'Shea,IPS,DEF,4.0,3.1,a,,,,,,,,,,,,,,,,,,,,,,,,,False
455084,Davis,IPS,DEF,4.0,5.2,a,,,,2.0,2.0,,,,,,,,,,,,,,,,,,,,False
449429,Greaves,IPS,DEF,4.0,1.0,a,,,,,,,,,,,,,,,,,,,,,,,,,False
222018,Johnson,IPS,DEF,4.0,0.1,a,,,,,,,,,,,,,,,,,,,,,,,,,False
176420,Furlong,IPS,DEF,4.0,0.6,a,,,,,,,,,,,,,,,,,,,,,,,,,False
501390,Núñez,IPS,MID,5.0,0.1,a,,,,1.0,1.0,,,,,,,,,,,,,,,,,,,,False
241117,Matusiwa,IPS,MID,5.0,0.0,i,Muscular injury - Unknown return date,0.0,,,,,,,,,,,,,,,,,,,,,,,False
149929,Burns,IPS,MID,5.0,0.0,u,Has joined Leicester City permanently,0.0,,,,,,,,,,,,,,,,,,,,,,,False
231899,Taylor,IPS,MID,4.5,0.1,i,Knee injury - Unknown return date,0.0,,,,,,,,,,,,,,,,,,,,,,,False
443261,Clarke,IPS,MID,5.5,0.3,a,,,1.0,3.0,3.0,,,,,,,,,,,,,,,,,,,,False
229164,Ogbene,IPS,MID,5.0,0.0,a,,,,,,,,,,,,,,,,,,,,,,,,,False
531442,Fatawu,IPS,MID,5.5,0.3,a,,,,,,,,,,,,,,,,,,,,,,,,,False
543968,Emersonn,IPS,FWD,5.5,0.4,a,,,2.0,,,,,,,,,,,,,,,,,,,,,,False
222625,Hirst,IPS,FWD,5.0,0.4,a,,,3.0,,,,,,,,,,,,,,,,,,,,,,False
481624,Philogene,IPS,MID,5.5,0.2,a,,,4.0,5.0,,,,,,,,,,,,,,,,,,,,,False
172453,Szmodics,IPS,MID,5.0,0.0,u,Has joined Derby County on loan for the rest of the season,0.0,,,,,,,,,,,,,,,,,,,,,,,False
147675,Akpom,IPS,FWD,5.0,0.5,a,,,,,,,,,,,,,,,,,,,,,,,,,False
557012,Walle Egeli,IPS,FWD,4.5,2.1,a,,,,,,,,,,,,,,,,,,,,,,,,,False
462387,Al-Hamadi,IPS,FWD,5.0,0.1,a,,,,,,,,,,,,,,,,,,,,,,,,,False
461587,McAteer,IPS,MID,4.5,1.4,a,,,,,,,,,,,,,,,,,,,,,,,,,False
232457,Mehmeti,IPS,MID,5.0,0.1,a,,,,,,,,,,,,,,,,,,,,,,,,,False
546600,Van Oevelen,IPS,GKP,4.5,0.0,a,,,,,,,,,,,,,,,,,,,,,,,,,False
442967,Maeda,IPS,MID,5.5,0.4,a,,,,,,,,,,,,,,,,,,,,,,,,,False
240514,Scherpen,IPS,GKP,4.5,0.5,a,,,,,,0.0,0.0,0.0,0.0,0.0,0.0,0.0,0.0,0.0,0.0,0.0,0.0,4.0,36.0,,,,,,False
216055,Florentino,IPS,MID,5.0,0.1,a,,,,,,2100.0,25.0,84.0,3.6,0.02742857142857143,0.022285714285714287,0.049714285714285725,1.9825714285714287,0.0,15.3,0.2571428571428572,0.0,5.0,90.0,31.0,14.0,0.4516129032258064,13.414285714285716,1.2,True
474120,Enciso,IPS,MID,5.5,0.0,a,,,,,,0.0,0.0,0.0,0.0,0.0,0.0,0.0,0.0,0.0,0.0,0.0,0.0,5.4,36.0,,,,,,False
572584,Ouattara,IPS,DEF,4.0,0.1,a,,,,,,,,,,,,,,,,,,,,,,,,,False
153682,Wilson,LEE,MID,6.5,7.2,a,,,,2.0,,2674.0,32.0,168.0,5.654450261780105,0.19790575916230366,0.16054599850411366,0.3584517576664173,1.351009723261032,21.0,21.43979057591623,0.2356020942408377,0.0,5.8,54.0,36.0,1.0,0.0277777777777777,5.957367240089753,0.0673148840688107,True
201595,Perri,LEE,GKP,4.5,0.6,a,,,,,,1440.0,16.0,43.0,2.6875,0.0,0.0,0.0,1.6675,3.0,9.5625,0.125,2.375,4.4,2.0,,,,,,True
434752,Bijol,LEE,DEF,5.0,0.3,a,,,,,,1888.0,21.0,99.0,4.719279661016949,0.04290254237288136,0.0357521186440678,0.07865466101694915,1.500635593220339,6.0,15.397245762711865,0.1906779661016949,0.0,3.9,2.0,25.0,11.0,0.44,10.963983050847457,1.048728813559322,True
214225,Rodon,LEE,DEF,4.5,2.7,a,,,,,,2952.0,33.0,109.0,3.3231707317073176,0.042682926829268296,0.017073170731707322,0.059756097560975614,1.479878048780488,5.0,11.371951219512196,0.09146341463414635,0.0,3.9,2.0,35.0,15.0,0.4285714285714285,9.207317073170731,0.9146341463414634,True
226182,Bogle,LEE,DEF,4.5,0.5,a,,,,,,2795.0,32.0,96.0,3.0912343470483004,0.06697674418604652,0.10014311270125223,0.16711985688729872,1.2857602862254025,1.0,10.014311270125223,0.19320214669051877,0.0,4.4,2.0,34.0,7.0,0.2058823529411764,7.148479427549194,0.4508050089445438,True
243526,Gudmundsson,LEE,DEF,4.5,0.1,i,Hamstring injury - Expected back 30 Aug,0.0,,,,2637.0,31.0,68.0,2.3208191126279862,0.03754266211604096,0.09863481228668942,0.13617747440273037,1.4013651877133106,8.0,9.761092150170649,0.13651877133105803,0.0,3.8,2.0,32.0,5.0,0.15625,7.474402730375426,0.341296928327645,True
220627,Justin,LEE,DEF,4.5,0.6,a,,,,,,1893.0,21.0,94.0,4.469096671949287,0.08700475435816164,0.055150554675118854,0.1421553090332805,1.569413629160063,9.0,16.069730586370838,0.19017432646592708,0.0,4.0,2.0,29.0,5.0,0.1724137931034483,9.033280507131536,0.4754358161648177,True
437738,Bornauw,LEE,DEF,4.5,0.0,a,,,,,,429.0,5.0,25.0,5.244755244755245,0.04195804195804196,0.002097902097902098,0.04405594405594406,1.8272727272727274,0.0,15.314685314685315,0.2097902097902098,0.0,3.8,2.0,12.0,1.0,0.0833333333333333,10.27972027972028,0.4195804195804196,True
522047,Muharemović,LEE,DEF,5.0,2.6,a,,,,,,,,,,,,,,,,,,,,,,,,,False
466525,Stach,LEE,MID,6.0,1.0,a,,,,1.0,1.0,2369.0,28.0,137.0,5.204727733220768,0.10941325453777964,0.16981848881384548,0.27923174335162515,1.2935837906289571,14.0,20.894892359645418,0.11397214014352047,0.0,4.8,2.0,29.0,10.0,0.3448275862068966,10.105529759392148,0.7598142676234698,True
435997,Okafor,LEE,MID,6.0,0.6,a,,,,,,1553.0,19.0,109.0,6.31680618158403,0.3042498390212492,0.07649710238248551,0.3807469414037347,1.4221506761107532,11.0,20.51513200257566,0.17385705086928524,0.0,5.5,2.0,28.0,0.0,0.0,6.548615582743078,0.0,True
427637,Aaronson,LEE,MID,5.5,0.9,a,,,,,3.0,2449.0,30.0,126.0,4.6304614128215595,0.16647611269906085,0.1322988975091874,0.29877501020824826,1.3623111474071048,5.0,16.39036341363822,0.11024908125765619,0.0,5.4,2.0,37.0,3.0,0.081081081081081,7.937933850551245,0.2204981625153123,True
199598,Ampadu,LEE,MID,5.5,1.5,a,,,,,,3119.0,35.0,134.0,3.8666239179224107,0.07127284386021161,0.06348188521962167,0.13475472907983327,1.404103879448541,11.0,16.90926579031741,0.28855402372555305,0.0,4.9,2.0,35.0,19.0,0.5428571428571428,12.003847386983006,1.0965052901571015,True
180135,Longstaff,LEE,MID,5.0,0.2,a,,,,3.0,2.0,1003.0,10.0,56.0,5.024925224327019,0.11036889332003988,0.16779661016949154,0.27816550348953145,1.4249252243270192,5.0,24.49651046859422,0.1794616151545364,0.0,4.8,2.0,23.0,2.0,0.0869565217391304,9.870388833499502,0.3589232303090728,True
492859,Gnonto,LEE,MID,5.0,0.1,d,Hamstring injury - 25% chance of playing,25.0,,,,521.0,4.0,32.0,5.527831094049904,0.0690978886756238,0.13301343570057583,0.2021113243761996,2.0712092130518234,0.0,23.147792706333973,0.5182341650671786,0.0,5.1,2.0,23.0,0.0,0.0,10.191938579654511,0.0,True
221399,Harrison,LEE,MID,5.0,0.0,u,Has joined New England Revolution permanently,0.0,,,,262.0,1.0,12.0,4.122137404580153,0.09618320610687024,0.07900763358778627,0.17519083969465649,1.3122137404580152,0.0,17.51908396946565,0.0,0.0,5.1,2.0,11.0,0.0,0.0,8.244274809160306,0.0,True
200617,James,LEE,MID,5.0,0.1,a,,,,,,547.0,6.0,23.0,3.784277879341865,0.1497257769652651,0.11681901279707495,0.2665447897623401,2.3676416819012798,0.0,15.30164533820841,0.0,0.0,5.2,2.0,19.0,0.0,0.0,5.758683729433272,0.0,True
486520,Gruev,LEE,MID,5.0,0.0,i,Knee injury - Unknown return date,0.0,,,,1318.0,15.0,56.0,3.8239757207890746,0.0334597875569044,0.05872534142640364,0.09218512898330805,1.7255690440060698,3.0,16.7298937784522,0.20485584218512898,0.0,4.7,2.0,23.0,1.0,0.0434782608695652,7.784522003034902,0.1365705614567526,True
248056,Tanaka,LEE,MID,5.0,0.3,a,,,,4.0,,1307.0,14.0,67.0,4.613618974751339,0.0991583779648049,0.09571537872991583,0.19487375669472073,1.4798010711553173,4.0,19.83167559296098,0.06885998469778118,0.0,4.8,2.0,28.0,4.0,0.1428571428571428,10.122417750573833,0.5508798775822494,True
177815,Calvert-Lewin,LEE,FWD,6.0,27.8,a,,,1.0,,,2721.0,30.0,142.0,4.696802646085998,0.514994487320838,0.0350606394707828,0.5500551267916207,1.1821389195148844,20.0,15.611907386990076,0.09922822491730982,0.0,5.8,2.0,35.0,0.0,0.0,3.472987872105844,0.0,True
174594,Nmecha,LEE,FWD,5.5,0.6,a,,,2.0,,,1065.0,10.0,73.0,6.169014084507042,0.6126760563380281,0.13352112676056338,0.7461971830985915,1.8456338028169013,8.0,22.64788732394366,0.0,0.0,5.0,2.0,31.0,0.0,0.0,4.816901408450704,0.0,True
235826,Piroe,LEE,FWD,5.0,0.5,a,,,3.0,,,244.0,2.0,17.0,6.270491803278688,0.3319672131147541,0.04795081967213115,0.37991803278688524,2.511885245901639,0.0,15.491803278688524,0.0,0.0,4.9,2.0,16.0,0.0,0.0,5.163934426229508,0.0,True
565297,Mateo Joseph,LEE,FWD,4.5,0.1,i,Knee injury - Unknown return date,0.0,,,,0.0,0.0,0.0,0.0,0.0,0.0,0.0,0.0,0.0,0.0,0.0,0.0,5.0,2.0,,,,,,False
432720,Trafford,LEE,GKP,5.0,2.9,a,,,,,,360.0,4.0,13.0,3.25,0.0,0.0,0.0,1.435,0.0,16.75,0.0,3.5,4.5,43.0,,,,,,True
116535,A.Becker,LIV,GKP,5.5,3.8,a,,,,,,2340.0,26.0,91.0,3.5,0.0,0.0011538461538461537,0.0011538461538461537,1.1376923076923076,8.0,14.961538461538462,0.038461538461538464,2.1923076923076925,5.4,14.0,,,,,,True
449027,Mamardashvili,LIV,GKP,5.0,0.2,a,,,,,,867.0,10.0,34.0,3.5294117647058827,0.0,0.0,0.0,1.3795847750865051,2.0,14.429065743944637,0.0,3.5294117647058827,4.1,14.0,,,,,,True
155503,Woodman,LIV,GKP,4.0,1.1,a,,,,,,212.0,2.0,6.0,2.547169811320755,0.0,0.0,0.0,2.020754716981132,0.0,14.433962264150942,0.0,3.820754716981132,3.9,14.0,,,,,,True
586268,Pecsi,LIV,GKP,4.0,0.1,u,Has joined TSV Hartberg on loan for the rest of the season,0.0,,,,0.0,0.0,0.0,0.0,0.0,0.0,0.0,0.0,0.0,0.0,0.0,0.0,3.8,14.0,,,,,,False
432987,Jaros,LIV,GKP,4.0,0.0,i,Knee injury - Unknown return date,0.0,,,,,,,,,,,,,,,,,,,,,,,False
464353,Davies,LIV,GKP,4.0,0.1,a,,,,,,,,,,,,,,,,,,,,,,,,,False
97032,Virgil,LIV,DEF,6.5,18.1,a,,,,,,3420.0,38.0,175.0,4.605263157894737,0.09921052631578947,0.03789473684210526,0.13710526315789473,1.253421052631579,10.0,15.605263157894736,0.10526315789473684,0.0,6.1,14.0,38.0,19.0,0.5,9.921052631578949,1.0,True
216094,Frimpong,LIV,DEF,5.5,3.3,a,,,,,,1032.0,12.0,63.0,5.4941860465116275,0.0436046511627907,0.13517441860465115,0.17877906976744184,1.1311046511627907,1.0,20.66860465116279,0.0872093023255814,0.0,5.7,14.0,21.0,0.0,0.0,2.877906976744186,0.0,True
544877,Kerkez,LIV,DEF,5.5,4.3,a,,,,,,2251.0,27.0,85.0,3.3984895601954683,0.059973345179920035,0.027587738782763212,0.08756108396268325,1.2034651266103953,4.0,14.273656152820967,0.15992892047978674,0.0,5.6,14.0,34.0,4.0,0.1176470588235294,6.39715681919147,0.3198578409595735,True
171287,Gomez,LIV,DEF,5.0,0.0,i,Muscular injury - Unknown return date,0.0,,,,594.0,7.0,33.0,5.0,0.042424242424242434,0.09696969696969698,0.1393939393939394,1.4106060606060609,2.0,14.242424242424244,0.6060606060606061,0.0,4.9,14.0,21.0,0.0,0.0,6.96969696969697,0.0,True
492777,Bradley,LIV,DEF,5.0,0.0,i,Knee injury - Unknown return date,0.0,,,,928.0,12.0,42.0,4.073275862068965,0.017456896551724135,0.0814655172413793,0.09892241379310344,1.0445043103448275,2.0,15.226293103448274,0.48491379310344823,0.0,4.9,14.0,15.0,1.0,0.0666666666666666,7.952586206896552,0.1939655172413793,True
519440,Lucky,LIV,DEF,4.0,0.1,a,,,,,,0.0,0.0,0.0,0.0,0.0,0.0,0.0,0.0,0.0,0.0,0.0,0.0,4.0,14.0,,,,,,False
606702,Jacquet,LIV,DEF,5.0,2.3,a,,100.0,,,,,,,,,,,,,,,,,,,,,,,False
647681,Leoni,LIV,DEF,4.0,0.1,i,Knee injury - Unknown return date,0.0,,,,0.0,0.0,0.0,0.0,0.0,0.0,0.0,0.0,0.0,0.0,0.0,0.0,4.9,14.0,,,,,,False
214285,Tsimikas,LIV,DEF,5.0,0.1,a,,,,,,0.0,0.0,0.0,0.0,0.0,0.0,0.0,0.0,0.0,0.0,0.0,0.0,4.8,14.0,,,,,,False
489580,Ramsay,LIV,DEF,4.0,0.2,a,,,,,,0.0,0.0,0.0,0.0,0.0,0.0,0.0,0.0,0.0,0.0,0.0,0.0,3.7,14.0,,,,,,False
494595,Wirtz,LIV,MID,7.5,14.6,a,,,4.0,3.0,2.0,2374.0,27.0,125.0,4.7388374052232525,0.2589300758213985,0.19486099410278013,0.45379106992417856,1.2885846672283068,17.0,19.751474304970515,0.037910699241786014,0.0,8.3,14.0,33.0,1.0,0.0303030303030303,6.672283066554339,0.075821398483572,True
243298,Gakpo,LIV,MID,7.0,3.7,a,,,3.0,2.0,,2736.0,32.0,131.0,4.309210526315789,0.2746710526315789,0.15361842105263157,0.42828947368421055,1.1493421052631578,5.0,14.769736842105264,0.09868421052631579,0.0,7.3,14.0,36.0,1.0,0.0277777777777777,5.0,0.0657894736842105,True
424876,Szoboszlai,LIV,MID,7.0,41.3,a,,,2.0,1.0,1.0,3232.0,36.0,160.0,4.455445544554456,0.13254950495049506,0.1901918316831683,0.32274133663366333,1.2706373762376237,21.0,21.72029702970297,0.22277227722772278,0.0,7.1,14.0,36.0,10.0,0.2777777777777778,9.412128712871286,0.556930693069307,True
611922,Ngumoha,LIV,MID,6.0,1.2,a,,,,,,547.0,5.0,43.0,7.074954296160878,0.2204753199268739,0.3307129798903108,0.5511882998171846,1.4676416819012799,4.0,30.93235831809872,0.0,0.0,4.3,14.0,19.0,0.0,0.0,4.93601462522852,0.0,True
223541,Chiesa,LIV,MID,5.5,0.2,a,,,,,,317.0,1.0,37.0,10.504731861198739,0.4116719242902208,0.17318611987381705,0.5848580441640379,1.8454258675078865,0.0,38.32807570977918,0.8517350157728707,0.0,6.3,14.0,26.0,0.0,0.0,8.517350157728707,0.0,True
441266,Gravenberch,LIV,MID,6.0,1.9,a,,,,,,2991.0,34.0,144.0,4.332998996990972,0.05687061183550651,0.06800401203610831,0.12487462387161483,1.155767301905717,17.0,20.190571715145435,0.15045135406218654,0.0,5.4,14.0,36.0,7.0,0.1944444444444444,8.966900702106319,0.4212637913741223,True
243016,Mac Allister,LIV,MID,5.5,1.8,a,,,5.0,,,2654.0,31.0,108.0,3.6623963828183874,0.13191409193669934,0.05730972117558403,0.18922381311228337,1.253692539562924,9.0,16.6164280331575,0.23737754333082142,0.0,6.1,14.0,37.0,4.0,0.1081081081081081,7.765636774679729,0.2712886209495102,True
206915,C.Jones,LIV,MID,5.5,0.1,d,Hip injury - 75% chance of playing,75.0,,,,1923.0,18.0,81.0,3.7909516380655224,0.10343213728549142,0.12964118564742588,0.23307332293291733,1.4714508580343213,6.0,20.920436817472698,0.093603744149766,0.0,5.4,14.0,34.0,4.0,0.1176470588235294,11.09204368174727,0.374414976599064,True
158983,Endo,LIV,MID,5.0,0.0,a,,100.0,,,,170.0,1.0,12.0,6.352941176470589,0.021176470588235297,0.02647058823529412,0.04764705882352941,2.175882352941177,0.0,25.941176470588236,0.5294117647058824,0.0,4.9,14.0,8.0,0.0,0.0,12.176470588235295,0.0,True
591386,Nyoni,LIV,MID,5.0,0.0,a,,,,,,21.0,0.0,6.0,12.0,0.74,0.04,0.78,1.7,0.0,22.0,0.0,0.0,4.3,14.0,6.0,0.0,0.0,25.714285714285715,0.0,True
535928,Bajcetic,LIV,MID,5.0,0.0,i,Hamstring injury - Expected back 23 Aug,0.0,,,,0.0,0.0,0.0,0.0,0.0,0.0,0.0,0.0,0.0,0.0,0.0,0.0,4.2,14.0,,,,,,False
551499,Munoz,LIV,MID,6.5,0.7,a,,,,,,,,,,,,,,,,,,,,,,,,,False
491501,McConnell,LIV,MID,4.5,0.2,a,,,,,,0.0,0.0,0.0,0.0,0.0,0.0,0.0,0.0,0.0,0.0,0.0,0.0,4.4,14.0,,,,,,False
219168,Isak,LIV,FWD,9.0,15.5,a,,,1.0,,,694.0,8.0,41.0,5.31700288184438,0.335878962536023,0.01037463976945245,0.34625360230547547,1.0867435158501442,4.0,18.155619596541786,0.0,0.0,10.3,14.0,14.0,0.0,0.0,3.890489913544669,0.0,True
510663,Ekitiké,LIV,FWD,7.5,0.2,i,Achilles injury - Unknown return date,0.0,,,,1797.0,21.0,125.0,6.2604340567612695,0.5058430717863105,0.12270450751252089,0.6285475792988314,1.3076794657762938,22.0,21.686143572621038,0.0,0.0,9.0,14.0,28.0,0.0,0.0,4.257095158597664,0.0,True
514514,Koumas,LIV,MID,5.0,0.0,a,,,,,,,,,,,,,,,,,,,,,,,,,False
500058,Danns,LIV,FWD,4.5,0.0,i,Unspecified injury - Unknown return date,0.0,,,,0.0,0.0,0.0,0.0,0.0,0.0,0.0,0.0,0.0,0.0,0.0,0.0,4.3,14.0,,,,,,False
444884,Elliott,LIV,MID,5.5,0.1,a,,,,,,110.0,1.0,5.0,4.090909090909091,0.23727272727272725,0.06545454545454545,0.3027272727272727,1.4236363636363636,0.0,13.909090909090908,0.0,0.0,5.1,7.0,5.0,0.0,0.0,4.909090909090908,0.0,True
445087,Araujo,LIV,DEF,5.5,1.6,a,,,,,,,,,,,,,,,,,,,,,,,,,False
114283,Grealish,MCI,MID,6.5,0.1,a,,100.0,,,,1627.0,18.0,79.0,4.370006146281499,0.11339889366933004,0.18641671788567915,0.2998156115550092,1.427719729563614,12.0,19.692685925015365,0.16594960049170251,0.0,6.3,11.0,20.0,0.0,0.0,7.467732022126612,0.0,True
204936,Donnarumma,MCI,GKP,5.5,9.5,a,,,,,,3060.0,34.0,135.0,3.9705882352941178,0.0,0.003823529411764706,0.003823529411764706,1.1323529411764706,5.0,16.676470588235293,0.23529411764705882,2.2941176470588234,5.6,43.0,,,,,,True
122074,Bettinelli,MCI,GKP,4.5,0.0,a,,,,,,0.0,0.0,0.0,0.0,0.0,0.0,0.0,0.0,0.0,0.0,0.0,0.0,3.8,43.0,,,,,,False
472769,O'Reilly,MCI,DEF,6.5,21.5,a,,,,,,2643.0,29.0,160.0,5.448354143019296,0.20839954597048807,0.0909194097616345,0.2993189557321225,1.1908059023836548,10.0,19.30760499432463,0.170261066969353,0.0,5.3,43.0,34.0,5.0,0.1470588235294117,6.606129398410896,0.340522133938706,True
209036,Guéhi,MCI,DEF,6.0,19.8,a,,,,,,3150.0,35.0,179.0,5.114285714285714,0.11571428571428571,0.06771428571428571,0.1834285714285714,1.2737142857142856,14.0,19.65714285714286,0.17142857142857143,0.0,5.1,43.0,35.0,14.0,0.4,8.942857142857143,0.8,True
465351,Matheus N.,MCI,DEF,6.0,2.8,d,Knock - 75% chance of playing,75.0,5.0,,,2861.0,32.0,154.0,4.844459979028312,0.01069556099265991,0.07015029709891646,0.08084585809157636,1.0975533030408948,16.0,21.26529185599441,0.15728766165676336,0.0,5.3,43.0,34.0,8.0,0.2352941176470588,7.266689968542468,0.5033205173016428,True
171314,Rúben,MCI,DEF,5.5,1.6,a,,,,,,2139.0,24.0,113.0,4.754558204768584,0.023983169705469844,0.027349228611500704,0.05133239831697055,1.096914446002805,4.0,19.060308555399722,0.12622720897615708,0.0,5.5,43.0,26.0,8.0,0.3076923076923077,8.036465638148668,0.6732117812061711,True
477424,Gvardiol,MCI,DEF,5.5,11.8,a,,,,,,1370.0,16.0,79.0,5.189781021897811,0.1478102189781022,0.04598540145985401,0.19379562043795623,1.0543795620437957,5.0,19.905109489051096,0.13138686131386862,0.0,5.8,43.0,18.0,3.0,0.1666666666666666,7.817518248175183,0.3941605839416058,True
448514,Aït-Nouri,MCI,DEF,5.5,1.0,a,,,,,,971.0,12.0,60.0,5.561277033985582,0.049124613800205975,0.18630278063851696,0.23542739443872296,1.135427394438723,9.0,21.96704428424305,0.1853759011328527,0.0,5.7,43.0,17.0,2.0,0.1176470588235294,6.951596292481977,0.3707518022657054,True
578153,Khusanov,MCI,DEF,5.5,1.8,a,,,,,,1427.0,15.0,67.0,4.225648213034337,0.04099509460406447,0.07631394533987386,0.11730903994393832,1.3175192711983181,3.0,18.479327259985983,0.12613875262789068,0.0,5.4,43.0,21.0,5.0,0.238095238095238,8.325157673440785,0.6306937631394534,True
494307,Alleyne,MCI,DEF,5.0,0.0,u,Has joined Burnley on loan for the rest of the season,0.0,,,,135.0,2.0,5.0,3.3333333333333335,0.17333333333333334,0.04,0.21333333333333335,1.0266666666666666,0.0,18.0,0.0,0.0,3.9,43.0,2.0,1.0,0.5,7.333333333333333,1.3333333333333333,True
477064,Lewis,MCI,DEF,4.5,0.2,a,,,,,,401.0,4.0,19.0,4.2643391521197005,0.042643391521197005,0.31197007481296757,0.3546134663341645,1.5284289276807979,2.0,16.159600997506235,0.44887780548628425,0.0,4.6,43.0,11.0,1.0,0.0909090909090909,5.386533665835412,0.4488778054862842,True
616222,Vitor Reis,MCI,DEF,4.5,0.0,a,,,,,,0.0,0.0,0.0,0.0,0.0,0.0,0.0,0.0,0.0,0.0,0.0,0.0,5.0,43.0,,,,,,False
437730,Semenyo,MCI,MID,8.5,26.5,a,,,3.0,,,3200.0,37.0,202.0,5.6812499999999995,0.31218749999999995,0.08775,0.39993749999999995,1.34071875,18.0,19.068749999999998,0.196875,0.0,8.0,43.0,37.0,3.0,0.081081081081081,6.637499999999999,0.1687499999999999,True
209244,Foden,MCI,MID,7.0,4.7,a,,,,3.0,3.0,2078.0,23.0,131.0,5.673724735322425,0.2611645813282002,0.20615976900866217,0.4673243503368623,1.185851780558229,13.0,24.38402309913378,0.17324350336862368,0.0,8.0,43.0,33.0,3.0,0.0909090909090909,6.929740134744947,0.2598652550529355,True
466052,Cherki,MCI,MID,7.5,7.9,a,,,,1.0,1.0,1772.0,19.0,135.0,6.856659142212189,0.21738148984198646,0.4505079006772008,0.6678893905191873,1.281433408577878,16.0,29.458239277652368,0.05079006772009029,0.0,6.5,43.0,33.0,2.0,0.0606060606060606,6.856659142212189,0.2031602708803611,True
248875,Doku,MCI,MID,7.5,5.9,d,Calf injury - 75% chance of playing,75.0,4.0,,,1773.0,19.0,120.0,6.091370558375635,0.14568527918781726,0.2974619289340102,0.44314720812182745,1.1776649746192893,15.0,26.700507614213198,0.0,0.0,6.5,43.0,30.0,0.0,0.0,6.395939086294416,0.0,True
438234,Marmoush,MCI,FWD,7.0,0.8,a,,,2.0,,2.0,691.0,8.0,56.0,7.293777134587554,0.36208393632416785,0.10028943560057887,0.4623733719247467,1.031548480463097,5.0,23.70477568740955,0.3907380607814761,0.0,8.3,43.0,21.0,0.0,0.0,5.07959479015919,0.0,True
220566,Rodrigo,MCI,MID,6.5,0.1,i,Back injury - Unknown return date,0.0,,,,1510.0,17.0,69.0,4.112582781456953,0.06854304635761589,0.14602649006622517,0.21456953642384105,1.2361589403973507,6.0,20.86092715231788,0.17880794701986755,0.0,6.3,43.0,21.0,8.0,0.3809523809523809,12.278145695364238,0.9536423841059604,True
510281,Savinho,MCI,MID,6.5,0.1,a,,,,,,817.0,7.0,43.0,4.736842105263158,0.27539779681762544,0.17515299877600982,0.45055079559363526,1.238188494492044,1.0,15.422276621787026,0.22031823745410037,0.0,6.9,43.0,24.0,0.0,0.0,6.499388004895961,0.0,True
433036,Reijnders,MCI,MID,6.0,0.3,a,,,,,,1623.0,19.0,92.0,5.101663585951941,0.255637707948244,0.13031423290203326,0.3859519408502773,1.04362292051756,6.0,18.687615526802215,0.11090573012939,0.0,5.0,43.0,28.0,1.0,0.0357142857142857,5.5452865064695,0.11090573012939,True
465694,N.Gonzalez,MCI,MID,5.5,0.1,a,,,,,,1561.0,17.0,63.0,3.632286995515695,0.03920563741191544,0.06457399103139014,0.10377962844330559,1.1732863549007047,1.0,19.42985265855221,0.34593209481101855,0.0,5.9,43.0,25.0,7.0,0.28,11.87700192184497,0.8071748878923767,True
91651,Kovačić,MCI,MID,5.5,0.1,a,,,,,,125.0,1.0,9.0,6.48,0.0936,0.3024,0.396,2.88,0.0,29.52,0.0,0.0,5.8,43.0,6.0,0.0,0.0,12.96,0.0,True
575204,Echeverri,MCI,MID,5.0,0.0,a,,,,,,0.0,0.0,0.0,0.0,0.0,0.0,0.0,0.0,0.0,0.0,0.0,0.0,5.4,43.0,,,,,,False
155405,Phillips,MCI,MID,5.0,0.0,u,Has joined Sheffield United on loan for the rest of the season,0.0,,,,0.0,0.0,0.0,0.0,0.0,0.0,0.0,0.0,0.0,0.0,0.0,0.0,4.7,43.0,,,,,,False
590039,Mukasa,MCI,MID,4.5,0.1,a,,,,,,25.0,0.0,2.0,4.0,0.0,0.42,0.42,0.68,0.0,10.0,0.0,0.0,4.4,43.0,2.0,0.0,0.0,3.6,0.0,True
649208,Monga,MCI,MID,5.0,0.0,a,,,,,,,,,,,,,,,,,,,,,,,,,False
223094,Haaland,MCI,FWD,15.5,70.2,a,,,1.0,,,2953.0,34.0,239.0,7.2841178462580425,0.7771757534710464,0.0813748730104978,0.8585506264815442,1.1764307483914664,43.0,29.014561462919065,0.06095496105655266,0.0,14.7,43.0,35.0,0.0,0.0,3.1696579749407383,0.0,True
215379,Anderson,MCI,MID,6.5,9.4,a,,,,2.0,,3332.0,37.0,180.0,4.861944777911164,0.07941176470588235,0.12938175270108043,0.20879351740696278,1.4491296518607442,16.0,21.473589435774308,0.2160864345738295,0.0,5.7,17.0,38.0,26.0,0.6842105263157895,13.910564225690274,1.404561824729892,True
106921,Rulli,MCI,GKP,5.0,0.0,a,,,,,,,,,,,,,,,,,,,,,,,,,False
166989,Tielemans,MUN,MID,6.0,2.2,a,,100.0,3.0,,,1857.0,21.0,68.0,3.295638126009693,0.05525040387722132,0.1579967689822294,0.21324717285945072,1.5189014539579968,3.0,20.210016155088855,0.0,0.0,5.9,7.0,25.0,2.0,0.08,9.838449111470114,0.1938610662358643,True
532605,Andrey Santos,MUN,MID,5.0,1.2,a,,,,,,1247.0,13.0,47.0,3.392141138732959,0.14434643143544507,0.06351242983159583,0.2078588612670409,1.364795509222133,3.0,18.54851643945469,0.28869286287089013,0.0,4.4,8.0,27.0,2.0,0.074074074074074,9.310344827586206,0.2886928628708901,True
59735,Darlow,MUN,GKP,4.5,0.0,d,Unspecified injury - 75% chance of playing,75.0,,,,1980.0,22.0,71.0,3.227272727272727,0.0,0.002272727272727273,0.002272727272727273,1.289090909090909,3.0,15.181818181818182,0.045454545454545456,2.8636363636363638,4.0,2.0,,,,,,True
465247,Lammens,MUN,GKP,5.0,18.3,a,,,,,,2880.0,32.0,109.0,3.40625,0.0,0.0,0.0,1.2265625,11.0,12.90625,0.0,2.46875,5.1,1.0,,,,,,True
451302,Bayindir,MUN,GKP,4.5,0.1,u,Has joined Celta Vigo on loan for the rest of the season,0.0,,,,540.0,6.0,11.0,1.8333333333333333,0.0,0.008333333333333333,0.008333333333333333,1.54,0.0,8.166666666666666,0.0,2.1666666666666665,4.7,1.0,,,,,,True
21205,Heaton,MUN,GKP,4.0,0.2,i,Hamstring injury - Unknown return date,0.0,,,,0.0,0.0,0.0,0.0,0.0,0.0,0.0,0.0,0.0,0.0,0.0,0.0,3.8,1.0,,,,,,False
596777,Dorgu,MUN,MID,6.0,1.6,a,,,,,,1440.0,15.0,95.0,5.9375,0.149375,0.115,0.264375,1.225625,11.0,20.0625,0.3125,0.0,4.1,1.0,26.0,3.0,0.1153846153846153,7.5,0.375,True
209365,De Ligt,MUN,DEF,5.0,0.0,i,Back injury - Unknown return date,0.0,,,,1170.0,13.0,43.0,3.3076923076923075,0.10615384615384614,0.06384615384615384,0.16999999999999998,1.4407692307692308,5.0,13.0,0.0,0.0,4.9,1.0,13.0,9.0,0.6923076923076923,10.692307692307692,1.3846153846153846,True
216051,Dalot,MUN,DEF,5.0,3.0,a,,,,,,2609.0,29.0,111.0,3.8290532771176697,0.06657723265619012,0.08865465695668838,0.1552318896128785,1.2615178229206594,9.0,14.281333844384823,0.17247987734764278,0.0,4.5,1.0,34.0,4.0,0.1176470588235294,6.93369106937524,0.2759678037562285,True
95658,Maguire,MUN,DEF,5.0,13.3,a,,,,,,1649.0,19.0,90.0,4.912067919951485,0.06112795633717405,0.0272892662219527,0.08841722255912675,1.2525773195876289,5.0,17.1922377198302,0.1637355973317162,0.0,4.4,1.0,23.0,8.0,0.3478260869565217,8.841722255912675,0.8732565191024864,True
221820,Martinez,MUN,DEF,5.0,0.8,a,,100.0,,,,1229.0,13.0,51.0,3.734743694060212,0.010984540276647681,0.043938161106590726,0.05492270138323841,1.1145646867371848,3.0,17.648494711147276,0.0,0.0,4.8,1.0,18.0,4.0,0.2222222222222222,7.689178193653377,0.5858421480878764,True
550864,Yoro,MUN,DEF,5.0,0.8,a,,,,,,1730.0,18.0,56.0,2.9132947976878616,0.06971098265895954,0.03069364161849711,0.10040462427745667,1.3957803468208092,1.0,9.9364161849711,0.05202312138728324,0.0,4.1,1.0,32.0,6.0,0.1875,9.260115606936417,0.6242774566473989,True
606745,Heaven,MUN,DEF,4.5,0.4,a,,,,,,920.0,11.0,42.0,4.108695652173913,0.0332608695652174,0.017608695652173913,0.05086956521739131,1.1690217391304347,3.0,16.043478260869566,0.1956521739130435,0.0,3.7,1.0,17.0,5.0,0.2941176470588235,9.195652173913045,0.9782608695652176,True
230001,Mazraoui,MUN,DEF,4.5,0.7,a,,,,,,977.0,11.0,53.0,4.882292732855681,0.01750255885363357,0.03224155578300921,0.049744114636642786,1.1966223132036846,6.0,21.463664278403275,0.27635619242579323,0.0,4.9,1.0,20.0,3.0,0.15,9.76458546571136,0.5527123848515865,True
106760,Shaw,MUN,DEF,4.5,22.2,a,,,,3.0,,3220.0,38.0,113.0,3.158385093167702,0.020124223602484472,0.055341614906832294,0.07546583850931678,1.2549689440993788,3.0,12.549689440993788,0.2515527950310559,0.0,4.5,1.0,38.0,7.0,0.1842105263157894,7.127329192546584,0.391304347826087,True
577974,Amass,MUN,DEF,4.0,0.2,a,,,,,,0.0,0.0,0.0,0.0,0.0,0.0,0.0,0.0,0.0,0.0,0.0,0.0,4.0,1.0,,,,,,False
547676,Fredricson,MUN,DEF,4.0,0.1,u,Has joined Lausanne-Sport permanently,0.0,,,,2.0,0.0,1.0,2.0,0.0,0.0,0.0,0.6,0.0,8.0,0.0,0.0,3.7,1.0,1.0,0.0,0.0,90.0,0.0,True
141746,B.Fernandes,MUN,MID,12.0,49.2,a,,,1.0,1.0,1.0,3065.0,35.0,235.0,6.900489396411093,0.3168352365415987,0.36058727569331156,0.6774225122349102,1.3043393148450244,41.0,29.59869494290375,0.1468189233278956,0.0,10.4,1.0,35.0,5.0,0.1428571428571428,8.427406199021206,0.2936378466557912,True
446008,Mbeumo,MUN,MID,8.0,31.6,a,,,2.0,2.0,2.0,2611.0,31.0,148.0,5.101493680582152,0.4129452317119877,0.1720030639601685,0.5849482956721562,1.2364228265032553,16.0,18.199923400995786,0.1378782075833014,0.0,8.3,1.0,33.0,0.0,0.0,4.791267713519724,0.0,True
430871,Cunha,MUN,MID,8.0,11.1,a,,,,,,2493.0,29.0,143.0,5.16245487364621,0.24909747292418774,0.12129963898916968,0.3703971119133574,1.2906137184115525,14.0,21.335740072202167,0.1444043321299639,0.0,8.1,1.0,33.0,1.0,0.0303030303030303,7.617328519855596,0.0722021660649819,True
176297,Rashford,MUN,MID,7.0,1.5,a,,,,,,0.0,0.0,0.0,0.0,0.0,0.0,0.0,0.0,0.0,0.0,0.0,0.0,7.0,1.0,,,,,,False
184341,Mount,MUN,MID,5.5,0.1,d,Foot injury - 50% chance of playing,50.0,,,3.0,1010.0,12.0,58.0,5.1683168316831685,0.13900990099009902,0.14435643564356437,0.2833663366336634,1.1102970297029704,3.0,17.91089108910891,0.17821782178217824,0.0,5.9,1.0,23.0,2.0,0.0869565217391304,9.08910891089109,0.3564356435643565,True
493250,Amad,MUN,MID,6.0,1.6,a,,,,4.0,,2339.0,27.0,91.0,3.5014963659683627,0.21008978195810177,0.18238563488670373,0.39247541684480547,1.2193672509619498,7.0,17.81530568619068,0.07695596408721676,0.0,6.2,1.0,32.0,0.0,0.0,7.61864044463446,0.0,True
516895,Mainoo,MUN,MID,5.5,1.1,a,,,,,,1653.0,16.0,73.0,3.97459165154265,0.02613430127041742,0.0691470054446461,0.09528130671506352,1.2457350272232304,2.0,18.51179673321234,0.1088929219600726,0.0,4.7,1.0,28.0,6.0,0.2142857142857142,10.181488203266788,0.6533575317604355,True
232112,Ugarte,MUN,MID,5.0,0.0,i,Knee injury - Unknown return date,0.0,,,,876.0,8.0,38.0,3.9041095890410964,0.07397260273972603,0.016438356164383564,0.09041095890410959,1.871917808219178,0.0,18.8013698630137,0.10273972602739727,0.0,4.7,1.0,22.0,4.0,0.1818181818181818,14.589041095890412,0.8219178082191781,True
547037,J.Fletcher,MUN,MID,5.0,0.0,a,,,,,,107.0,0.0,3.0,2.5233644859813085,0.025233644859813085,0.016822429906542057,0.042056074766355145,1.5644859813084113,0.0,8.411214953271028,0.0,0.0,4.3,1.0,3.0,0.0,0.0,9.25233644859813,0.0,True
576628,Lacey,MUN,MID,5.0,0.1,a,,,,,,40.0,0.0,3.0,6.0,0.2,0.02,0.22,1.02,0.0,18.0,0.0,0.0,4.5,1.0,3.0,0.0,0.0,6.75,0.0,True
490881,Collyer,MUN,MID,5.0,0.0,a,,,,,,0.0,0.0,0.0,0.0,0.0,0.0,0.0,0.0,0.0,0.0,0.0,0.0,4.5,1.0,,,,,,False
576620,Bendito Mantato,MUN,MID,4.5,0.2,a,,,,,,15.0,0.0,1.0,2.0,0.0,0.02,0.02,0.1,0.0,6.0,0.0,0.0,4.5,1.0,1.0,0.0,0.0,0.0,0.0,True
519913,Fletcher,MUN,MID,4.5,0.3,a,,,,,,17.0,0.0,2.0,4.0,0.0,0.02,0.02,0.66,0.0,12.0,0.0,0.0,4.4,1.0,2.0,0.0,0.0,10.588235294117649,0.0,True
485711,Šeško,MUN,FWD,7.0,1.6,d,Shin injury - 75% chance of playing,75.0,,,,1630.0,17.0,111.0,6.128834355828221,0.5085276073619632,0.015460122699386505,0.5239877300613497,1.493558282208589,19.0,22.36196319018405,0.11042944785276074,0.0,7.2,1.0,30.0,0.0,0.0,3.533742331288344,0.0,True
458249,Zirkzee,MUN,FWD,5.5,0.7,a,,,,,,607.0,5.0,42.0,6.227347611202636,0.40626029654036244,0.05041186161449753,0.45667215815485995,1.3952224052718287,6.0,21.647446457990114,0.44481054365733114,0.0,5.8,1.0,24.0,0.0,0.0,6.523887973640857,0.0,True
596047,Obi,MUN,FWD,4.5,1.2,a,,,,,,0.0,0.0,0.0,0.0,0.0,0.0,0.0,0.0,0.0,0.0,0.0,0.0,4.2,1.0,,,,,,False
98747,Pope,NEW,GKP,5.0,1.3,a,,,,,,2416.0,27.0,96.0,3.576158940397351,0.005960264900662252,0.0,0.005960264900662252,1.2252069536423842,3.0,15.422185430463577,0.07450331125827814,3.3153973509933774,5.0,4.0,,,,,,True
81441,Gillespie,NEW,GKP,4.5,0.0,a,,,,,,0.0,0.0,0.0,0.0,0.0,0.0,0.0,0.0,0.0,0.0,0.0,0.0,3.9,4.0,,,,,,False
554578,Jaouen,NEW,GKP,4.5,0.0,a,,,,,,,,,,,,,,,,,,,,,,,,,False
465642,Thiaw,NEW,DEF,5.0,1.9,a,,,,,,2963.0,33.0,126.0,3.827202159973,0.14579817752278096,0.02915963550455619,0.17495781302733715,1.4947350658116774,12.0,13.24333445831927,0.12149848126898413,0.0,4.9,4.0,35.0,16.0,0.4571428571428571,9.71987850151873,0.9719878501518732,True
119471,Schär,NEW,DEF,5.0,0.2,a,,100.0,,,2.0,1089.0,11.0,51.0,4.214876033057851,0.08016528925619834,0.049586776859504134,0.12975206611570247,1.1446280991735538,0.0,15.371900826446282,0.08264462809917356,0.0,5.2,4.0,16.0,8.0,0.5,10.991735537190085,1.322314049586777,True
220237,Botman,NEW,DEF,5.0,0.4,a,,,,,,1834.0,21.0,89.0,4.367502726281352,0.08489640130861506,0.042202835332606325,0.12709923664122139,1.3534351145038168,6.0,16.292257360959653,0.09814612868047984,0.0,4.9,4.0,25.0,14.0,0.56,12.02290076335878,1.3740458015267176,True
78916,Burn,NEW,DEF,5.0,2.5,a,,,,,,2195.0,25.0,93.0,3.8132118451025057,0.044282460136674265,0.014760820045558086,0.059043280182232344,1.2362186788154896,5.0,11.726651480637813,0.3690205011389522,0.0,5.0,4.0,29.0,11.0,0.3793103448275862,10.701594533029612,0.9020501138952164,True
487838,Hall,NEW,DEF,5.0,3.7,a,,,,1.0,1.0,2176.0,24.0,79.0,3.2674632352941178,0.041773897058823534,0.11498161764705882,0.15675551470588237,1.560110294117647,4.0,14.352022058823529,0.16544117647058823,0.0,5.3,4.0,30.0,6.0,0.2,7.486213235294118,0.4963235294117647,True
441191,Livramento,NEW,DEF,5.0,0.1,d,Calf injury - 75% chance of playing,75.0,,,,1326.0,14.0,59.0,4.004524886877828,0.008823529411764707,0.06040723981900453,0.06923076923076923,1.2638009049773757,3.0,17.104072398190045,0.06787330316742082,0.0,4.9,4.0,17.0,1.0,0.0588235294117647,6.515837104072398,0.1357466063348416,True
545477,A.Murphy,NEW,DEF,4.0,0.3,u,Has joined FC Kaiserslautern on loan for the rest of the season,0.0,,,,7.0,0.0,2.0,4.0,0.0,0.0,0.0,0.98,0.0,6.0,0.0,0.0,3.8,4.0,2.0,0.0,0.0,51.42857142857143,0.0,True
201666,Barnes,NEW,MID,6.0,1.1,a,,,,,,1951.0,19.0,106.0,4.889800102511533,0.31553049718093285,0.12547411583803178,0.44100461301896465,1.397744746283957,9.0,16.09943618657099,0.046130189646335217,0.0,6.1,4.0,37.0,0.0,0.0,4.613018964633522,0.0,True
449434,Elanga,NEW,MID,6.0,0.7,a,,,,4.0,,1302.0,14.0,48.0,3.3179723502304146,0.1140552995391705,0.12027649769585254,0.234331797235023,1.459216589861751,0.0,12.373271889400922,0.0,0.0,6.5,4.0,32.0,0.0,0.0,3.80184331797235,0.0,True
232653,J.Ramsey,NEW,MID,5.0,0.4,a,,,,,,1441.0,15.0,62.0,3.8723108952116583,0.07494795281054822,0.0905621096460791,0.1655100624566273,1.7013185287994446,3.0,18.924358084663425,0.18736988202637056,0.0,5.3,4.0,28.0,2.0,0.0714285714285714,9.306037473976405,0.249826509368494,True
114243,J.Murphy,NEW,MID,6.0,0.2,a,,,,2.0,,1606.0,19.0,82.0,4.595267745952677,0.1720423412204234,0.14906600249066002,0.32110834371108343,1.3645703611457036,5.0,17.59651307596513,0.112079701120797,0.0,5.9,4.0,33.0,0.0,0.0,5.043586550435865,0.0,True
180974,Joelinton,NEW,MID,5.5,0.1,i,Unspecified injury - Unknown return date,0.0,,,,1950.0,23.0,73.0,3.3692307692307693,0.10892307692307691,0.06230769230769231,0.17123076923076921,1.3269230769230769,2.0,14.03076923076923,0.4615384615384615,0.0,5.9,4.0,27.0,8.0,0.2962962962962963,10.984615384615385,0.7384615384615384,True
547719,L.Miley,NEW,MID,5.5,0.0,a,,100.0,,3.0,,1493.0,15.0,72.0,4.340254521098459,0.08198258539852646,0.12659075686537175,0.2085733422638982,1.279169457468185,5.0,20.13395847287341,0.0,0.0,4.4,4.0,23.0,5.0,0.217391304347826,9.343603482920296,0.6028131279303416,True
200089,Willock,NEW,MID,5.0,0.1,a,,,,,,972.0,10.0,38.0,3.518518518518518,0.11666666666666665,0.09907407407407408,0.21574074074074073,1.6509259259259257,0.0,15.37037037037037,0.27777777777777773,0.0,5.0,4.0,24.0,0.0,0.0,8.24074074074074,0.0,True
611665,Touré,NEW,MID,6.0,0.3,a,,,,,,,,,,,,,,,,,,,,,,,,,False
636852,Steur,NEW,MID,5.0,0.1,a,,,,,,,,,,,,,,,,,,,,,,,,,False
470313,Woltemade,NEW,FWD,6.0,1.7,a,,,1.0,,,1896.0,24.0,108.0,5.1265822784810124,0.31281645569620253,0.07262658227848101,0.3854430379746835,1.2185126582278483,12.0,18.939873417721518,0.0,0.0,6.7,4.0,33.0,0.0,0.0,4.984177215189874,0.0,True
216646,Wissa,NEW,FWD,6.0,1.6,a,,,3.0,,,517.0,4.0,27.0,4.700193423597679,0.5448742746615087,0.09400386847195358,0.6388781431334623,1.7355899419729208,0.0,12.18568665377176,0.5222437137330754,0.0,7.3,4.0,19.0,0.0,0.0,3.8297872340425534,0.0,True
538207,Osula,NEW,FWD,6.0,1.1,a,,,2.0,,,805.0,8.0,76.0,8.496894409937887,0.4785093167701864,0.0693167701863354,0.5478260869565218,1.6188819875776397,13.0,31.751552795031056,0.0,0.0,5.5,4.0,24.0,0.0,0.0,3.4658385093167703,0.0,True
599303,Neave,NEW,FWD,4.5,0.7,a,,,,,,13.0,0.0,1.0,2.0,0.06,0.0,0.06,0.74,0.0,4.0,0.0,0.0,4.3,4.0,1.0,0.0,0.0,0.0,0.0,True
632794,Bamba,NEW,MID,5.0,0.1,a,,,,,,,,,,,,,,,,,,,,,,,,,False
470551,Horníček,NEW,GKP,5.0,0.6,a,,,,,,,,,,,,,,,,,,,,,,,,,False
85633,Sels,NFO,GKP,5.0,1.6,a,,,,,,2667.0,30.0,105.0,3.543307086614173,0.0,0.0020247469066366703,0.0020247469066366703,1.5226096737907762,3.0,14.54443194600675,0.06749156355455568,3.205849268841395,4.6,17.0,,,,,,True
221389,John,NFO,GKP,4.5,0.1,a,,,,,,437.0,5.0,11.0,2.265446224256293,0.0,0.0,0.0,1.262471395881007,0.0,6.590389016018307,0.20594965675057209,1.2356979405034325,4.0,17.0,,,,,,True
215136,N.Williams,NFO,DEF,5.0,11.0,a,,,,1.0,2.0,3203.0,36.0,128.0,3.5966281610989697,0.05647830159225725,0.11155167030908524,0.1680299719013425,1.4431470496409615,15.0,14.920387137059008,0.1685919450515142,0.0,4.8,17.0,37.0,10.0,0.2702702702702703,8.064314704964096,0.561973150171714,True
485047,Morato,NFO,DEF,5.0,0.1,a,,,,,,1340.0,14.0,53.0,3.559701492537313,0.08865671641791045,0.010074626865671642,0.09873134328358209,1.634776119402985,1.0,12.761194029850746,0.33582089552238803,0.0,4.3,17.0,21.0,9.0,0.4285714285714285,11.149253731343284,1.208955223880597,True
227444,Milenković,NFO,DEF,5.5,2.2,a,,,,,,3375.0,37.0,119.0,3.1733333333333333,0.02213333333333333,0.018133333333333335,0.040266666666666666,1.4661333333333333,2.0,10.693333333333333,0.16,0.0,5.1,17.0,38.0,17.0,0.4473684210526316,9.066666666666666,0.9066666666666666,True
575476,Murillo,NFO,DEF,5.5,1.2,a,,100.0,,,3.0,2130.0,25.0,83.0,3.5070422535211265,0.03084507042253521,0.019859154929577464,0.05070422535211267,1.393943661971831,3.0,14.070422535211266,0.2112676056338028,0.0,5.2,17.0,25.0,13.0,0.52,10.774647887323944,1.0985915492957743,True
159506,Aina,NFO,DEF,4.5,4.0,a,,,,,,1587.0,18.0,67.0,3.799621928166352,0.02325141776937618,0.047637051039697544,0.07088846880907372,1.4353497164461246,5.0,14.971644612476371,0.17013232514177695,0.0,4.7,17.0,18.0,3.0,0.1666666666666666,8.506616257088847,0.3402646502835539,True
575458,Jair Cunha,NFO,DEF,4.5,0.3,a,,,,,,514.0,6.0,13.0,2.2762645914396886,0.04727626459143969,0.010505836575875485,0.05778210116731518,1.8122568093385214,0.0,8.40466926070039,0.0,0.0,4.2,17.0,9.0,1.0,0.1111111111111111,8.40466926070039,0.3501945525291828,True
500151,Savona,NFO,DEF,4.5,0.0,i,Knee injury - Unknown return date,0.0,,,,1025.0,11.0,39.0,3.424390243902439,0.11765853658536586,0.03951219512195122,0.15717073170731707,1.3205853658536584,0.0,11.502439024390243,0.17560975609756097,0.0,4.5,17.0,14.0,1.0,0.0714285714285714,6.058536585365854,0.1756097560975609,True
204822,O.Richards,NFO,DEF,4.0,0.2,a,,,,,,0.0,0.0,0.0,0.0,0.0,0.0,0.0,0.0,0.0,0.0,0.0,0.0,4.5,17.0,,,,,,False
549067,Abbott,NFO,DEF,4.0,0.2,a,,,,,,165.0,2.0,3.0,1.6363636363636365,0.0,0.005454545454545455,0.005454545454545455,1.8927272727272728,0.0,1.6363636363636365,0.0,0.0,3.8,17.0,3.0,0.0,0.0,7.090909090909091,0.0,True
470315,Netz,NFO,DEF,4.5,0.0,a,,,,,,353.0,3.0,11.0,2.8045325779036827,0.0,0.10453257790368271,0.10453257790368271,2.006515580736544,0.0,8.413597733711049,0.0,0.0,4.5,17.0,7.0,0.0,0.0,5.609065155807365,0.0,True
538638,Bindon,NFO,DEF,4.0,0.2,a,,,,,,,,,,,,,,,,,,,,,,,,,False
222531,Gibbs-White,NFO,MID,8.0,11.9,a,,,2.0,,1.0,3101.0,35.0,188.0,5.4563044179297,0.3137375040309578,0.08445662689455015,0.3981941309255079,1.4424379232505644,18.0,20.664301838116735,0.029022895840051598,0.0,7.6,17.0,37.0,1.0,0.027027027027027,5.166075459529184,0.0580457916801031,True
209046,Hudson-Odoi,NFO,MID,6.0,0.2,a,,100.0,,,4.0,1838.0,21.0,88.0,4.309031556039173,0.13563656147986944,0.14787812840043527,0.2835146898803047,1.5120783460282916,8.0,17.529923830250272,0.0,0.0,5.7,17.0,30.0,0.0,0.0,5.190424374319913,0.0,True
456512,Ndoye,NFO,MID,5.5,0.5,a,,,,,,1167.0,14.0,50.0,3.8560411311053984,0.08097686375321338,0.11645244215938304,0.19742930591259641,1.2308483290488432,4.0,13.727506426735218,0.07712082262210797,0.0,5.5,17.0,24.0,0.0,0.0,7.403598971722365,0.0,True
503301,Hutchinson,NFO,MID,5.5,0.2,a,,,,4.0,,1676.0,17.0,82.0,4.403341288782816,0.10793556085918853,0.2078162291169451,0.3157517899761336,1.3113365155131265,3.0,17.66706443914081,0.05369928400954654,0.0,5.4,17.0,31.0,1.0,0.032258064516129,6.927207637231503,0.107398568019093,True
476887,Bakwa,NFO,MID,5.5,0.0,a,,,,,,549.0,6.0,26.0,4.262295081967213,0.08852459016393444,0.1655737704918033,0.2540983606557377,1.7934426229508198,1.0,16.393442622950822,0.1639344262295082,0.0,5.9,17.0,14.0,0.0,0.0,5.737704918032788,0.0,True
432714,McAtee,NFO,MID,5.5,0.0,a,,,,3.0,,288.0,2.0,17.0,5.3125,0.056249999999999994,0.11562499999999999,0.171875,2.2937499999999997,0.0,18.75,0.3125,0.0,5.0,17.0,14.0,0.0,0.0,10.0,0.0,True
250199,Dominguez,NFO,MID,5.0,0.1,a,,,,,,1168.0,17.0,48.0,3.6986301369863015,0.11327054794520548,0.05933219178082192,0.1726027397260274,1.788441780821918,3.0,17.64554794520548,0.23116438356164384,0.0,5.0,17.0,27.0,1.0,0.037037037037037,11.018835616438356,0.1541095890410959,True
210462,Sangaré,NFO,MID,5.0,0.9,a,,,,,,2073.0,25.0,89.0,3.8639652677279304,0.05036179450072358,0.07814761215629522,0.1285094066570188,1.4400868306801737,2.0,15.890014471780027,0.2170767004341534,0.0,4.9,17.0,28.0,9.0,0.3214285714285714,11.59189580318379,0.7814761215629522,True
204968,Yates,NFO,MID,4.5,5.3,d,Unspecified injury - 75% chance of playing,75.0,,,,602.0,2.0,30.0,4.485049833887043,0.07325581395348837,0.0553156146179402,0.12857142857142856,1.279734219269103,0.0,18.388704318936878,0.4485049833887043,0.0,4.7,17.0,22.0,1.0,0.0454545454545454,10.3156146179402,0.2990033222591362,True
60689,Wood,NFO,FWD,6.0,1.7,a,,,1.0,,,896.0,11.0,41.0,4.118303571428571,0.4309151785714286,0.03214285714285714,0.4630580357142857,1.4504464285714285,4.0,14.564732142857142,0.0,0.0,7.1,17.0,15.0,0.0,0.0,2.9129464285714284,0.0,True
482973,Igor Jesus,NFO,FWD,6.0,5.1,a,,,3.0,,,2293.0,28.0,114.0,4.474487570867859,0.2543392935019625,0.049454862625381596,0.3037941561273441,1.5217182730047973,13.0,15.974705625817705,0.07849978194505015,0.0,5.9,17.0,37.0,0.0,0.0,4.827736589620584,0.0,True
465680,Kalimuendo,NFO,FWD,5.5,0.0,a,,,,,,89.0,0.0,9.0,9.101123595505618,0.44494382022471907,0.020224719101123594,0.4651685393258427,1.5876404494382022,0.0,24.269662921348313,0.0,0.0,6.0,17.0,9.0,0.0,0.0,6.067415730337078,0.0,True
204561,Schlager,NFO,MID,5.0,0.1,a,,,,2.0,,,,,,,,,,,,,,,,,,,,,False
568420,Diomande,NFO,DEF,5.5,0.5,a,,,,,,,,,,,,,,,,,,,,,,,,,False
428971,Benda,NFO,GKP,4.5,0.0,a,,,,,,0.0,0.0,0.0,0.0,0.0,0.0,0.0,0.0,0.0,0.0,0.0,0.0,4.0,54.0,,,,,,False
469142,Van Hecke,TOT,DEF,5.0,9.0,a,,,,,,3210.0,36.0,148.0,4.149532710280374,0.09280373831775701,0.044018691588785054,0.13682242990654206,1.2972897196261683,8.0,16.121495327102807,0.25233644859813087,0.0,4.7,36.0,36.0,16.0,0.4444444444444444,9.728971962616823,0.8971962616822431,True
432422,Tonali,TOT,MID,5.5,4.1,a,,,,2.0,4.0,2534.0,31.0,81.0,2.876874506708761,0.062154696132596686,0.10193370165745858,0.16408839779005527,1.2853591160220994,2.0,16.941594317284924,0.1420678768745067,0.0,5.3,4.0,35.0,4.0,0.1142857142857142,9.127861089187055,0.2841357537490134,True
184254,Vicario,TOT,GKP,4.5,1.2,a,,,,,,2790.0,31.0,90.0,2.903225806451613,0.0,0.0012903225806451613,0.0012903225806451613,1.4906451612903227,6.0,13.290322580645162,0.03225806451612903,2.6774193548387095,4.7,6.0,,,,,,True
214572,Austin,TOT,GKP,4.0,0.7,a,,,,,,0.0,0.0,0.0,0.0,0.0,0.0,0.0,0.0,0.0,0.0,0.0,0.0,3.9,6.0,,,,,,False
485055,Kinsky,TOT,GKP,4.5,21.2,a,,,,,,630.0,7.0,20.0,2.857142857142857,0.0,0.0,0.0,0.7928571428571428,0.0,10.857142857142858,0.14285714285714285,1.4285714285714286,3.9,6.0,,,,,,True
67089,Dubravka,TOT,GKP,4.0,21.6,a,,,,,,3150.0,35.0,96.0,2.742857142857143,0.0,0.001142857142857143,0.001142857142857143,2.036,7.0,12.457142857142857,0.02857142857142857,3.6285714285714286,4.0,90.0,,,,,,True
221466,Senesi,TOT,DEF,6.0,9.4,a,,,,,,3288.0,37.0,175.0,4.79014598540146,0.04187956204379562,0.1291970802919708,0.17107664233576644,1.4991788321167885,14.0,15.629562043795621,0.21897810218978103,0.0,5.2,91.0,37.0,26.0,0.7027027027027027,12.645985401459855,1.4233576642335768,True
441164,Pedro Porro,TOT,DEF,5.5,22.9,a,,,,1.0,1.0,2793.0,32.0,117.0,3.7701396348012888,0.03383458646616541,0.14081632653061224,0.17465091299677765,1.2164339419978516,8.0,16.176154672395274,0.32223415682062295,0.0,5.2,6.0,34.0,12.0,0.3529411764705882,8.152524167561761,0.7733619763694951,True
221632,Romero,TOT,DEF,5.0,0.7,u,Has joined Atletico Madrid permanently,0.0,,,,1869.0,22.0,91.0,4.382022471910113,0.06693418940609952,0.06019261637239166,0.12712680577849117,1.3637239165329054,10.0,14.686998394863565,0.4333868378812199,0.0,5.0,6.0,23.0,11.0,0.4782608695652174,10.786516853932584,1.0593900481540932,True
135720,Danso,TOT,DEF,5.0,0.2,a,,,,,,1489.0,17.0,63.0,3.8079247817327064,0.037474815312290126,0.016924110141034253,0.05439892545332438,1.217931497649429,1.0,13.237071860308932,0.48354600402955006,0.0,4.2,6.0,24.0,13.0,0.5416666666666666,12.028206850235057,1.5715245130960376,True
122798,Robertson,TOT,DEF,4.5,3.1,a,,,,3.0,,1165.0,11.0,55.0,4.24892703862661,0.0849785407725322,0.10815450643776824,0.19313304721030042,1.347296137339056,4.0,16.686695278969957,0.0,0.0,5.7,14.0,24.0,0.0,0.0,5.098712446351931,0.0,True
491279,Van de Ven,TOT,DEF,5.0,7.3,a,,,,,,3041.0,35.0,116.0,3.433081223281815,0.08345938835909239,0.011246300559026635,0.09470568891811902,1.2723117395593555,10.0,12.755672476159157,0.2663597500822098,0.0,4.4,6.0,35.0,7.0,0.2,7.339690891154225,0.4143373890167707,True
232859,Spence,TOT,DEF,4.5,3.6,u,Has joined Internazionale permanently,0.0,,,,2049.0,23.0,78.0,3.4260614934114204,0.03953147877013177,0.07774524158125916,0.11727672035139092,1.3800878477306004,3.0,11.903367496339678,0.17569546120058566,0.0,4.1,6.0,30.0,3.0,0.1,6.149341142020498,0.2635431918008785,True
487053,Udogie,TOT,DEF,4.5,0.5,a,,,,,,1335.0,14.0,29.0,1.9550561797752808,0.012134831460674156,0.04853932584269662,0.06067415730337078,1.291011235955056,1.0,8.157303370786517,0.2696629213483146,0.0,4.3,6.0,20.0,1.0,0.05,6.0,0.1348314606741573,True
548308,Phillips,TOT,DEF,4.5,0.1,u,Has joined Middlesbrough permanently,0.0,,,,0.0,0.0,0.0,0.0,0.0,0.0,0.0,0.0,0.0,0.0,0.0,0.0,4.0,6.0,,,,,,False
115556,Davies,TOT,DEF,4.0,1.0,a,,,,,,136.0,2.0,10.0,6.61764705882353,0.32426470588235295,0.046323529411764715,0.3705882352941177,0.7345588235294118,1.0,19.191176470588236,0.6617647058823529,0.0,4.3,6.0,3.0,0.0,0.0,9.264705882352942,0.0,True
640419,Byfield,TOT,DEF,4.0,0.1,a,,,,,,1.0,0.0,1.0,2.0,0.0,0.0,0.0,0.0,0.0,6.0,0.0,0.0,4.0,6.0,1.0,0.0,0.0,0.0,0.0,True
499716,Rowswell,TOT,DEF,4.0,0.1,a,,,,,,1.0,0.0,1.0,2.0,0.0,0.0,0.0,0.72,0.0,6.0,0.0,0.0,4.0,6.0,1.0,0.0,0.0,0.0,0.0,True
616221,Souza,TOT,DEF,4.0,0.3,a,,,,,,142.0,2.0,3.0,1.9014084507042255,0.01267605633802817,0.019014084507042252,0.03169014084507042,1.654225352112676,0.0,0.0,0.6338028169014085,0.0,4.0,6.0,4.0,0.0,0.0,3.802816901408451,0.0,True
460842,Kudus,TOT,MID,6.5,0.1,d,Thigh injury - 75% chance of playing,75.0,2.0,5.0,3.0,1535.0,19.0,75.0,4.397394136807817,0.11257328990228012,0.1413029315960912,0.2538762214983713,1.3332899022801301,7.0,15.068403908794787,0.1758957654723127,0.0,6.4,6.0,19.0,0.0,0.0,7.798045602605862,0.0,True
493362,Xavi,TOT,MID,6.0,0.0,i,Knee injury - Unknown return date,0.0,3.0,6.0,2.0,1747.0,19.0,80.0,4.12135088723526,0.1576416714367487,0.1983400114481969,0.35598168288494564,1.5820835718374355,7.0,17.77332570120206,0.25758443045220375,0.0,6.3,6.0,28.0,3.0,0.1071428571428571,7.676016027475672,0.3091013165426445,True
511499,Tel,TOT,MID,6.0,0.6,a,,,,4.0,,1334.0,13.0,78.0,5.262368815592204,0.1666416791604198,0.16394302848575712,0.3305847076461769,1.1664917541229385,7.0,17.946026986506745,0.06746626686656672,0.0,6.2,6.0,31.0,0.0,0.0,7.488755622188905,0.0,True
172780,Maddison,TOT,MID,6.5,1.6,a,,,,,,34.0,0.0,3.0,6.0,0.42,0.12,0.54,1.3,0.0,10.0,0.0,0.0,6.8,6.0,3.0,0.0,0.0,13.23529411764706,0.0,True
202993,Bentancur,TOT,MID,5.5,0.2,a,,,,,,1880.0,23.0,86.0,4.117021276595745,0.034468085106382974,0.04021276595744681,0.0746808510638298,1.1321808510638296,4.0,17.52127659574468,0.3351063829787234,0.0,5.2,6.0,26.0,13.0,0.5,13.308510638297872,1.24468085106383,True
550839,Odobert,TOT,MID,5.5,0.0,i,Knee injury - Unknown return date,0.0,,,,972.0,10.0,46.0,4.259259259259259,0.17777777777777776,0.11203703703703703,0.2898148148148148,1.3185185185185184,6.0,16.296296296296294,0.0,0.0,5.3,6.0,24.0,0.0,0.0,7.129629629629629,0.0,True
482442,P.M.Sarr,TOT,MID,5.0,0.4,a,,,,,,1388.0,13.0,71.0,4.6037463976945245,0.10569164265129682,0.07197406340057637,0.1776657060518732,1.7293227665706052,2.0,20.295389048991353,0.19452449567723343,0.0,4.5,6.0,26.0,4.0,0.1538461538461538,11.86599423631124,0.5187319884726225,True
232787,Gallagher,TOT,MID,5.5,0.3,a,,,,,,1183.0,14.0,44.0,3.3474218089602705,0.09357565511411665,0.05325443786982249,0.14683009298393915,1.4477599323753172,3.0,16.052409129332208,0.1521555367709214,0.0,5.0,6.0,16.0,2.0,0.125,9.433643279797126,0.3043110735418428,True
570526,Bergvall,TOT,MID,5.5,0.2,a,,,,,,955.0,11.0,49.0,4.617801047120419,0.11591623036649215,0.04052356020942408,0.15643979057591623,1.2873298429319373,0.0,15.361256544502618,0.18848167539267016,0.0,5.2,6.0,23.0,1.0,0.0434782608695652,7.445026178010472,0.1884816753926701,True
445044,Kulusevski,TOT,MID,6.5,0.0,i,Knee injury - Unknown return date,0.0,,,,0.0,0.0,0.0,0.0,0.0,0.0,0.0,0.0,0.0,0.0,0.0,0.0,6.4,6.0,,,,,,False
547701,Gray,TOT,MID,5.0,0.2,a,,,,,,1471.0,18.0,61.0,3.7321549966009515,0.09177430319510536,0.07892590074779061,0.17070020394289598,1.5173351461590754,6.0,14.500339904826648,0.30591434398368456,0.0,4.8,6.0,24.0,0.0,0.0,8.076138681169272,0.0,True
499721,Moore,TOT,MID,5.0,0.2,a,,,,,,0.0,0.0,0.0,0.0,0.0,0.0,0.0,0.0,0.0,0.0,0.0,0.0,5.0,6.0,,,,,,False
499726,Olusesi,TOT,MID,4.5,0.8,a,,,,,,14.0,0.0,1.0,2.0,0.0,0.02,0.02,1.5,0.0,6.0,0.0,0.0,4.3,6.0,1.0,0.0,0.0,12.857142857142858,0.0,True
551226,Fernandes,TOT,MID,6.0,2.3,a,,,,,,3017.0,35.0,135.0,4.027179317202519,0.05936360623135564,0.08829963539940337,0.14766324163075903,1.4408352668213456,7.0,19.65860125952933,0.2088167053364269,0.0,5.5,21.0,36.0,15.0,0.4166666666666667,11.007623467020217,0.8949287371561152,True
154566,Solanke,TOT,FWD,6.0,1.7,a,,,1.0,,,997.0,11.0,40.0,3.6108324974924777,0.2681043129388165,0.030692076228686062,0.2987963891675025,1.6068204613841526,4.0,16.880641925777333,0.09027081243731194,0.0,7.1,6.0,15.0,0.0,0.0,6.409227683049148,0.0,True
212319,Richarlison,TOT,FWD,6.0,2.6,a,,,4.0,,,1954.0,20.0,119.0,5.481064483111566,0.3979529170931423,0.06724667349027635,0.4651995905834187,1.180962128966223,17.0,23.25997952917093,0.23029682702149437,0.0,6.5,6.0,32.0,0.0,0.0,6.770726714431934,0.0,True
490145,Scarlett,TOT,FWD,4.5,1.6,a,,,,,,7.0,0.0,2.0,4.0,0.0,0.02,0.02,0.06,0.0,10.0,0.0,0.0,4.3,6.0,2.0,0.0,0.0,12.857142857142858,0.0,True
498016,Roefs,SUN,GKP,5.0,4.8,a,,,,,,3150.0,35.0,136.0,3.8857142857142857,0.0,0.002857142857142857,0.002857142857142857,1.43,12.0,16.37142857142857,0.11428571428571428,3.1142857142857143,4.8,56.0,,,,,,True
232571,Patterson,SUN,GKP,4.0,0.4,u,Has joined Wrexham permanently,0.0,,,,0.0,0.0,0.0,0.0,0.0,0.0,0.0,0.0,0.0,0.0,0.0,0.0,4.2,56.0,,,,,,False
515046,Ellborg,SUN,GKP,4.5,0.1,a,,,,,,270.0,3.0,16.0,5.333333333333333,0.0,0.006666666666666667,0.006666666666666667,1.3666666666666665,3.0,20.666666666666668,0.0,3.3333333333333335,4.0,56.0,,,,,,True
223827,Ballard,SUN,DEF,5.0,4.7,a,,,,,,2144.0,24.0,116.0,4.869402985074626,0.10326492537313432,0.02644589552238806,0.12971082089552238,1.3936567164179106,9.0,14.272388059701493,0.16791044776119401,0.0,4.6,56.0,29.0,16.0,0.5517241379310345,11.585820895522389,1.343283582089552,True
200834,Mukiele,SUN,DEF,5.5,2.6,d,Knock - 75% chance of playing,75.0,,,,2784.0,32.0,151.0,4.881465517241379,0.052370689655172414,0.08566810344827586,0.13803879310344827,1.4453663793103448,11.0,15.808189655172413,0.16163793103448276,0.0,4.6,56.0,32.0,15.0,0.46875,9.73060344827586,0.9698275862068966,True
487676,Hume,SUN,DEF,4.5,6.1,a,,,,3.0,,3032.0,34.0,110.0,3.2651715039577835,0.06738126649076517,0.060850923482849595,0.12823218997361477,1.4031332453825858,6.0,11.368733509234827,0.2671503957783641,0.0,4.5,56.0,38.0,4.0,0.1052631578947368,6.827176781002638,0.2374670184696569,True
201895,Alderete,SUN,DEF,5.0,0.4,d,Knock - 75% chance of playing,75.0,,,,2797.0,32.0,125.0,4.022166607079013,0.05212727922774401,0.029281372899535217,0.08140865212727923,1.4325348587772613,5.0,12.870933142652841,0.19306399713979264,0.0,4.1,56.0,33.0,13.0,0.3939393939393939,10.811583839828389,0.8366106542724348,True
434399,Reinildo,SUN,DEF,4.5,0.5,a,,,,,,1966.0,23.0,74.0,3.387589013224822,0.005951169888097661,0.028382502543234996,0.03433367243133265,1.2231943031536112,6.0,12.863682604272634,0.32044760935910477,0.0,3.8,56.0,25.0,7.0,0.28,8.377416073245168,0.6408952187182095,True
519634,Seelt,SUN,DEF,4.5,0.0,a,,,,,,133.0,1.0,2.0,1.3533834586466165,0.0,0.006766917293233083,0.006766917293233083,0.9,0.0,7.443609022556391,0.0,0.0,4.0,56.0,2.0,1.0,0.5,12.180451127819548,1.3533834586466165,True
477547,Hjelde,SUN,DEF,4.0,0.2,u,Has joined KV Mechelen on loan for the rest of the season,0.0,,,,0.0,0.0,0.0,0.0,0.0,0.0,0.0,0.0,0.0,0.0,0.0,0.0,4.0,56.0,,,,,,False
167512,O'Nien,SUN,DEF,4.0,3.2,a,,,,,,565.0,5.0,26.0,4.1415929203539825,0.023893805309734513,0.020707964601769914,0.04460176991150443,1.471858407079646,1.0,14.336283185840708,0.1592920353982301,0.0,4.0,56.0,12.0,1.0,0.0833333333333333,6.849557522123894,0.3185840707964602,True
105717,Masuaku,SUN,DEF,4.0,0.7,u,Has joined Konyaspor permanently,0.0,,,,125.0,2.0,1.0,0.72,0.05040000000000001,0.057600000000000005,0.10800000000000003,1.5048,0.0,2.88,0.72,0.0,3.9,56.0,3.0,0.0,0.0,9.36,0.0,True
93605,Meunier,SUN,DEF,4.5,0.3,d,Knock - 75% chance of playing,75.0,,,,,,,,,,,,,,,,,,,,,,,False
484420,E.Le Fée,SUN,MID,6.0,11.7,a,,,2.0,1.0,2.0,2930.0,33.0,147.0,4.5153583617747435,0.16034129692832763,0.1827645051194539,0.34310580204778157,1.4283276450511944,16.0,19.07508532423208,0.15358361774744025,0.0,4.8,56.0,36.0,8.0,0.2222222222222222,9.79863481228669,0.4914675767918088,True
547027,Diarra,SUN,MID,5.5,0.1,a,,,1.0,,,1403.0,15.0,65.0,4.169636493228795,0.2097647897362794,0.05452601568068425,0.26429080541696365,1.3804704205274412,3.0,13.406985032074127,0.38488952245188884,0.0,5.3,56.0,20.0,0.0,0.0,5.067712045616536,0.0,True
84450,Xhaka,SUN,MID,5.5,4.7,a,,,,2.0,1.0,2901.0,32.0,124.0,3.8469493278179936,0.03133402275077559,0.11571871768355739,0.147052740434333,1.4171664943123061,8.0,18.707342295760082,0.2481902792140641,0.0,5.1,56.0,34.0,13.0,0.3823529411764705,11.2306101344364,0.8066184074457083,True
577669,Sadiki,SUN,MID,5.0,0.4,a,,,,,,2891.0,33.0,80.0,2.4904877205119336,0.044517468004150816,0.04545140089934279,0.08996886890349359,1.2885160843998618,0.0,12.76374956762366,0.2801798685575925,0.0,4.9,56.0,33.0,4.0,0.1212121212121212,7.720511933586994,0.2490487720511933,True
535818,Adingra,SUN,MID,5.0,0.3,a,,,,,,649.0,9.0,34.0,4.714946070878274,0.0485362095531587,0.0859784283513097,0.1345146379044684,1.5670261941448382,3.0,11.232665639445301,0.2773497688751926,0.0,4.9,56.0,14.0,0.0,0.0,6.240369799691833,0.0,True
461199,Mundle,SUN,MID,5.0,0.0,a,,,,,,399.0,2.0,14.0,3.1578947368421053,0.19624060150375938,0.10827067669172931,0.30451127819548873,1.926315789473684,0.0,9.473684210526315,0.22556390977443608,0.0,4.9,56.0,14.0,0.0,0.0,7.443609022556391,0.0,True
554197,Rigg,SUN,MID,5.0,0.1,a,,,,,,758.0,11.0,36.0,4.274406332453825,0.10211081794195251,0.1104221635883905,0.212532981530343,1.4794195250659632,1.0,16.147757255936675,0.11873350923482849,0.0,4.7,56.0,18.0,0.0,0.0,6.767810026385224,0.0,True
549912,Talbi,SUN,MID,5.5,0.2,a,,,,,,1553.0,16.0,83.0,4.810045074050225,0.12343850611719252,0.06838377334191886,0.19182227945911137,1.2900193174500967,6.0,14.372182871860913,0.0,0.0,4.9,56.0,28.0,0.0,0.0,5.331616226658081,0.0,True
699989,Jocelin.T,SUN,MID,5.0,0.0,a,,,,,,38.0,1.0,1.0,2.0,0.0,0.08,0.08,0.48,0.0,8.0,0.0,0.0,4.9,56.0,1.0,0.0,0.0,7.105263157894737,0.0,True
536661,Angulo,SUN,MID,5.0,0.1,a,,,,,,401.0,5.0,13.0,2.9177057356608476,0.17281795511221945,0.026932668329177057,0.1997506234413965,1.6294264339152118,0.0,9.650872817955111,0.22443890274314213,0.0,5.0,56.0,8.0,0.0,0.0,7.855361596009975,0.0,True
441264,Brobbey,SUN,FWD,6.0,15.2,a,,,,,,1920.0,22.0,92.0,4.3125,0.2821875,0.031406250000000004,0.31359375,1.471875,12.0,14.484375,0.28125,0.0,5.3,56.0,31.0,0.0,0.0,3.46875,0.0,True
437505,Isidor,SUN,FWD,5.5,1.1,a,,,,,,1148.0,11.0,74.0,5.801393728222996,0.3684668989547038,0.02979094076655052,0.39825783972125434,1.5538327526132403,7.0,20.853658536585364,0.078397212543554,0.0,5.0,56.0,32.0,0.0,0.0,3.998257839721254,0.0,True
