player_code,web_name,team_s,pos,price,own,status,news,chance_of_playing_next_round,penalties_order,corners_and_indirect_freekicks_order,direct_freekicks_order,p_mins,p_starts,p_pts,p_ppg,p_xg90,p_xa90,p_xgi90,p_xgc90,p_bonus,p_bps90,p_yc90,p_saves90,p_price_end,p_team_code,p_apps,p_dc_hits,p_dc_rate,p_dc_actions90,p_dc_p90,has_history,apps,app60,old_team,old_atk,n90,xg90,xa90,bps90,yc90,saves90,dc_rate,fr_matches,fr_mins,fr_starts,fr_start_rate,p_start,_gk_rank,p_app,p60,exp_mins,avail,ep1,ep2,ep3,ep4,ep5,ep6,ep7,ep8,ep9,ep10,ep11,ep12,ep13,ep14,ep15,ep16,ep17,ep18,ep19,ep20,ep21,ep22,ep23,ep24,ep25,ep26,ep27,ep28,ep29,ep30,ep31,ep32,ep33,ep34,ep35,ep36,ep37,ep38,ep_gw1_6,ep_season,ep_per_m
154561,Raya,ARS,GKP,6.0,34.6,a,,,,,,3330.0,37.0,162.0,4.378378378378378,0.0,0.0018918918918918,0.0018918918918918,0.7448648648648648,11.0,17.10810810810811,0.027027027027027,1.6216216216216215,6.2,3.0,,,,,,True,37.0,37.0,ARS,1.202714700927121,37.0,3.418073061311657e-05,0.001850714249491306,16.563111855706115,0.034273386072327446,1.804706246821763,0.0,1.0,45.0,1.0,1.0,0.8999545925778012,1.0,0.8999545925778012,0.8999545925778012,70.1964582210685,1.0,3.867157956763778,4.0087104546920225,3.3725742369487577,4.195614759089327,3.9612116568686346,3.686698759936852,4.088488953951361,3.746372305569804,3.845131099517925,3.867157956763778,3.7454054494228437,3.315074323640994,3.761634800547955,4.194292981554343,3.43313143875306,3.50315193220652,3.9577241907545115,4.009240872897121,3.867157956763778,3.71446976994903,4.1397213083613025,3.8700526508416697,3.6872041267869173,3.500144310287177,4.1397213083613025,3.8029976124176468,3.71788120350066,3.64732007336709,3.8714319975946294,3.9072597604343082,4.1397213083613025,3.6896606333697655,3.91539296374906,3.775438512604481,3.9391950418705743,3.740317580975695,4.079356837395762,3.546172060205542,23.091967824299374,145.2493911470773,24.208231857846215
109745,Arrizabalaga,ARS,GKP,5.0,0.1,a,,,,,,90.0,1.0,2.0,2.0,0.0,0.0,0.0,0.98,0.0,11.0,0.0,2.0,4.0,3.0,,,,,,True,1.0,1.0,ARS,1.202714700927121,1.0,0.00017090365306558279,0.0014757934696791309,13.704448167419464,0.06025581925052621,2.57908678966437,0.0,4.0,214.0,4.0,1.0,0.07548905057015831,2.0,0.07548905057015831,0.07548905057015831,5.888145944472348,1.0,0.32518880261633576,0.33882629929065033,0.29085147755538393,0.35203430077481507,0.33551906075528654,0.31231402782002055,0.3444281519345117,0.31652657000591156,0.32756623737241014,0.32518880261633576,0.3209122588271862,0.2871081831023554,0.32197036870921014,0.35195205684649844,0.2948911302434146,0.29958347868488494,0.3352851154908029,0.33885839100733905,0.32518880261633576,0.3142666390610251,0.3480595947835402,0.32537707886266637,0.3170580306997647,0.2993812351579871,0.3480595947835402,0.32056885951489233,0.3190756018008647,0.30953835709809563,0.3293652367420927,0.3280806821941318,0.3480595947835402,0.3125123594167466,0.33234831906227247,0.3185902312707256,0.33399937630277193,0.31609952622122217,0.3437861508751844,0.30252390428948805,1.954733968812492,12.310943889190243,2.4621887778380485
437495,Meslier,ARS,GKP,5.0,0.0,a,,,,,,0.0,0.0,0.0,0.0,0.0,0.0,0.0,0.0,0.0,0.0,0.0,0.0,4.1,2.0,,,,,,False,,,LEE,0.998193150012714,0.0,0.00017090365306558279,0.0019260682974362002,14.508710289914358,0.07389884164325727,2.637311829237913,0.0,3.0,101.0,1.0,0.3333333333333333,0.014406936479292535,3.0,0.014406936479292535,0.014406936479292535,1.1237410453848178,1.0,0.06272704185864036,0.06535038925638173,0.05626823953008559,0.06783376942156852,0.06472639928034442,0.060301038392866685,0.06640516984283701,0.06108948203786395,0.06323417222284265,0.06272704185864036,0.06199766790329009,0.05556718438604307,0.06218879976568131,0.06782453488735106,0.05703522950942676,0.05790308138823379,0.06468578850403899,0.06535415571652106,0.06272704185864036,0.06066493356244052,0.06709028029124199,0.06275157913300902,0.06126397241393157,0.057866082385214825,0.06709028029124199,0.06185231694965017,0.061645508562025234,0.05977365673972478,0.06357681112977623,0.06326774269826149,0.06709028029124199,0.06033342848228908,0.0641263340093747,0.06147511383405824,0.06444183426486334,0.06101056556280411,0.06628540464378839,0.05845511771100634,0.37720687773988726,2.3760074705772425,0.4752014941154485
226597,Gabriel,ARS,DEF,8.0,28.9,a,,,,,,2750.0,30.0,209.0,6.84,0.0962181818181818,0.0572727272727272,0.153490909090909,0.7203272727272727,30.0,23.69454545454545,0.1309090909090909,0.0,7.3,3.0,32.0,12.0,0.375,9.556363636363637,0.7854545454545454,True,32.0,30.0,ARS,1.202714700927121,30.555555555555557,0.08771667509338799,0.05665377603996781,21.734059623551936,0.14307863373278018,0.0,0.3557952717729398,3.0,136.0,2.0,0.6666666666666666,0.7584702466826093,,0.8111018256299778,0.7584702466826093,60.31857397808564,1.0,4.294175047493255,4.312249693789718,3.601531354826975,4.503765101006617,4.223485779062431,4.070917674747793,4.422426390478475,4.086586125871662,4.082702868464942,4.294175047493255,4.072448495669388,3.4995628288114102,4.009795223405401,4.580264634320087,3.819029301300215,3.7673444627540715,4.260517336728226,4.284780064996496,4.294175047493255,4.0599496802598445,4.502280229713745,4.160594852552254,3.8324625580782965,3.7750156670054174,4.502280229713745,4.1708600560054085,3.9292110365016693,3.9576521833812337,4.181112495294649,4.281783381037299,4.502280229713745,4.013247439005372,4.109564001821229,4.0832308036762015,4.207134773594051,4.097987251838395,4.424467450174882,3.825309994642623,25.00612465092679,157.09635679272375,19.63704459909047
445122,J.Timber,ARS,DEF,6.5,0.2,i,Groin injury - Unknown return date,0.0,,,,2452.0,28.0,149.0,5.469004893964111,0.172879282218597,0.05615823817292,0.2290375203915171,0.6404975530179445,9.0,19.526916802610117,0.1835236541598695,0.0,6.0,3.0,30.0,7.0,0.2333333333333333,6.533442088091355,0.5138662316476346,True,30.0,26.0,ARS,1.202714700927121,27.244444444444444,0.14617807773457003,0.05573411187222205,18.32824303080871,0.18489371344664166,0.0,0.23667278687143642,,,,,0.6726277661925365,,0.7778909240872733,0.6726277661925365,54.780755236702056,0.0,0.0,0.0,0.0,0.0,0.0,0.0,0.0,0.0,0.0,0.0,0.0,0.0,0.0,0.0,0.0,0.0,0.0,0.0,0.0,0.0,0.0,0.0,0.0,0.0,0.0,0.0,0.0,0.0,0.0,0.0,0.0,0.0,0.0,0.0,0.0,0.0,0.0,0.0,0.0,0.0,0.0
462424,Saliba,ARS,DEF,6.0,0.4,i,Back injury - Unknown return date,0.0,,,,2614.0,30.0,137.0,4.716908951798011,0.0302983932670237,0.0416602907421576,0.0719586840091813,0.7027161438408569,12.0,20.003825554705436,0.0688599846977811,0.0,6.3,3.0,31.0,8.0,0.2580645161290322,7.712318286151492,0.5508798775822494,True,31.0,28.0,ARS,1.202714700927121,29.044444444444444,0.035685921587899315,0.04438770331694316,18.760403987320107,0.09492587254131588,0.0,0.2573032520911273,,,,,0.6801104486465023,,0.7590578170675549,0.6801104486465023,54.78545709969033,0.0,0.0,0.0,0.0,0.0,0.0,0.0,0.0,0.0,0.0,0.0,0.0,0.0,0.0,0.0,0.0,0.0,0.0,0.0,0.0,0.0,0.0,0.0,0.0,0.0,0.0,0.0,0.0,0.0,0.0,0.0,0.0,0.0,0.0,0.0,0.0,0.0,0.0,0.0,0.0,0.0,0.0
499169,Lewis-Skelly,ARS,MID,5.5,0.5,a,,,,,,697.0,5.0,29.0,3.744619799139168,0.0129124820659971,0.0258249641319942,0.0387374461979913,1.1634146341463414,0.0,14.203730272596845,0.3873744619799139,0.0,5.0,3.0,20.0,0.0,0.0,4.131994261119082,0.0,True,20.0,5.0,ARS,1.202714700927121,7.7444444444444445,0.08327016580287157,0.07489775203274793,16.131334397048033,0.29213520906561496,0.0,0.01941370975944116,4.0,264.0,4.0,1.0,0.5308731673587557,,0.9256100094640188,0.5308731673587557,50.09231758029873,1.0,2.2606177831947667,2.2252877675676386,2.100643804352091,2.237204518907053,2.19226453057912,2.2188533862224786,2.251628913713578,2.187160032451787,2.1723048734903,2.2606177831947667,2.2432935816763186,2.069908437574649,2.1818609502226045,2.2971755660675948,2.219381960760435,2.123929758575384,2.22347736288827,2.203689419142791,2.2606177831947667,2.18992619099565,2.276118290770692,2.1554998069732005,2.1052790902869054,2.132209285784015,2.276118290770692,2.2112404719240706,2.154916320635667,2.160697532693445,2.2279228595123257,2.222760689664446,2.276118290770692,2.1721492426759115,2.1389798918829253,2.1634802846441867,2.196247031606385,2.2003716068577615,2.259868130901752,2.1352794604401324,13.234871790823147,83.58510098356724,15.197291087921316
466075,Calafiori,ARS,DEF,5.5,28.2,a,,,,,,1697.0,22.0,109.0,5.780789628756629,0.1781968179139658,0.0403064230995875,0.2185032410135533,0.5154979375368298,6.0,20.63052445492045,0.2651738361814967,0.0,5.6,3.0,26.0,5.0,0.1923076923076923,7.4779021803182095,0.5303476723629935,True,26.0,19.0,ARS,1.202714700927121,18.855555555555554,0.14157089887217886,0.044471908505870295,18.728666484784952,0.24264909352616765,0.0,0.203756885230366,4.0,213.0,3.0,0.75,0.6191079895058303,,0.8033185158216198,0.6191079895058303,52.34305476040214,1.0,3.524493493984422,3.5152503860534243,2.908472569092465,3.6635013448169538,3.4287787512607877,3.332867388636512,3.613123362855289,3.324417308264145,3.3121222953912235,3.524493493984422,3.3494347306231425,2.812711679399023,3.2641493959403975,3.758162528874169,3.1454021470640927,3.0472293210696235,3.475990026222017,3.4812209137433228,3.524493493984422,3.3064415636464313,3.6874556212578433,3.3589626542845634,3.0841018252091255,3.058134517131918,3.6874556212578433,3.402029826849284,3.18730198087923,3.2120802153533052,3.420208644229041,3.491202798959151,3.6874556212578433,3.260575020425152,3.3107888519519193,3.306912063084247,3.4192634229680654,3.341231788461104,3.619907786445145,3.0976016575441294,20.373363933844566,127.94542611245517,23.26280474771912
448104,Hincapie,ARS,DEF,5.5,2.7,a,,,,,,1787.0,20.0,87.0,4.38164521544488,0.0181309457190822,0.0841074426412982,0.1022383883603805,0.8828763290430891,7.0,16.871852266368215,0.1007274762171236,0.0,5.1,3.0,25.0,7.0,0.28,8.612199216564074,0.7050923335198658,True,25.0,18.0,ARS,1.202714700927121,19.855555555555554,0.028790132658179597,0.0755439181725921,16.117745071290475,0.1262396725379925,0.0,0.27484581701199073,4.0,169.0,2.0,0.5,0.5239997472449995,,0.708210273560789,0.5239997472449995,44.92461186405733,1.0,2.7611344839060465,2.790456315392563,2.303295318938793,2.931453701612324,2.737220392112825,2.6091589927855012,2.862986890230366,2.6350118270608927,2.638569254310421,2.7611344839060465,2.599609888858628,2.2391195671643245,2.5787750119598605,2.9634835980463907,2.416991117434124,2.4193723278808483,2.7517669656555546,2.778982646298911,2.7611344839060465,2.613483005942483,2.913190505971703,2.7053782228507344,2.477155480974883,2.421593248839399,2.913190505971703,2.6887286110765425,2.529150603863709,2.548298334943987,2.689225849240386,2.768312423002109,2.913190505971703,2.585666163794673,2.673694078649651,2.6428453761569015,2.7229922561601754,2.6379103286632537,2.860920979803675,2.4585664152298485,16.132719204748053,101.30315016456801,18.418754575376003
198869,White,ARS,DEF,5.5,3.4,a,,100.0,,,,699.0,9.0,45.0,5.793991416309013,0.0579399141630901,0.0888412017167381,0.1467811158798283,1.1175965665236052,3.0,23.30472103004292,0.0,0.0,5.1,3.0,12.0,1.0,0.0833333333333333,6.824034334763948,0.2575107296137339,True,12.0,7.0,ARS,1.202714700927121,7.766666666666667,0.05657284184218206,0.07130979764530546,18.70837695118057,0.09618242357487478,0.0,0.14001224040953955,4.0,213.0,3.0,0.75,0.5297889031692956,,0.6613678505377166,0.5297889031692956,44.218271289310316,1.0,2.7179022679088183,2.7380947575687484,2.2416857068050264,2.8761191407133317,2.6795285824223685,2.5624795120315076,2.813668426459552,2.580193824027929,2.580267893208661,2.7179022679088183,2.55879695234211,2.172990573099304,2.5249527658457094,2.9203991064865136,2.3777564592590217,2.358639656882961,2.700534437334837,2.7222071509578276,2.7179022679088183,2.5601272716227914,2.8673815467401846,2.640660971727054,2.4100338709167533,2.3626345208695394,2.8673815467401846,2.637227273218116,2.4711865313554835,2.490895613126261,2.6414622090907356,2.716261849775912,2.8673815467401846,2.529392182680878,2.6065063008389755,2.582389575780174,2.666761557312923,2.585952952156288,2.8135447708260415,2.3988937487373683,15.815809967449802,99.27809758942773,18.050563198077768
500040,Mosquera,ARS,DEF,5.5,11.4,a,,,,,,986.0,9.0,40.0,3.6511156186612577,0.0091277890466531,0.0575050709939148,0.0666328600405679,0.8251521298174441,1.0,17.79918864097363,0.3651115618661257,0.0,5.3,3.0,20.0,4.0,0.2,9.858012170385395,0.7302231237322515,True,20.0,8.0,ARS,1.202714700927121,10.955555555555556,0.02859136141503887,0.05614806732631214,16.299640617658394,0.2910216055408835,0.0,0.21231616643737355,4.0,230.0,4.0,1.0,0.6158566553166013,,0.9316461290008118,0.6158566553166013,54.98418753574753,1.0,3.1586991148398,3.1971802015113715,2.6216920050338666,3.365751023080858,3.1360905560350942,2.979503004486208,3.2820831803600115,3.013508718985574,3.019137707679375,3.1586991148398,2.965783805672364,2.547110744232053,2.9462667471678565,3.3988865029143427,2.747911029787029,2.7594953289510777,3.150779547942,3.185321218291319,3.1586991148398,2.987333943316903,3.3402793063406326,3.1010855830788358,2.8308186282151304,2.761416855762603,3.3402793063406326,3.0760030659217503,2.8889420903675114,2.9114809787171336,3.075091981316913,3.1707581367801625,3.3402793063406326,2.9554473386438556,3.064440071833256,3.0250852918695266,3.1186050658607076,3.0158017800072714,3.27885498718835,2.805691644092392,18.458915904987197,115.880294028644,21.069144368844363
223340,Saka,ARS,MID,9.5,9.5,a,,,1.0,2.0,2.0,2218.0,25.0,157.0,6.370604147880973,0.3071686203787195,0.2905320108205591,0.5977006311992786,0.631785392245266,18.0,23.128944995491437,0.0811541929666366,0.0,10.0,3.0,31.0,5.0,0.1612903225806451,7.466185752930568,0.405770964833183,True,31.0,23.0,ARS,1.202714700927121,24.644444444444446,0.2689904101234407,0.24932951485037574,21.87137537121071,0.11026398612865092,0.0,0.14877720145258022,,,,,0.6638726144797087,,0.8743989302691824,0.6638726144797087,56.4136428767857,1.0,4.137871243895554,3.9811272865288063,3.7400909586898976,3.950044647389402,3.878763271195498,4.05319419418715,4.04599059550311,3.9135885891876936,3.852640748949289,4.137871243895554,4.155235461563974,3.6496459514278743,3.9222846482681706,4.171386703235999,4.153493783090881,3.7747029749242964,3.995108292096551,3.9013855482377067,4.137871243895554,3.936014884228688,4.115635345990733,3.7497429255671992,3.6713248504013993,3.806358659046994,4.115635345990733,3.9805688374162274,3.8412722171597005,3.8542359775529498,4.046652406786353,3.983212476028647,4.115635345990733,3.880097056801685,3.70119283309762,3.8152677614196713,3.9023699384758315,3.9645532983386516,4.07999519365447,3.799769416195651,23.741091601886307,149.9118321563069,15.780192858558621
204480,Rice,ARS,MID,7.5,19.7,a,,,,1.0,1.0,3093.0,35.0,184.0,5.354025218234724,0.091658583899127,0.2129970902036857,0.3046556741028128,0.6945683802133851,23.0,22.987390882638216,0.08729388942774,0.0,7.2,3.0,36.0,14.0,0.3888888888888889,10.940834141610088,0.8147429679922406,True,36.0,35.0,ARS,1.202714700927121,34.36666666666667,0.1029357002209989,0.19589040509583103,22.04513528471468,0.10856427779857755,0.0,0.3453513441367969,,,,,0.7515415928013716,,0.7778573822750557,0.7515415928013716,59.19919160692804,1.0,3.8142786589113333,3.735659246326236,3.537562743476605,3.740844046249207,3.6733911265649803,3.7469081757067095,3.7810616919218476,3.6766365239893974,3.644839447840502,3.8142786589113333,3.7996710122049087,3.4808352470151855,3.6730284829606887,3.8629319653946435,3.7729760060004915,3.5719236411174973,3.7372243808710257,3.691683074707172,3.8142786589113333,3.6853723039268926,3.8256461219784605,3.600241509756988,3.5251773770356816,3.5890578299299145,3.8256461219784605,3.720094897140884,3.622859761509085,3.6325011893536368,3.755203136110314,3.733414658495057,3.8256461219784605,3.65164560896361,3.5697671471159933,3.625653993404589,3.6837622703363566,3.704092267192783,3.798748516124345,3.5907541381510266,22.24864399723507,140.5352977595636,18.73803970127515
232413,Eze,ARS,MID,6.5,2.4,a,,,,,3.0,1885.0,22.0,113.0,5.395225464190982,0.2473209549071618,0.1270026525198939,0.3743236074270557,0.6784615384615386,8.0,20.960212201591517,0.0477453580901856,0.0,7.3,3.0,33.0,0.0,0.0,5.729442970822282,0.0,True,33.0,18.0,ARS,1.202714700927121,20.944444444444443,0.22080377157108216,0.1257313299924775,20.141305505035344,0.08981020777196785,0.0,0.012942473172960775,1.0,32.0,0.0,0.0,0.38597711264910395,,0.7807139547543671,0.38597711264910395,38.7904253129459,1.0,2.4047630573824383,2.329797290343018,2.201889104132696,2.3183298270354458,2.279052731338342,2.360191800878641,2.3629244048434064,2.2933821309506257,2.2640319685648276,2.4047630573824383,2.4092536094768766,2.1567734383909563,2.296237489161154,2.426001273562809,2.4041967602661884,2.2212238518100618,2.33559288103302,2.291008340675461,2.4047630573824383,2.303696893460432,2.3978122156786945,2.2159663858166376,2.172616541296536,2.236569299910026,2.3978122156786945,2.3270300103224395,2.255932089306514,2.262645743446444,2.358956694756662,2.3302563170961186,2.3978122156786945,2.2760240808752394,2.1917448391514225,2.2460856600814005,2.2901026942380605,2.3180666144810136,2.37929094166448,2.234235985723337,13.894023811110582,87.75683351327369,13.501051309734414
184029,Ødegaard,ARS,MID,6.5,5.8,a,,,3.0,4.0,,1363.0,16.0,74.0,4.886280264123258,0.082538517975055,0.2410124724871606,0.3235509904622157,1.0696991929567132,5.0,20.20542920029347,0.0,0.0,7.8,3.0,24.0,1.0,0.0416666666666666,6.735143066764491,0.132061628760088,True,24.0,11.0,ARS,1.202714700927121,15.144444444444444,0.10633404942038838,0.20001445733576753,19.442199155361045,0.06910974135668575,0.0,0.05015854845818229,2.0,78.0,1.0,0.5,0.4216333869365869,,0.7637386500944816,0.4216333869365869,40.41371997052747,1.0,2.3428925190182897,2.2856017670578663,2.1644901910507177,2.283124828146977,2.2435156055045042,2.301295544446572,2.314812465602199,2.250162700472734,2.2273612711964623,2.3428925190182897,2.3392682944599064,2.1265733219778795,2.2499330936209576,2.368759231461371,2.327589889572881,2.184410752898231,2.288382453345172,2.254754046806973,2.3428925190182897,2.2572851147933854,2.344395451885087,2.192750656852907,2.1488089319209114,2.1965183282864342,2.344395451885087,2.278861768852292,2.2162454024276603,2.2223260677218484,2.303854718542862,2.2849568350118568,2.344395451885087,2.234418166019192,2.1723871469489233,2.213513106571837,2.2515155965968754,2.2696000350325414,2.327511091232662,2.1962486053499424,13.620920455224926,86.03870094249366,13.236723221922102
248857,Madueke,ARS,MID,6.5,0.3,a,,,,6.0,,1205.0,16.0,72.0,5.37759336099585,0.0918672199170124,0.213609958506224,0.3054771784232365,0.9537759336099584,9.0,18.970954356846477,0.0,0.0,6.8,3.0,26.0,0.0,0.0,5.228215767634855,0.0,True,26.0,11.0,ARS,1.202714700927121,13.38888888888889,0.11412666230787998,0.1794961634443656,18.606805631489383,0.07478212532258516,0.0,0.015773639179545947,1.0,28.0,0.0,0.0,0.30945190653514565,,0.7041887486404088,0.30945190653514565,32.82145923605715,1.0,1.8629248379910706,1.8167811560879468,1.7247940129494521,1.8132899408860643,1.7836704817520108,1.8312145505472697,1.839381551453556,1.7900485261822894,1.7717719380707544,1.8629248379910706,1.8616850656801969,1.695072933801438,1.7904375733605233,1.8814653731369835,1.8541385705432778,1.7396142816870075,1.8194131246175016,1.7922220766483055,1.8629248379910706,1.7959660992297364,1.862513433061392,1.743390415320255,1.7105717824047684,1.7492756010434156,1.862513433061392,1.8124533210330782,1.7639911780602997,1.7686626527896345,1.832442077152556,1.8164986862633428,1.862513433061392,1.777957410475196,1.7274299874602153,1.760649898797539,1.7902197425419668,1.805567607707148,1.849563970531476,1.7486981656848106,10.832674980213815,68.43465456705742,10.528408394931912
195384,Merino,ARS,MID,6.0,0.9,a,,,,,,1024.0,10.0,67.0,5.888671875,0.2953125,0.12744140625,0.4227539062499999,0.646875,5.0,20.7421875,0.087890625,0.0,5.3,3.0,22.0,0.0,0.0,9.931640625,0.0,True,22.0,8.0,ARS,1.202714700927121,11.377777777777778,0.23589095466896157,0.12536130426055267,19.609002775583175,0.13414884819150025,0.0,0.018027016205195368,1.0,28.0,0.0,0.0,0.2622413799094284,,0.6306624325410073,0.2622413799094284,28.560090790830152,1.0,1.8010774079674905,1.7423587219913201,1.6495646975631388,1.7313869756053137,1.703658076716279,1.76855037898638,1.767073932538867,1.716243941681293,1.6933722437068772,1.8010774079674905,1.8068277650475257,1.6153149313140607,1.7192437154715046,1.8146632425133702,1.8053397232540866,1.6630810177039206,1.747419941324651,1.712357471748319,1.8010774079674905,1.7245638617756724,1.7934762651556275,1.6550520980310512,1.6245192197502054,1.6749803779587045,1.7934762651556275,1.7416549195283666,1.6885866777744796,1.6935446817677247,1.766474331076697,1.7430333859874334,1.7934762651556275,1.7034323983583328,1.6366663600527696,1.6793575131834269,1.7124539440278856,1.7353973574509123,1.7798329897785998,1.6726737900480337,10.396596258829922,65.67234170308654,10.945390283847757
444145,Martinelli,ARS,MID,6.5,0.3,a,,,,,,1065.0,11.0,57.0,4.816901408450704,0.348169014084507,0.1073239436619718,0.4554929577464789,0.888169014084507,3.0,16.47887323943662,0.2535211267605634,0.0,6.8,3.0,30.0,0.0,0.0,6.507042253521126,0.0,True,30.0,5.0,ARS,1.202714700927121,11.833333333333334,0.2687920587914112,0.11340622668369962,17.091373019953537,0.23190789425544894,0.0,0.014021012604040838,3.0,105.0,1.0,0.3333333333333333,0.3207418020262158,,0.8207418020262158,0.3207418020262158,36.01786055804483,1.0,2.217469239474252,2.136515905276763,2.0161093699015558,2.119364391034566,2.0842256430745127,2.1750524808785436,2.169335464148498,2.1029637034179354,2.0715509209195533,2.217469239474252,2.2276700046465376,1.9699980406151765,2.1078762785320158,2.2330955188844785,2.228135564577165,2.033086649915736,2.1440246416122486,2.095542177622108,2.217469239474252,2.1146790216668334,2.2047945204547874,2.0180366521383872,1.9794251587170266,2.0493693972810414,2.2047945204547874,2.137035504854971,2.066539960527995,2.073069384231338,2.1710618634390157,2.1377667953246515,2.2047945204547874,2.086099473466043,1.9932857363128909,2.052272205168407,2.0964954303892243,2.1291853035456794,2.1868644213033757,2.0457018584032483,12.748737029640193,80.51822620161464,12.38741941563302
481655,Zubimendi,ARS,MID,5.5,1.3,a,,,,,,2991.0,34.0,133.0,4.002006018054162,0.0854563691073219,0.0683049147442327,0.1537612838515546,0.7850551654964895,9.0,18.174523570712136,0.1203610832497492,0.0,4.9,3.0,38.0,6.0,0.1578947368421052,9.117352056168505,0.3610832497492477,True,38.0,32.0,ARS,1.202714700927121,33.233333333333334,0.09824678656498756,0.07880089319062351,18.140151129242,0.1358004826855231,0.0,0.14783537394876062,,,,,0.6357605284975676,,0.7936552653396729,0.6357605284975676,53.063005433336585,1.0,2.7465171475460983,2.7039831735412694,2.5545434620880165,2.718163022679839,2.6643140440829574,2.696436676267283,2.735592096453082,2.6582828915146632,2.640408544911797,2.7465171475460983,2.725847650575895,2.517632224319397,2.6519672832432697,2.790273601383352,2.6972676323221165,2.5824410541206264,2.7018473511153513,2.678012766117494,2.7465171475460983,2.6616332556286344,2.7649974862797713,2.6201205412500177,2.559946434568283,2.5923987300790587,2.7649974862797713,2.687194270328486,2.619605059959859,2.626539887916195,2.7072625240126844,2.7009672285619053,2.7649974862797713,2.640277098390235,2.6002812900640104,2.629788112450493,2.669120392908173,2.6741731722214763,2.7455062647777284,2.596054776953929,16.083957526205463,101.58242641628519,18.469532075688218
616077,Dowman,ARS,MID,5.5,0.1,a,,,,,,152.0,1.0,16.0,9.473684210526317,0.7046052631578947,0.1776315789473684,0.8822368421052632,0.5210526315789473,0.0,30.19736842105263,0.0,0.0,4.2,3.0,6.0,0.0,0.0,9.473684210526317,0.0,True,6.0,1.0,ARS,1.202714700927121,1.6888888888888889,0.2478140194296663,0.1320299479706466,20.123968853918644,0.16508668720868852,0.0,0.04206303781212252,4.0,230.0,4.0,1.0,0.5442794385268892,,0.6758583858953102,0.5442794385268892,45.348533047202615,1.0,2.7914366440081113,2.695649664242578,2.5227911210650444,2.6835335493207824,2.6294774330500017,2.7314463079222064,2.7395486498641604,2.646050389056619,2.608398633684478,2.7914366440081113,2.794327720143502,2.4637577320530983,2.6487258036226233,2.8224611629159053,2.7847139381204116,2.5495714478937286,2.702389884416941,2.6456015264548514,2.7914366440081113,2.658923230570696,2.7853046901439527,2.547839411977836,2.4880871687840234,2.569332371523319,2.7853046901439527,2.6902478025591736,2.596061821531318,2.6050233832401957,2.731281447189875,2.695834462230805,2.7853046901439527,2.6228711020072466,2.516143009836006,2.5854141512934374,2.643417045554642,2.677821914350528,2.7605378941155228,2.566961587366708,16.054334719608722,101.35446677041443,18.42808486734808
499175,Nwaneri,ARS,MID,5.5,0.0,a,,,,,,165.0,0.0,8.0,4.363636363636364,0.1254545454545454,0.0436363636363636,0.1690909090909091,0.3981818181818182,0.0,10.90909090909091,0.0,0.0,5.0,3.0,6.0,0.0,0.0,7.090909090909091,0.0,True,6.0,1.0,ARS,1.202714700927121,1.8333333333333333,0.14654669485047347,0.10771764365017386,16.67582015888933,0.16266168502370218,0.0,0.04206303781212252,4.0,241.0,4.0,1.0,0.5442794385268892,,0.6758583858953102,0.5442794385268892,45.348533047202615,1.0,2.323135735080858,2.265299919644492,2.1211553629992905,2.268687872099246,2.219716936990195,2.274085910689359,2.2984359090478286,2.2223961639878036,2.1990300406841277,2.323135735080858,2.3128680814255578,2.0796572801910083,2.2199054368175384,2.358273934647668,2.2937598225897364,2.146083949497789,2.26656305559767,2.2330307987004048,2.323135735080858,2.2288741289769876,2.3310361141040756,2.1660780005328233,2.1115906397219923,2.158662819539047,2.3310361141040756,2.2541636768124302,2.183194776829477,2.19022302590397,2.2799505509940543,2.263716209498913,2.3310361141040756,2.2041798409003066,2.1437853594262846,2.1849254226629813,2.2273765419323244,2.2425549533648788,2.31143415433076,2.1598080929324652,13.47208173750344,85.05198421752421,15.463997130458948
438098,Fábio Vieira,ARS,MID,5.5,0.0,a,,,,,,0.0,0.0,0.0,0.0,0.0,0.0,0.0,0.0,0.0,0.0,0.0,0.0,5.4,3.0,,,,,,False,,,ARS,1.202714700927121,0.0,0.14654838772833892,0.12172257550910852,17.895601096669267,0.19725680451144315,0.0,0.09179031691342893,4.0,116.0,1.0,0.25,0.3055199933179387,,0.3055199933179387,0.3055199933179387,23.83055947879922,1.0,1.2526568282353727,1.2212238016329764,1.1410919867845974,1.2235471218357514,1.1961965699575072,1.225421202817827,1.2395313520148994,1.1973227212119009,1.1845950650831694,1.2526568282353727,1.2465355010963841,1.1182746908596146,1.1957841331436856,1.2724927820199412,1.2355513161334484,1.1550347829271372,1.221783912224465,1.2035936189740635,1.2526568282353727,1.2007851128823235,1.2574730884741034,1.1668487725147063,1.1364065754531851,1.1619003875944185,1.2574730884741034,1.2148167816465154,1.1756111429653648,1.1795037373365893,1.2288771423313194,1.2202867321253672,1.2574730884741034,1.1872323108608271,1.1545909529085947,1.1769191776913146,1.2003253740929998,1.2083226842149861,1.2466103686667944,1.1626388664399898,7.260137511264032,45.83004642857109,8.332735714285652
200641,Nelson,ARS,MID,5.5,0.0,a,,,,,,118.0,0.0,13.0,9.915254237288137,0.5415254237288135,0.0838983050847457,0.6254237288135592,2.3033898305084746,0.0,29.74576271186441,0.0,0.0,4.8,94.0,10.0,0.0,0.0,17.54237288135593,0.0,True,10.0,0.0,BRE,1.0718818240331343,1.3111111111111111,0.20631721353540455,0.11698104371169911,19.65167164751439,0.17178471509066398,0.0,0.03154727835909189,2.0,73.0,1.0,0.5,0.30974572580977355,,0.5729036205466156,0.30974572580977355,29.949640297372863,1.0,1.849626003294905,1.7889586974134564,1.6859287370612317,1.7795487765004976,1.7479610043470946,1.81371138652408,1.8156870435201178,1.7596460902028275,1.7359016372932226,1.849626003294905,1.8534056092913005,1.6494890525963952,1.7620065861616003,1.8666146168685642,1.8494744525830413,1.7014695866921266,1.7936828807127605,1.7575929290169194,1.849626003294905,1.768009170285304,1.8438603395150066,1.6969599779315487,1.6621014315915152,1.7138803056690415,1.8438603395150066,1.786814637469445,1.7294482818507266,1.7348618243014753,1.812639594876808,1.7893507124453503,1.8438603395150066,1.7456499348436831,1.6773965037391882,1.7213810321406549,1.756912545074556,1.7796106068680804,1.828928000396399,1.7119608124791694,10.665734605141266,67.35744348717792,12.24680790675962
224117,Gyökeres,ARS,FWD,7.5,10.7,a,,,2.0,,,2217.0,26.0,128.0,5.196211096075778,0.4976995940460081,0.0787550744248985,0.5764546684709067,0.7230040595399188,16.0,19.24221921515561,0.2029769959404601,0.0,9.1,3.0,36.0,0.0,0.0,3.4506089309878214,0.0,True,36.0,22.0,ARS,1.202714700927121,24.633333333333333,0.4752668092017812,0.0737209763593023,19.310027116068024,0.20074659087336463,0.0,0.0001713267543859649,4.0,186.0,2.0,0.5,0.5223766585135945,,0.8907977111451735,0.5223766585135945,48.85064252195511,1.0,3.0322515921842865,2.8824760373597855,2.769155317426089,2.82128871058324,2.801219870974656,2.989074492402025,2.9249525663057723,2.8560519428672735,2.799673212283017,3.0322515921842865,3.08418296477914,2.699951637852738,2.876440296124121,3.0160168121988566,3.121653238946781,2.77646327332802,2.904091535660008,2.8123105454951887,3.0322515921842865,2.8812895395650364,2.9768725153933926,2.6907205356608244,2.669942499098959,2.8048074909557545,2.9768725153933926,2.9051069666948135,2.8134799703595985,2.8211098541216013,2.9652788624365543,2.8894555145809595,2.9768725153933926,2.8364654375754568,2.6536082743799425,2.764628526928131,2.8260041334236017,2.9018819983008433,2.9564893142621176,2.790931250801884,17.295466020930082,109.33357494646583,14.577809992862111
219847,Havertz,ARS,FWD,7.5,4.5,a,,,,,,577.0,7.0,36.0,5.6152512998266895,0.5162911611785095,0.0998266897746967,0.6161178509532063,1.0419410745233968,3.0,22.305025996533796,0.1559792027729636,0.0,7.3,3.0,12.0,0.0,0.0,4.991334488734835,0.0,True,12.0,5.0,ARS,1.202714700927121,6.411111111111111,0.45517241220172044,0.07672976682133455,20.758326630602774,0.17701830176952343,0.0,0.0003997624269005847,4.0,184.0,2.0,0.5,0.38229750117113703,,0.5665080274869265,0.38229750117113703,33.871836670296055,1.0,2.096981522460623,1.996622378717346,1.9206902919743292,1.9556229797805196,1.9421755813622756,2.068050120613751,2.0250843535649827,1.978916555490269,1.941139221709742,2.096981522460623,2.1317788436465763,1.874319427022411,1.992578048365994,2.0861031877409997,2.1568863095190722,1.9255870870333816,2.011106136788124,1.949607038382884,2.096981522460623,1.9958273497630297,2.059874020274838,1.8681340016846604,1.854211396220379,1.9445795148332696,2.059874020274838,2.0117865401376744,1.9503906273884584,1.9555031345803864,2.0521055357249502,2.0012990721771935,2.059874020274838,1.9657923517287597,1.8432664272070338,1.917657054549086,1.9587826128675128,2.0096256062857036,2.046215979650795,1.9352815517454325,11.980142874908847,75.73729294646338,10.098305726195118
205651,G.Jesus,ARS,FWD,6.0,0.4,a,,,,,,418.0,3.0,24.0,5.167464114832535,0.5834928229665072,0.0559808612440191,0.6394736842105262,0.8547846889952153,0.0,19.808612440191386,0.6459330143540669,0.0,6.4,3.0,14.0,0.0,0.0,6.45933014354067,0.0,True,14.0,1.0,ARS,1.202714700927121,4.644444444444445,0.47131688807173233,0.057397634066143136,19.625263303947097,0.35992331932783117,0.0,0.00035978618421052624,4.0,142.0,2.0,0.5,0.3203616013718957,,0.6624668645297904,0.3203616013718957,32.51452069648155,1.0,1.9860574356077407,1.8894107363458494,1.8162874983621469,1.8499279704396163,1.8369780126947852,1.9581962523689502,1.9168198574373525,1.8723598797045362,1.8359799896355031,1.9860574356077407,2.019567548491736,1.771631965519161,1.885516012212065,1.9755815078058152,2.0437462492348843,1.821003153177118,1.9033587171499624,1.8441345682906125,1.9860574356077407,1.8886451167781009,1.9503225989965047,1.7656753489107764,1.752267762784988,1.8392930208400429,1.9503225989965047,1.904013951296529,1.8448891710915334,1.849812558504209,1.942841483056195,1.893914431470133,1.9503225989965047,1.859721161131618,1.7417276655979357,1.8133664652176507,1.8529707236691346,1.9019329538275742,1.9371697910363723,1.830339004207567,11.33685790581909,71.6682206321032,11.944703438683867
208706,Bruno G.,ARS,MID,7.0,8.8,a,,,4.0,5.0,,2456.0,27.0,154.0,5.643322475570033,0.2048452768729641,0.1817589576547231,0.3866042345276873,1.172271986970684,22.0,24.955211726384366,0.2198697068403909,0.0,6.9,4.0,29.0,4.0,0.1379310344827586,9.014657980456027,0.2931596091205212,True,29.0,27.0,NEW,1.0234140482398681,27.288888888888888,0.19272475596431637,0.1683029328181372,23.377865503972625,0.2153512566895392,0.0,0.12870732724987055,1.0,45.0,1.0,1.0,0.6961557420910357,,0.7487873210384042,0.6961557420910357,55.458042619942894,1.0,3.7252559767648705,3.6014881342186458,3.379447419503402,3.5854795017563568,3.516171702606935,3.6481648447899095,3.657991910576853,3.537827677628475,3.4891981204821017,3.7252559767648705,3.729388011354288,3.3033626381738337,3.541420121997953,3.7648018610713785,3.7174049011198433,3.4137616629584873,3.6102898927034297,3.536887815715859,3.7252559767648705,3.5545035970738104,3.716949898201493,3.410829371154798,3.334230061846785,3.439273698486683,3.716949898201493,3.5947681622613614,3.473534278004332,3.4850602813243956,3.647755011523768,3.601782858051843,3.716949898201493,3.508016643496064,3.369978053807447,3.4595069943310985,3.534208275334097,3.5788479753088622,3.685101713270071,3.436125340622209,21.456007579640122,135.47322615745443,19.35331802249349
439509,Tzolis,ARS,MID,6.5,16.2,a,,,,3.0,,,,,,,,,,,,,,,,,,,,,False,,,,1.0099370333055604,0.0,0.18214860604795427,0.1440295009567632,18.905832388363066,0.17619734718625288,0.0,0.09407498288757496,4.0,214.0,3.0,0.75,0.5659342558850969,,0.5659342558850969,0.5659342558850969,44.142871959037564,1.0,2.6527234811922336,2.5625321790700015,2.389913375940546,2.5537768901166746,2.4988305125489347,2.593058101823818,2.6055099935548913,2.512619106258982,2.477010205752026,2.6527234811922336,2.65246802375664,2.3328776206418196,2.5141204715014123,2.686001976271492,2.6401184189245956,2.417300213148648,2.5681830020905165,2.5148995708911626,2.6527234811922336,2.5244190578989603,2.6498256522878965,2.4208843530617186,2.3600597624884516,2.4360671857553458,2.6498256522878965,2.55549405846876,2.4633154228200427,2.472154335001096,2.5943811704266633,2.562285982236199,2.6498256522878965,2.489747736911548,2.390257712907238,2.455312245186355,2.5117681496900204,2.5427763359116025,2.62535364960737,2.434473576660043,15.250834540692209,96.26561779776395,14.810095045809838
98980,Martinez,AVL,GKP,5.0,4.8,a,,,,,,2835.0,32.0,120.0,3.809523809523809,0.0,0.0025396825396825,0.0025396825396825,1.3625396825396825,11.0,16.825396825396826,0.0634920634920634,3.015873015873016,5.0,7.0,,,,,,True,32.0,31.0,AVL,0.9670199126229554,31.5,3.894007285038595e-05,0.0023615731956230616,16.261773000171523,0.064362085398854,2.942070407771628,0.0,,,,,0.7797310602231373,1.0,0.8060468496968215,0.7797310602231373,61.39797006582577,1.0,3.086962051096594,2.5638311128739515,3.2297534147020066,2.7809105095573723,3.275836829130723,2.761612167729722,2.9336762983666205,2.502737858239631,2.828785189554954,2.9152438605686397,2.9118654760808016,3.2297534147020066,2.785399227933483,2.712788433540029,3.2297534147020066,3.0205623983425536,2.7413880511966373,2.6130297809585876,3.0522793813432827,3.180105226838548,2.614912814764978,3.124074182202489,2.8795760509616786,3.2767674301994516,2.571710260743353,3.070320810429616,2.535103553766539,3.0014777105059913,2.8795760509616786,3.1874853268698113,2.6431073296989065,2.9399830008224206,2.8795760509616786,3.084449599310567,2.9440723985449084,2.881480858306867,2.895457562152824,2.8073474461668764,17.69890608509037,110.5727525348288,22.11455050696576
72147,M.Bizot,AVL,GKP,4.5,0.1,a,,,,,,585.0,6.0,16.0,2.4615384615384617,0.0,0.0,0.0,1.6953846153846153,0.0,11.538461538461538,0.3076923076923077,2.923076923076923,4.2,7.0,,,,,,True,7.0,6.0,AVL,0.9670199126229554,6.5,0.00010607812948898243,0.0009160097398008399,12.920002310812082,0.17533119815549902,2.7732262832399535,0.0,2.0,180.0,2.0,1.0,0.06332252928561675,2.0,0.08963831875930096,0.06332252928561675,5.51810465269916,1.0,0.25693064163288165,0.21307998157506924,0.26868130851697625,0.23125049666128134,0.2724688778543823,0.2296429123699612,0.24417691739286915,0.2078237811863864,0.2352403226365466,0.24268687875635234,0.24215000247032267,0.26868130851697625,0.2316326282502274,0.22556977537023312,0.26868130851697625,0.25140982228542946,0.2279348517463605,0.2171866351995742,0.2540867594271778,0.26459347841506065,0.2173504484774424,0.2599943398031352,0.23944433948854024,0.2725769161294873,0.21363506006333666,0.25555089008333054,0.21058175163888565,0.24985530223612848,0.23944433948854024,0.26520700049971807,0.21972468239294948,0.24480618087289505,0.23944433948854024,0.2567062055046705,0.2450762040384327,0.2396590305779486,0.24106084538982672,0.23347785663759724,1.472054218610552,9.19750442159245,2.043889871464989
101188,Digne,AVL,DEF,4.5,0.4,u,Has joined Paris Saint-Germain permanently,0.0,,,,1842.0,21.0,97.0,4.73941368078176,0.0327361563517915,0.1602605863192182,0.1929967426710097,1.3578175895765472,5.0,18.61563517915309,0.1465798045602606,0.0,4.5,7.0,31.0,3.0,0.0967741935483871,6.693811074918568,0.2931596091205212,True,31.0,19.0,AVL,0.9670199126229554,20.466666666666665,0.039062007249826815,0.130479548344531,17.38766077038455,0.15865841493081473,0.0,0.12216811695599222,,,,,0.5019945972481521,,0.8177840709323626,0.5019945972481521,46.10294700640849,0.0,0.0,0.0,0.0,0.0,0.0,0.0,0.0,0.0,0.0,0.0,0.0,0.0,0.0,0.0,0.0,0.0,0.0,0.0,0.0,0.0,0.0,0.0,0.0,0.0,0.0,0.0,0.0,0.0,0.0,0.0,0.0,0.0,0.0,0.0,0.0,0.0,0.0,0.0,0.0,0.0,0.0
199798,Konsa,AVL,DEF,4.5,14.8,a,,,,,,3035.0,34.0,100.0,2.9654036243822075,0.037660626029654,0.017495881383855,0.055156507413509,1.450971993410214,3.0,14.738056013179571,0.0,0.0,4.4,7.0,34.0,6.0,0.1764705882352941,6.583196046128501,0.3558484349258649,True,34.0,34.0,AVL,0.9670199126229554,33.72222222222222,0.041032453415194736,0.024550892905110103,14.643724871830951,0.03634696645878756,0.0,0.1880055081842928,,,,,0.703902854305507,,0.703902854305507,0.703902854305507,54.90442263582955,1.0,2.560503027262609,1.8983075496497512,2.8050513143683165,2.3334147348891174,2.8775035618332527,2.3006761609315256,2.3447979960835585,1.8117170834465914,2.405153870847259,2.2664645881991223,2.521357444151023,2.8050513143683165,2.3327345996820292,2.2145162464065913,2.8050513143683165,2.4788205584061274,2.2869192058662513,2.0440775537110354,2.480792544468279,2.7287629221076455,2.0428523538801797,2.6203569201622634,2.4991415754585065,2.8470569384559283,2.0191816173898407,2.5379624459221355,1.890748413274342,2.4196430301316743,2.4991415754585065,2.7346025105308915,2.0944236107690832,2.2546605544672786,2.4991415754585065,2.5732178994659325,2.3305002057403033,2.446147217772732,2.20503473773222,2.350676410105399,14.775456348934572,91.16616318322245,20.259147374049434
199796,Cash,AVL,DEF,4.5,8.6,a,,,,1.0,,3016.0,34.0,117.0,3.4913793103448274,0.0340185676392572,0.0877320954907161,0.1217506631299734,1.3562665782493368,7.0,13.42838196286472,0.2685676392572944,0.0,4.6,7.0,35.0,3.0,0.0857142857142857,6.236737400530504,0.1790450928381962,True,35.0,33.0,AVL,0.9670199126229554,33.51111111111111,0.0381094385904861,0.08128709926624418,13.585970795964993,0.25334123636315503,0.0,0.11024927627735882,2.0,124.0,2.0,1.0,0.7825045999482626,,0.8351361788956311,0.7825045999482626,62.193253532806594,1.0,2.696431339942978,1.9239478332750497,2.986136043008639,2.4520550515127324,3.0707227577077587,2.4135049771134436,2.4819446587190197,1.8489786979471086,2.532573079599697,2.368880921046657,2.6609850165519835,2.986136043008639,2.4469850457027165,2.311468174534138,2.986136043008639,2.620601453533678,2.4082482459945496,2.119165847532363,2.593458529093838,2.899021580282328,2.1151358584602984,2.7643449661063846,2.6496008712137167,3.018356722556416,2.120979422252234,2.673580448004313,1.9440523336760693,2.53886529756193,2.6496008712137167,2.902569463981469,2.1742335268259696,2.3217614492548377,2.6496008712137167,2.720329401424176,2.4464197771634764,2.5582204859770945,2.286672177450433,2.458449500953259,15.542798002560602,95.80015478440546,21.288923285423436
149484,Mings,AVL,DEF,4.5,0.3,a,,,,,,1322.0,15.0,50.0,3.40393343419062,0.0885022692889561,0.0285930408472012,0.1170953101361573,1.590998487140696,4.0,11.505295007564298,0.0680786686838124,0.0,4.3,7.0,17.0,5.0,0.2941176470588235,8.373676248108927,0.680786686838124,True,17.0,14.0,AVL,0.9670199126229554,14.688888888888888,0.07677613250443502,0.037653576326488,12.471687998886006,0.11091227181819163,0.0,0.28348784032050917,1.0,23.0,0.0,0.0,0.33831216695298144,,0.41725953537403404,0.33831216695298144,28.12519112759571,1.0,1.433747092646149,1.0840864105925623,1.5660164753165777,1.3298207358461076,1.6042217925582212,1.3122634379256988,1.34863740925516,1.058234574252565,1.3652313780584355,1.290568030574161,1.4210027681807,1.5660164753165777,1.3261637319258273,1.2655934471963886,1.5660164753165777,1.405704375629026,1.313319541410193,1.1805466016281194,1.3840117094765696,1.5272866558401885,1.1778982283716373,1.4638182737706962,1.4205080842723428,1.5751559410434894,1.1911016441248483,1.4245248695146222,1.1023021326751539,1.3646872542981623,1.4205080842723428,1.527839180636204,1.2043445912678654,1.2586248222393324,1.4205080842723428,1.4474522909924576,1.32655867293946,1.369740575689308,1.2500026772131727,1.3283310454113584,8.330155944885316,51.622395571950605,11.471643460433468
244954,Pau,AVL,DEF,4.5,0.4,a,,,,,,1673.0,18.0,64.0,3.442916915720263,0.0715481171548117,0.0209802749551703,0.092528392109982,1.227077106993425,2.0,15.062761506276152,0.0537955768081291,0.0,4.3,7.0,21.0,4.0,0.1904761904761904,7.477585176329947,0.4303646144650329,True,21.0,18.0,AVL,0.9670199126229554,18.58888888888889,0.06664306835522621,0.03100234135340093,14.817044251452245,0.09464390265472097,0.0,0.2044526047174708,2.0,111.0,1.0,0.5,0.4891279348182716,,0.5680753032393242,0.4891279348182716,39.88882102108834,1.0,1.959186513172678,1.4684136122833558,2.1434523300528268,1.8063763977368072,2.1970919555422723,1.7818514902368345,1.8272168526302697,1.423472462636348,1.857150280700489,1.7529799087966527,1.9378546460589712,2.1434523300528268,1.8026779229487373,1.7168580715896897,2.1434523300528268,1.9132695443972854,1.779714891309612,1.5953307108333632,1.8927084719242109,2.088423599905175,1.5924843069242487,2.0020565479763253,1.932275240418861,2.161945743384326,1.5998308878676193,1.945078437023198,1.4843155758587867,1.8599500224649061,1.932275240418861,2.090299043891813,1.6299472360350684,1.7193283500418937,1.932275240418861,1.9753819119634093,1.8025473577394981,1.8709302480939645,1.6995793727552555,1.808897352720211,11.356372299024775,70.27033243885835,15.61562943085741
515597,Bogarde,AVL,MID,5.0,0.1,a,,,,,,1042.0,11.0,40.0,3.45489443378119,0.0,0.0172744721689059,0.0172744721689059,1.3284069097888676,4.0,10.4510556621881,0.4318618042226487,0.0,4.0,7.0,28.0,1.0,0.0357142857142857,5.959692898272553,0.1727447216890595,True,28.0,10.0,AVL,0.9670199126229554,11.577777777777778,0.06185801642603236,0.06023275518184098,13.534676981053948,0.33709170899317614,0.0,0.0442575427572197,2.0,91.0,1.0,0.5,0.36954085132061776,,0.8432250618469335,0.36954085132061776,39.24523903458713,1.0,1.608664445307353,1.493068283379421,1.6623907712391628,1.6045563211692535,1.6763067668735094,1.5981196166630847,1.6366555380627532,1.5274479159258527,1.6116278802657775,1.5835550280289459,1.6198329027270117,1.6623907712391628,1.5966936917100965,1.5802831193521556,1.6623907712391628,1.6287073700646184,1.6152756894377946,1.563220029846162,1.5760550308189756,1.6513372264540305,1.5582515134496944,1.616335297648968,1.6419383462765438,1.6404432462983638,1.6157768416548417,1.6106980599714187,1.5451822528685615,1.595087625067892,1.6419383462765438,1.6465971729126534,1.564948441478735,1.5210296777265815,1.6419383462765438,1.6272940859893898,1.5999925368707033,1.579049620081722,1.553671531865864,1.5827656918744377,9.643106204631785,60.94151780439375,12.188303560878749
441302,Maatsen,AVL,DEF,4.5,0.9,a,,,,,,1590.0,17.0,54.0,3.056603773584905,0.0713207547169811,0.1352830188679245,0.2066037735849056,1.5079245283018867,1.0,13.698113207547168,0.1132075471698113,0.0,4.2,7.0,30.0,3.0,0.1,7.924528301886792,0.3396226415094339,True,30.0,17.0,AVL,0.9670199126229554,17.666666666666668,0.0663103301186391,0.11003835621588244,13.868912075205722,0.13700556668950098,0.0,0.12556167576032534,2.0,124.0,1.0,0.5,0.48582943668059986,,0.8279346998384947,0.48582943668059986,45.421011850560475,1.0,2.2613203845219294,1.7085570463102566,2.4729570739365117,2.1151842352592314,2.532944334213737,2.087152316346884,2.159060731218411,1.688911354390823,2.1683476568747873,2.048863073259525,2.2500798416146557,2.4729570739365117,2.105761446472257,2.0120860652965242,2.4729570739365117,2.2339358205124755,2.0980040825859927,1.882835170223245,2.174441481737654,2.413796363085728,1.8764523941170022,2.3069562045019514,2.261806461191,2.4726648318536353,1.925375332691972,2.249782942564667,1.7615485513484035,2.1583945456886795,2.261806461191,2.411828476959313,1.9175108784579733,1.9699991154939336,2.261806461191,2.290708025979903,2.1081269573239894,2.1564252251303504,1.9757780798084452,2.1010950163629283,13.178115390588552,81.8282185875898,18.184048575019958
184667,Lindelöf,AVL,DEF,4.5,0.2,a,,,,,,942.0,11.0,29.0,2.770700636942675,0.0267515923566879,0.0095541401273885,0.0363057324840764,1.5219745222929937,0.0,11.847133757961783,0.0,0.0,4.5,7.0,17.0,0.0,0.0,5.159235668789809,0.0,True,17.0,10.0,AVL,0.9670199126229554,10.466666666666667,0.03909558518294606,0.028934177411966595,12.886394039545863,0.08211965045291657,0.0,0.06609653597268315,2.0,136.0,2.0,1.0,0.560668307305209,,0.7448788336209985,0.560668307305209,47.78475954875367,1.0,2.038313056854779,1.491567790625006,2.239382992936105,1.853536299342319,2.298725075194427,1.8265005545894657,1.864556388373064,1.421649194413555,1.9123344165659275,1.7978127091794884,2.0072113897553576,2.239382992936105,1.852553524623182,1.7552248314010717,2.239382992936105,1.9731814628485669,1.816197814580415,1.6147717803614348,1.9717748777346635,2.1770628328036383,1.6135232220514424,2.0872562676827613,1.9904397453763538,2.2719440549815193,1.5968193356196902,2.0201547507774613,1.4877258089633751,1.9231919742879184,1.9904397453763538,2.1814987085615063,1.656160050404546,1.7848144244209818,1.9904397453763538,2.0497063773691,1.8509128482916193,1.943820558277373,1.746079503779201,1.8664011721918725,11.748025769542101,72.44245127184409,16.09832250485424
606798,A.García,AVL,DEF,4.0,1.7,a,,,,,,83.0,1.0,5.0,5.421686746987952,0.0,0.0108433734939759,0.0108433734939759,2.9710843373493976,0.0,13.012048192771084,0.0,0.0,3.9,7.0,6.0,0.0,0.0,10.843373493975903,0.0,True,6.0,0.0,AVL,0.9670199126229554,0.9222222222222223,0.04953532076470281,0.04979900729600063,14.118539095548222,0.16996620056381984,0.0,0.12668502728097603,,,,,0.2520481231845862,,0.40994286002669145,0.2520481231845862,23.133437818924037,1.0,1.0752850948655734,0.8122918737761822,1.173099944344586,0.9934118836449111,1.2015263496643684,0.9802970995777867,1.0042137184971995,0.7870047030104301,1.020609154921952,0.9649420306294094,1.063773122206185,1.173099944344586,0.9915217587694887,0.9455100169734498,1.173099944344586,1.0505182923526382,0.9789158650837937,0.8800040087828491,1.0400442456527466,1.1438856959137047,0.8785470266864188,1.0981116574819134,1.060562422633701,1.1830650094372146,0.8814689040333383,1.0677248367584602,0.8198995086763328,1.0222977923958247,1.060562422633701,1.144918977449868,0.8987505438679293,0.9476460149466135,1.060562422633701,1.0837707335425357,0.991410004942874,1.0283545134970284,0.9365690695765181,0.9950357362783786,6.235912245873408,38.61231234482879,9.653078086207197
578545,Nedeljkovic,AVL,DEF,4.0,0.8,a,,,,,,,,,,,,,,,,,,,,,,,,,False,,,,1.0099370333055604,0.0,0.04603779782868016,0.05289571900960875,12.920162047390122,0.20127875497479975,0.0,0.1841646621825304,1.0,12.0,0.0,0.0,0.23096793398942256,,0.23096793398942256,0.23096793398942256,18.01549885117496,1.0,0.8038375442741481,0.5808926158915594,0.8870282392639174,0.7310109161826244,0.9114586559212311,0.7199229848116488,0.7378089644597712,0.5564400924984475,0.754604424250517,0.7075620483486283,0.7924710178196381,0.8870282392639174,0.7300185981026245,0.6906418126834108,0.8870282392639174,0.7797892594640038,0.7172179027125277,0.6344430661255693,0.7752048822400033,0.8616539962587029,0.6335653572228068,0.8236632452494498,0.7875779357508392,0.8981998272974064,0.6315915989448193,0.79685742943661,0.5835336460595182,0.7575919348694387,0.7875779357508392,0.863040760887019,0.6507299726873838,0.6976336351933514,0.7875779357508392,0.809736323630198,0.7296305159778411,0.7644573868250688,0.6849960986267304,0.7343714243687587,4.634150956345129,28.56839646436573,7.142099116091432
195546,Buendía,AVL,MID,6.0,1.3,a,,,1.0,,1.0,1753.0,21.0,102.0,5.236737022247576,0.173531089560753,0.1144894466628636,0.2880205362236166,1.4390758699372506,10.0,19.612093553907588,0.3080433542498574,0.0,5.3,7.0,36.0,4.0,0.1111111111111111,10.062749572162009,0.4107244723331432,True,36.0,15.0,AVL,0.9670199126229554,19.477777777777778,0.1670820157471367,0.1167934147312591,19.14197365168502,0.2765691836821579,0.0,0.10725610604155882,1.0,79.0,1.0,1.0,0.5429607903897125,,0.98,0.5429607903897125,51.9658042618239,1.0,2.8105754291087983,2.5321534414575697,2.9460521616624824,2.836882641723558,2.97909812912925,2.820798169344039,2.9427798702538843,2.6586026625876955,2.848310644559443,2.7776287093547123,2.855329168283725,2.9460521616624824,2.8105810490483707,2.7752240873171115,2.9460521616624824,2.8928299910461757,2.8806929672871626,2.744907077918716,2.71515104944169,2.923250598464837,2.728485100544296,2.825415860621453,2.9337633749655274,2.8637271143762306,2.924096146499533,2.8215407182731687,2.7069307676526697,2.7901293879909206,2.9337633749655274,2.906135351772901,2.7429809186122096,2.569646688742045,2.9337633749655274,2.871059061575097,2.8220451818776064,2.731449489195031,2.6875208221986333,2.7606947231073873,16.9255599724257,107.19609962924996,17.866016604874993
215711,Bailey,AVL,MID,5.5,0.1,a,,,,,,450.0,3.0,21.0,4.2,0.1,0.292,0.392,1.406,0.0,13.8,0.2,0.0,5.5,7.0,13.0,0.0,0.0,9.6,0.0,True,13.0,3.0,AVL,0.9670199126229554,5.0,0.131618653797153,0.1876325766071828,16.38299217146757,0.19996204379997984,0.0,0.02656612914449843,,,,,0.24848777153922055,,0.5116456662760627,0.24848777153922055,25.17151986426973,1.0,1.2772531823379396,1.141588666765929,1.3435471456055057,1.291748416725015,1.359627347677053,1.2838841427569396,1.3446720215417107,1.2052239719816993,1.2970572793218147,1.2624746209710616,1.2998868968284913,1.3435471456055057,1.278591580731205,1.2615565657791035,1.3435471456055057,1.318906520661124,1.3139288446254176,1.2472835505559534,1.2299745752259257,1.332613811767405,1.2390754073165418,1.2843159877788672,1.3392716926766766,1.3020686658849894,1.337031923214564,1.2828771599243876,1.2290324317843404,1.2678581879097337,1.3392716926766766,1.3240102690038869,1.2460629808934849,1.158475002681087,1.3392716926766766,1.3074476892456117,1.2843405873279679,1.238337003320084,1.2177286873452209,1.2535270717693707,7.697648901868382,48.76691756650046,8.866712284818265
122806,McGinn,AVL,MID,5.5,3.2,a,,,,2.0,,2136.0,28.0,103.0,4.339887640449438,0.1264044943820224,0.1731741573033708,0.2995786516853932,1.393820224719101,6.0,18.66573033707865,0.2106741573033707,0.0,5.3,7.0,30.0,1.0,0.0333333333333333,6.320224719101123,0.0842696629213483,True,30.0,25.0,AVL,0.9670199126229554,23.733333333333334,0.13270091909757314,0.16037468999664,18.497234187891127,0.20796764399368917,0.0,0.041798790381818586,1.0,44.0,0.0,0.0,0.4250007411528876,,0.5565796885213087,0.4250007411528876,36.044794652030504,1.0,1.7809770979598527,1.5857417691660085,1.8752017679523465,1.7948075541762996,1.8984344527681698,1.783602902371058,1.8654197033080255,1.6688449256112698,1.803535816396235,1.7543632076221478,1.8100825374511251,1.8752017679523465,1.7773034153837954,1.7519786984418495,1.8752017679523465,1.834322404049419,1.823233821577939,1.729344947780012,1.7162164512770057,1.8587254624808227,1.7183976362742872,1.7918471283976145,1.8618696456997557,1.8212310125977214,1.8482879097890825,1.7878924615960459,1.7020177174753175,1.7650770990557227,1.8618696456997557,1.847450600413247,1.7287708157973674,1.6158399824674126,1.8618696456997557,1.8213984455922065,1.7848935878075252,1.7264865834402432,1.6934898885184515,1.7444058260953965,10.718765544393735,67.84563610409501,12.335570200744547
88894,Barkley,AVL,MID,5.0,0.2,a,,,,,,844.0,7.0,56.0,5.971563981042654,0.1684834123222748,0.1343601895734597,0.3028436018957345,1.4075829383886254,5.0,23.566350710900476,0.1066350710900473,0.0,4.8,7.0,21.0,1.0,0.0476190476190476,7.890995260663507,0.2132701421800947,True,21.0,7.0,AVL,0.9670199126229554,9.377777777777778,0.16060986249531262,0.12885557201432468,21.002622020854897,0.1495879739424401,0.0,0.055731720509091476,,,,,0.27500440789007075,,0.6434254605216496,0.27500440789007075,29.555606973320252,1.0,1.6885663878152954,1.5346959129381037,1.76387639017229,1.7057192067103497,1.7821052468479623,1.696788123766973,1.766307520263007,1.607729745239024,1.7116302325207122,1.6723462999539358,1.71458881802477,1.76387639017229,1.6906518454216821,1.671412795058964,1.76387639017229,1.736478156981572,1.731230240375014,1.655436496915778,1.6346108764884428,1.7515510208382616,1.6460391741001146,1.6965054766168695,1.7597546863434717,1.7162518243644038,1.7582640100921856,1.6950644782794784,1.6348437216698513,1.678151737530077,1.7597546863434717,1.741680767333748,1.6539323118951328,1.553260931950635,1.7597546863434717,1.7231201618217729,1.6972415954680102,1.6442743096957055,1.6212387644945327,1.6619022026507382,10.171751268250974,64.44451362367039,12.888902724734077
226944,Kamara,AVL,MID,5.0,0.3,a,,100.0,,,,1410.0,17.0,61.0,3.893617021276596,0.0338297872340425,0.0536170212765957,0.0874468085106383,1.3276595744680852,7.0,18.0,0.3191489361702128,0.0,4.9,7.0,18.0,3.0,0.1666666666666666,9.51063829787234,0.3829787234042553,True,18.0,16.0,AVL,0.9670199126229554,15.666666666666666,0.07356517602942204,0.07686859841802995,17.999108375876553,0.27885239025632697,0.0,0.1460315189060612,2.0,89.0,1.0,0.5,0.4185311563741451,,0.47116273532151354,0.4185311563741451,33.80332493402542,1.0,1.5051589050935559,1.3792820129244943,1.5633813568246382,1.4990036793356254,1.578556908598882,1.4920215149605827,1.5326298453692204,1.4146918298267883,1.5069645067492135,1.4765373968923947,1.5164912655320877,1.5633813568246382,1.4907838580711432,1.4727201108392272,1.5633813568246382,1.5254058740604541,1.5098405877853853,1.4536386764589468,1.4704335709431906,1.5511672113803143,1.4484352283674777,1.5136808568014675,1.539392431907797,1.5408505697795596,1.5084261157626302,1.5070915355416783,1.433742620704318,1.4898053218369345,1.539392431907797,1.5462703127126163,1.4558036757525008,1.411117041682399,1.539392431907797,1.5247201218593316,1.4942126360593935,1.4732724158992843,1.4448384404911239,1.4763761999887282,9.017404377737778,56.95229221425825,11.39045844285165
449871,Onana,AVL,MID,5.0,0.0,i,Knee injury - Unknown return date,0.0,,,,1755.0,21.0,76.0,3.897435897435898,0.0861538461538461,0.0353846153846153,0.1215384615384615,1.4630769230769232,4.0,18.102564102564106,0.1538461538461538,0.0,4.8,7.0,25.0,7.0,0.28,11.23076923076923,0.717948717948718,True,25.0,20.0,AVL,0.9670199126229554,19.5,0.1051288181586541,0.06069903621430453,18.071959935602855,0.16725478434180863,0.0,0.2420889178627571,,,,,0.43869891051073756,,0.5702778578791586,0.43869891051073756,37.1132518619428,0.0,0.0,0.0,0.0,0.0,0.0,0.0,0.0,0.0,0.0,0.0,0.0,0.0,0.0,0.0,0.0,0.0,0.0,0.0,0.0,0.0,0.0,0.0,0.0,0.0,0.0,0.0,0.0,0.0,0.0,0.0,0.0,0.0,0.0,0.0,0.0,0.0,0.0,0.0,0.0,0.0,0.0
469247,Iling Jr,AVL,MID,5.0,0.0,u,Has joined Bolton Wanderers on loan for the rest of the season,0.0,,,,0.0,0.0,0.0,0.0,0.0,0.0,0.0,0.0,0.0,0.0,0.0,0.0,5.5,7.0,,,,,,False,,,AVL,0.9670199126229554,0.0,0.12874827856853127,0.11056911278528116,17.390485450822368,0.20778653317403828,0.0,0.0906479839263559,,,,,0.18514127924968465,,0.18514127924968465,0.18514127924968465,14.441019781475402,0.0,0.0,0.0,0.0,0.0,0.0,0.0,0.0,0.0,0.0,0.0,0.0,0.0,0.0,0.0,0.0,0.0,0.0,0.0,0.0,0.0,0.0,0.0,0.0,0.0,0.0,0.0,0.0,0.0,0.0,0.0,0.0,0.0,0.0,0.0,0.0,0.0,0.0,0.0,0.0,0.0,0.0
645618,Burrowes,AVL,MID,4.5,0.7,a,,,,,,16.0,0.0,1.0,2.0,0.0,0.0,0.0,1.8,0.0,6.0,0.0,0.0,4.3,7.0,1.0,0.0,0.0,5.625,0.0,True,1.0,0.0,AVL,0.9670199126229554,0.17777777777777778,0.148089436063409,0.11974200357391829,17.73655005518622,0.19559183593203316,0.0,0.07210806482078147,2.0,55.0,0.0,0.0,0.1603196140509574,,0.1866354035246416,0.1603196140509574,13.083877264395731,1.0,0.6360650220149108,0.5662428321302106,0.6696170043228724,0.6401428263033664,0.6779370467649616,0.6361496376692026,0.6647102580903295,0.5949161957692366,0.6433987577669553,0.6258866672441662,0.6460457617653091,0.6696170043228724,0.634059445833611,0.6249025370647967,0.6696170043228724,0.6543278647238223,0.6498773568145233,0.6165494054610572,0.6133095737761293,0.663632894391834,0.6127411712045662,0.640039684929281,0.6639621490830183,0.6510221327416783,0.6578252934316928,0.6383926333806719,0.60664515474278,0.630084729956584,0.6639621490830183,0.6597373473406493,0.6164901421123248,0.5777230036540565,0.6639621490830183,0.6501464345730646,0.6366895232681605,0.6167645460629728,0.6045514099885428,0.6226861995199077,3.8261543692055247,24.21043095070903,5.380095766824229
577285,George Hemmings,AVL,MID,4.5,0.5,a,,,,,,25.0,0.0,2.0,4.0,0.08,0.02,0.1,1.22,0.0,10.0,0.0,0.0,4.5,7.0,2.0,0.0,0.0,3.6,0.0,True,2.0,0.0,AVL,0.9670199126229554,0.2777777777777778,0.14898499992304567,0.11896659681933405,17.72899441693565,0.19322898153822338,0.0,0.06309455671818379,2.0,137.0,2.0,1.0,0.47145420722656417,,0.5240857861739325,0.47145420722656417,37.93132290051411,1.0,1.8253900924686561,1.6217462999719408,1.9231803701768635,1.8368803212040328,1.9474519058809727,1.825240236424386,1.9082155421985487,1.7048892140438736,1.8464389954753575,1.7953972784660046,1.8543011688240656,1.9231803701768635,1.8192194980197292,1.7924659819564248,1.9231803701768635,1.8782772296067483,1.8650717628413618,1.7679831450970063,1.7592094113702765,1.905684525502349,1.7569256344906716,1.8370230977529538,1.9062756898985749,1.8692745390218855,1.887782894537407,1.832111257265179,1.7390354526109097,1.8078114790990438,1.9062756898985749,1.8943862050477567,1.7678781017901077,1.6555618636284304,1.9062756898985749,1.8662861675286397,1.8268512159363206,1.769185030782226,1.7333726432912553,1.7862301706338182,10.979889226126852,69.47194654299467,15.438210342887706
653481,Alysson,AVL,MID,5.0,0.0,a,,,,,,47.0,0.0,3.0,5.74468085106383,0.0957446808510638,0.0957446808510638,0.1914893617021276,3.5808510638297872,0.0,21.06382978723404,0.0,0.0,5.0,7.0,3.0,0.0,0.0,7.659574468085106,0.0,True,3.0,0.0,AVL,0.9670199126229554,0.5222222222222223,0.14797108858235858,0.1207693802221693,18.185268371078305,0.18768655964273326,0.0,0.056084050416163364,1.0,46.0,1.0,1.0,0.3927827096469215,,0.4717300780679742,0.3927827096469215,32.373893457723035,1.0,1.5810541938950442,1.4085881646371063,1.6639864125515549,1.591462376952863,1.6845331649052488,1.5815935130948342,1.6524108292676614,1.4798182222339464,1.5994528015650398,1.5561681941085663,1.6058729249293142,1.6639864125515549,1.5763676870625174,1.553788098224354,1.6639864125515549,1.6264798753560974,1.6156742347652144,1.5332552085280315,1.5246899865951562,1.6492406525841345,1.5238072744566111,1.5908381973912016,1.6503613435012037,1.6177824801684921,1.635697518229832,1.586859829091762,1.5088416831659974,1.5663960639884875,1.6503613435012037,1.6395655180077418,1.5330523585991878,1.436668210928235,1.6503613435012037,1.615981113200805,1.5828968032076076,1.5333082788536487,1.5033003819135498,1.5481233998601802,9.511217826036651,60.18661250792674,12.037322501585347
614071,Manzambi,AVL,MID,6.0,0.8,i,Knee injury - Unknown return date,0.0,,,,,,,,,,,,,,,,,,,,,,,False,,,,1.0099370333055604,0.0,0.1643484968881466,0.13287603823293587,18.400716742516167,0.186727075848848,0.0,0.09293264990050194,,,,,0.20987200465324726,,0.20987200465324726,0.20987200465324726,16.370016362953287,0.0,0.0,0.0,0.0,0.0,0.0,0.0,0.0,0.0,0.0,0.0,0.0,0.0,0.0,0.0,0.0,0.0,0.0,0.0,0.0,0.0,0.0,0.0,0.0,0.0,0.0,0.0,0.0,0.0,0.0,0.0,0.0,0.0,0.0,0.0,0.0,0.0,0.0,0.0,0.0,0.0,0.0
448089,Gomes,AVL,MID,5.5,0.2,i,Calf injury - Unknown return date,0.0,,,,2829.0,32.0,107.0,3.404029692470837,0.0410392364793213,0.0664899257688229,0.1075291622481442,1.5461293743372218,6.0,16.829268292682926,0.3181336161187699,0.0,5.3,39.0,35.0,15.0,0.4285714285714285,12.311770943796397,0.9544008483563096,True,35.0,31.0,WOL,1.0099370333055604,31.433333333333334,0.06342457732957707,0.07783322474793009,17.066244249258116,0.2941548580574743,0.0,0.3781647915547675,2.0,136.0,2.0,1.0,0.7280100230117612,,0.833273180906498,0.7280100230117612,59.100571268601584,0.0,0.0,0.0,0.0,0.0,0.0,0.0,0.0,0.0,0.0,0.0,0.0,0.0,0.0,0.0,0.0,0.0,0.0,0.0,0.0,0.0,0.0,0.0,0.0,0.0,0.0,0.0,0.0,0.0,0.0,0.0,0.0,0.0,0.0,0.0,0.0,0.0,0.0,0.0,0.0,0.0,0.0
178301,Watkins,AVL,FWD,8.0,12.2,a,,,2.0,,,2833.0,33.0,167.0,5.305330038828098,0.4892340275326509,0.0374867631486057,0.5267207906812567,1.378432756794917,26.0,19.79174020472997,0.1270737733851041,0.0,8.7,7.0,37.0,0.0,0.0,2.986233674549947,0.0,True,37.0,32.0,AVL,0.9670199126229554,31.477777777777778,0.4724060283213148,0.04168829371440216,19.736433898083817,0.14061152192374662,0.0,0.00016734241126070988,,,,,0.6758112796044425,,0.8073902269728636,0.6758112796044425,55.60801665125178,1.0,3.060016063225917,2.69545008190775,3.2498480416481845,3.16861269361557,3.2921522115120636,3.1463612626866073,3.3658209891645168,2.950414394635443,3.172097472309905,3.073265843379236,3.155185105986024,3.2498480416481845,3.1190904716199332,3.0813333740235196,3.2498480416481845,3.237318505954483,3.2628296001495523,3.0637176578714245,2.9004887101799577,3.2278194327984107,3.0330899698973637,3.0720020181953807,3.309485138754436,3.0817049341230422,3.406089171978116,3.0868010034127797,3.025193269553321,3.058344552498883,3.309485138754436,3.193736921388643,3.048723518351764,2.6833961584371178,3.309485138754436,3.171191910850842,3.1413085605358173,2.940439615253495,2.9181414941996096,3.0203017912025576,18.612440354596092,118.5304383021069,14.816304787763363
173879,Abraham,AVL,FWD,5.5,0.2,d,Knock - 75% chance of playing,75.0,,,,278.0,2.0,23.0,7.446043165467626,0.6636690647482013,0.116546762589928,0.7802158273381293,1.6575539568345323,2.0,30.107913669064747,0.0,0.0,5.7,7.0,12.0,0.0,0.0,4.2086330935251794,0.0,True,12.0,1.0,AVL,0.9670199126229554,3.088888888888889,0.4779144475206728,0.07446744245217524,22.46848661311803,0.1398724823597915,0.0,0.0003997624269005847,1.0,30.0,0.0,0.0,0.15980877429565218,,0.44928245850617854,0.15980877429565218,18.83350544769245,0.75,0.9145954724785139,0.8164583646487096,0.9656961299469151,0.9438284776754574,0.977083942009277,0.937838639927713,0.9969147576822819,0.8850919221749469,0.944766541345722,0.9181621659448816,0.9402139204138875,0.9656961299469151,0.9304976462512389,0.9203338554752534,0.9656961299469151,0.9623233182792321,0.9691906211274728,0.9155919005916222,0.8716524831434461,0.9597662734248822,0.9073472675997558,0.9178219582603973,0.9817497732633083,0.9204338753219221,1.007754504672936,0.9218056805012942,0.9052215636864038,0.9141455203796799,0.9817497732633083,0.950591640385241,0.9115556449828692,0.8132135825021897,0.9817497732633083,0.9445227742716982,0.9364785086998595,0.8824068224949235,0.8764044162847915,0.9039048321125462,5.555501026686586,35.3602566043817,6.429137564433037
493105,Garnacho,AVL,MID,6.0,0.7,a,,,,,,1261.0,14.0,56.0,3.996827914353688,0.2455194290245836,0.2626486915146709,0.5081681205392545,1.4645519429024585,3.0,15.84456780333069,0.1427438540840602,0.0,6.4,8.0,24.0,0.0,0.0,5.067406819984139,0.0,True,24.0,10.0,CHE,1.1739877198508393,14.011111111111111,0.21130430335318978,0.21167597911681163,16.62700698668201,0.16353134338514708,0.0,0.016825215124849004,,,,,0.3527817423784602,,0.7212027950100391,0.3527817423784602,35.62223906341463,1.0,1.8772416089803623,1.665111998483634,1.9815267686314217,1.9036367097359643,2.0066217109153217,1.8912799862698537,1.989334821124452,1.7691108508631435,1.911360410892712,1.8569698736433526,1.9144719014237737,1.9815267686314217,1.8823055431001885,1.8560985620295787,1.9815267686314217,1.9458730790714003,1.9401724719158548,1.8348915248230138,1.801575825163075,1.9648247892121904,1.821598006100507,1.8879106977517695,1.9786507708660337,1.9136340854159064,1.980644664845311,1.8866605474540292,1.806916930243537,1.863813877807576,1.9786507708660337,1.9507848893765996,1.83235563768114,1.688440217659494,1.9786507708660337,1.9260633303470192,1.8916574047162573,1.8155876987709512,1.78513557097493,1.8414303626201032,11.32541878301656,71.78404820790536,11.964008034650893
690838,Madjo,AVL,FWD,5.5,0.9,i,Unspecified injury - Unknown return date,0.0,,,,,,,,,,,,,,,,,,,,,,,False,,,,1.0099370333055604,0.0,0.4096861515378287,0.05841178602042822,19.08985528118189,0.18716775058486243,0.0,0.0010279605263157892,2.0,104.0,1.0,0.5,0.34308667575730695,,0.34308667575730695,0.34308667575730695,26.76076070906994,0.0,0.0,0.0,0.0,0.0,0.0,0.0,0.0,0.0,0.0,0.0,0.0,0.0,0.0,0.0,0.0,0.0,0.0,0.0,0.0,0.0,0.0,0.0,0.0,0.0,0.0,0.0,0.0,0.0,0.0,0.0,0.0,0.0,0.0,0.0,0.0,0.0,0.0,0.0,0.0,0.0,0.0
457569,Petrović,BOU,GKP,4.5,3.5,a,,,,,,3420.0,38.0,124.0,3.263157894736842,0.0,0.0,0.0,1.4926315789473683,5.0,13.473684210526317,0.0789473684210526,2.8684210526315788,4.6,91.0,,,,,,True,38.0,38.0,BOU,1.1223253837555172,38.0,3.343767125196185e-05,0.00028874220058939517,13.572609424060332,0.07700657333162467,2.8306908936299853,0.0,1.0,90.0,1.0,1.0,0.9093528032487656,1.0,0.9093528032487656,0.9093528032487656,70.92951865340372,1.0,2.7480167686428074,3.4315986611590814,2.791546575498411,3.4036775254460716,3.2259370456060616,2.8962701264971344,3.576663550461814,2.770831341377435,3.379415017481421,3.1539156604190475,3.426162409280872,3.023281395917638,3.262731913487886,3.5393716060945395,2.8018341301637997,3.5393716060945395,3.2117740986880006,2.9742251610211063,3.3823660279421564,2.9777659370463603,3.5393716060945395,3.1013155007120945,3.4816823992490282,2.9573209757643752,3.022561790275309,3.3463059248776017,3.1539156604190475,3.457508499121105,3.5430033507460523,2.8048434920510172,3.0879257241563725,3.091982302505209,3.166584962282729,3.1539156604190475,3.2283803487640155,3.213870638608457,3.1289442563935563,2.873980144586039,18.497046702849566,120.87016979535176,26.86003773230039
40383,Forster,BOU,GKP,4.0,3.2,a,,,,,,0.0,0.0,0.0,0.0,0.0,0.0,0.0,0.0,0.0,0.0,0.0,0.0,4.0,91.0,,,,,,False,,,BOU,1.1223253837555172,0.0,0.00013212214651043744,0.0011313976123006986,12.866935659988142,0.06734305438832919,2.9028711226076327,0.0,,,,,0.03010861507719084,2.0,0.03010861507719084,0.03010861507719084,2.3484719760208854,1.0,0.09110633435067778,0.11353928011016351,0.09254428577177103,0.11263214538263888,0.1068564870542729,0.09592291151399637,0.11827266597981494,0.09185315606290426,0.11185078477369649,0.10431287235202837,0.11336567563124916,0.10003854118197376,0.10804703849429041,0.11706602065967707,0.09282238838386536,0.11706602065967707,0.1062063903839007,0.09844983071900303,0.11193535979895332,0.09855622284433202,0.11706602065967707,0.1025916699731655,0.11517486981425848,0.09789353910329916,0.10002108599399046,0.11076174997859288,0.10431287235202837,0.11437648147120827,0.11715901911462363,0.09295577522893718,0.10240005123649887,0.10228991490513298,0.1049131185202064,0.10431287235202837,0.10693343126603508,0.10625834080822773,0.10372313742044949,0.09518607923757129,0.6126014441835205,4.000774441544818,1.0001936103862046
444172,Dennis,BOU,GKP,4.0,0.2,a,,,,,,0.0,0.0,0.0,0.0,0.0,0.0,0.0,0.0,0.0,0.0,0.0,0.0,4.0,91.0,,,,,,False,,,BOU,1.1223253837555172,0.0,0.00013212214651043744,0.0011313976123006986,12.866935659988142,0.06734305438832919,2.9028711226076327,0.0,,,,,0.00903258452315725,3.0,0.00903258452315725,0.00903258452315725,0.7045415928062655,1.0,0.027331900305203334,0.03406178403304904,0.0277632857315313,0.03378964361479166,0.03205694611628186,0.028776873454198902,0.035481799793944474,0.027555946818871274,0.033555235432108935,0.031293861705608494,0.03400970268937474,0.03001156235459212,0.03241411154828711,0.035119806197903114,0.027846716515159606,0.035119806197903114,0.0318619171151702,0.029534949215700903,0.033580607939685994,0.029566866853299602,0.035119806197903114,0.030777500991949643,0.03455246094427753,0.02936806173098975,0.030006325798197123,0.03322852499357786,0.031293861705608494,0.03431294444136247,0.03514770573438708,0.027886732568681148,0.030720015370949656,0.030686974471539893,0.03147393555606191,0.031293861705608494,0.03208002937981052,0.03187750224246832,0.03111694122613484,0.02855582377127138,0.18378043325505614,1.2002323324634445,0.30005808311586113
463981,Hill,BOU,DEF,5.5,1.0,a,,,,,,2102.0,22.0,110.0,4.709800190294957,0.0381065651760228,0.0496669838249286,0.0877735490009514,1.4309229305423408,4.0,16.527117031398667,0.2140818268315889,0.0,4.2,91.0,29.0,14.0,0.4827586206896552,11.517602283539487,1.1988582302568982,True,29.0,23.0,BOU,1.1223253837555172,23.355555555555554,0.04247939850250046,0.05084642199103063,15.945140642709148,0.20782525125894658,0.0,0.4434348664963346,1.0,90.0,1.0,1.0,0.6783791891241586,,0.8362739259662639,0.6783791891241586,56.38726096221069,1.0,2.4568999794864013,3.1734164494050203,2.622555987725455,3.1435527382070556,2.8891928389605455,2.745949830068939,3.3550520581487273,2.5269721395459976,3.1348374288852576,3.0727124895659172,3.1760716130446394,2.876148107475227,2.938376204555654,3.3406023902811084,2.490103816298537,3.3406023902811084,3.1488031509430554,2.83530111926081,3.1071887286834183,2.815726306196314,3.3406023902811084,2.9981941074464324,3.245164465961364,2.7949977940983883,2.8917178432480304,3.0573244429540805,3.0727124895659172,3.186662551035813,3.274534648507541,2.594009201123583,2.653176040705389,2.9943729212290244,2.731160023264365,3.0727124895659172,2.8868668799932555,3.1054669344804156,2.7350859290410248,2.6762066214640785,17.031567823853415,112.50103354098489,20.454733371088164
494521,Truffert,BOU,DEF,5.5,4.9,a,,,,,,3378.0,38.0,165.0,4.396092362344583,0.0359680284191829,0.0817939609236234,0.1177619893428063,1.4499111900532862,19.0,16.17229129662522,0.1332149200710479,0.0,4.8,91.0,38.0,15.0,0.3947368421052631,9.351687388987568,0.7992895204262878,True,38.0,38.0,BOU,1.1223253837555172,37.53333333333333,0.03935501770962816,0.0769615917175911,15.833866982363402,0.14311441167709787,0.0,0.3754595528948116,1.0,80.0,1.0,1.0,0.8473293156565765,,0.8473293156565765,0.8473293156565765,66.09168662121297,1.0,2.6768039708610813,3.5540639304710346,2.890690421776942,3.517988601800658,3.204233341542499,3.0375365975726036,3.778168998826028,2.766307772314797,3.509872189034787,3.4376061261972373,3.5584180643796315,3.192236969633131,3.2641297114711625,3.763741478122817,2.71064567500254,3.763741478122817,3.532020493023885,3.1448957943295355,3.4722679892698856,3.118027778928884,3.763741478122817,3.3448294845556794,3.6433929034453447,3.093403800278827,3.213273387963071,3.410702364664871,3.4376061261972373,3.5681634034276324,3.6744514710930596,2.849746521345141,2.913114186184689,3.341029833599522,3.0024086485856123,3.4376061261972373,3.2006862395021782,3.473494031475811,3.0148735850947497,2.9476276817193434,18.881316864024818,125.22354865613475,22.767917937479044
242882,Diakité,BOU,DEF,5.0,0.2,a,,,,,,1275.0,15.0,46.0,3.247058823529412,0.0014117647058823,0.0134117647058823,0.0148235294117647,1.5861176470588234,2.0,11.576470588235294,0.0705882352941176,0.0,4.1,91.0,18.0,7.0,0.3888888888888889,10.376470588235296,0.9882352941176472,True,18.0,13.0,BOU,1.1223253837555172,14.166666666666666,0.02084053261857458,0.02816471321237516,12.539943305125425,0.11352524263295602,0.0,0.35500918030715467,1.0,46.0,1.0,1.0,0.5538727470599831,,0.6854516944284041,0.5538727470599831,46.096811112783946,1.0,1.7453407442854054,2.3262445068129423,1.841934775521625,2.29978359567017,2.0983021972559333,1.953849294009567,2.4718521869711596,1.789162705151849,2.2838253876569024,2.2196692206577753,2.324654436203494,2.074499342381588,2.1396129946750038,2.448340484232058,1.7927750499688238,2.448340484232058,2.278158858602491,2.0325550973745967,2.273759441305713,2.0261825381804135,2.448340484232058,2.163657058717467,2.380820771303015,2.0069340134210107,2.0806579040037945,2.234291731401835,2.2196692206577753,2.3445609827458296,2.4223899219390024,1.8380387283868684,1.9141188991919817,2.1575881093990352,1.997175049245506,2.2196692206577753,2.09872727010186,2.2609641374749283,1.9753495520744686,1.91236138749896,12.265455113555642,81.54415778360273,16.308831556720545
620487,Milosavljević,BOU,DEF,5.0,0.0,i,Unspecified injury - Unknown return date,0.0,,,,367.0,4.0,19.0,4.659400544959128,0.0367847411444141,0.0465940054495912,0.0833787465940054,1.083923705722071,0.0,15.449591280653951,0.0,0.0,4.4,91.0,7.0,3.0,0.4285714285714285,10.299727520435969,1.471389645776567,True,7.0,4.0,BOU,1.1223253837555172,4.0777777777777775,0.049012753058009506,0.051691446972114516,14.652425845193395,0.12555920796020914,0.0,0.3477092559516701,,,,,0.32147470162985803,,0.4004220700509107,0.32147470162985803,26.811868832392083,0.0,0.0,0.0,0.0,0.0,0.0,0.0,0.0,0.0,0.0,0.0,0.0,0.0,0.0,0.0,0.0,0.0,0.0,0.0,0.0,0.0,0.0,0.0,0.0,0.0,0.0,0.0,0.0,0.0,0.0,0.0,0.0,0.0,0.0,0.0,0.0,0.0,0.0,0.0,0.0,0.0,0.0
54469,Smith,BOU,DEF,4.5,0.1,a,,,,,,1073.0,14.0,58.0,4.864864864864865,0.0,0.019291705498602,0.019291705498602,1.5248835041938489,4.0,15.517241379310343,0.2516309412861137,0.0,4.4,91.0,22.0,0.0,0.0,6.123019571295433,0.0,True,22.0,11.0,BOU,1.1223253837555172,11.922222222222222,0.022184530158425184,0.03334556768471191,15.006796929015739,0.22670544286265884,0.0,0.0542935831204183,1.0,66.0,1.0,1.0,0.5203180518330612,,0.8097917360435876,0.5203180518330612,46.953229095610354,1.0,1.4376640216127652,2.000038393739694,1.5382719922145678,1.9749904947784858,1.779842110000465,1.6450127866924849,2.1402649739250523,1.4826166802421255,1.9612616382488421,1.901958937909308,1.9991991242344822,1.7592086512976484,1.819479716720755,2.1198908707119295,1.4803942818574787,2.1198908707119295,1.9589187149184473,1.720196980412167,1.9493016893677795,1.7123375653582222,2.1198908707119295,1.847115668264046,2.053185097810082,1.6941307992060102,1.7663222577406894,1.9111100045536782,1.901958937909308,2.0162554816562452,2.089823678770941,1.5311698051636466,1.600229932773499,1.8417935246311057,1.677213490594211,1.901958937909308,1.7798367337377763,1.9390690900950864,1.6605198738569409,1.6021010006273992,10.375819799038462,69.43442568096653,15.429872373548116
436893,J.Araujo,BOU,DEF,4.5,0.0,i,Thigh injury - Unknown return date,0.0,,,,0.0,0.0,0.0,0.0,0.0,0.0,0.0,0.0,0.0,0.0,0.0,0.0,3.8,91.0,,,,,,False,,,BOU,1.1223253837555172,0.0,0.052258507648176945,0.05509413869661508,13.898292529908215,0.1938678353755275,0.0,0.22937728466051902,,,,,0.22766216396102865,,0.22766216396102865,0.22766216396102865,17.757648788960235,0.0,0.0,0.0,0.0,0.0,0.0,0.0,0.0,0.0,0.0,0.0,0.0,0.0,0.0,0.0,0.0,0.0,0.0,0.0,0.0,0.0,0.0,0.0,0.0,0.0,0.0,0.0,0.0,0.0,0.0,0.0,0.0,0.0,0.0,0.0,0.0,0.0,0.0,0.0,0.0,0.0,0.0
575901,Soler,BOU,DEF,4.0,0.4,d,Hamstring injury - 75% chance of playing,75.0,,,,34.0,0.0,3.0,6.0,0.0,0.0,0.0,3.24,0.0,4.0,0.0,0.0,3.9,91.0,3.0,0.0,0.0,2.647058823529412,0.0,True,3.0,0.0,BOU,1.1223253837555172,0.37777777777777777,0.052754459647289594,0.05184164835369828,13.784067498309312,0.18101174940682666,0.0,0.16891336970796805,,,,,0.24826890282758154,,0.32721627124863417,0.24826890282758154,21.101816525814517,0.75,0.5594924576269784,0.7582290332953816,0.6100988030295397,0.7502380130592721,0.6791799343995959,0.6429181127721624,0.8087102906497063,0.5805410183861339,0.7489240044795524,0.7334171978282662,0.759427516315875,0.6771884170419303,0.6926359195445699,0.8061764080316491,0.5662324653038239,0.8061764080316491,0.7548914791051518,0.6669432091116702,0.7397399054460385,0.6603498113366695,0.8061764080316491,0.7122249805118966,0.7785377441575486,0.6548992148563242,0.6822993149495128,0.7258100610952235,0.7334171978282662,0.7609580867008112,0.7844642520323819,0.599831097203073,0.6128363390617195,0.7115316389025808,0.6320460195809667,0.7334171978282662,0.6782510232399241,0.7406717568610097,0.6361985983758555,0.6217219418767292,4.000156354182931,26.60680327788935,6.651700819472338
499604,Rayan,BOU,MID,6.5,3.0,a,,,,,,1110.0,13.0,67.0,5.4324324324324325,0.2164864864864864,0.1491891891891892,0.3656756756756756,1.5518918918918918,3.0,19.29729729729729,0.081081081081081,0.0,5.4,91.0,15.0,0.0,0.0,6.648648648648648,0.0,True,15.0,13.0,BOU,1.1223253837555172,12.333333333333334,0.19087094259162235,0.13865033586360867,18.785847453889097,0.12784458538031493,0.0,0.024036021606927152,1.0,61.0,1.0,1.0,0.5277551172576929,,0.5803866962050612,0.5277551172576929,42.32279388294214,1.0,2.0571500812383445,2.1747772135841656,2.311285850841431,2.18298926094526,2.1104122053900327,2.2582470745740646,2.21756568386625,2.1465716613501553,2.2349383414961115,2.307111029875843,2.1977495358351757,2.188102329819426,2.110090316603596,2.28570257066712,1.9371968475024177,2.28570257066712,2.3396307540357872,2.2347197861166754,2.155760421704504,2.174067678434666,2.28570257066712,2.2677722347427336,2.209232571902779,2.185461349716894,2.22975033177866,2.141230286975674,2.307111029875843,2.131608436669406,2.107947871940383,2.1899169640846767,2.0284279755426207,2.285041819374846,1.9209827803597483,2.307111029875843,2.0960714531388467,2.2240538245402015,2.072916195728407,2.1559436551989877,13.094861686573298,83.05605359666183,12.777854399486435
201658,Tavernier,BOU,MID,6.0,1.7,a,,,3.0,1.0,1.0,2732.0,31.0,137.0,4.513177159590044,0.2984626647144949,0.1515373352855051,0.45,1.352635431918009,14.0,18.18448023426061,0.1976573938506588,0.0,5.3,91.0,34.0,3.0,0.088235294117647,8.268667642752563,0.1976573938506588,True,34.0,31.0,BOU,1.1223253837555172,30.355555555555554,0.26778500143182765,0.14546063575620038,18.145452155451057,0.19813313767264668,0.0,0.0876189113436367,1.0,80.0,1.0,1.0,0.712485654818784,,0.7914330232398367,0.712485654818784,57.31072318112831,1.0,3.0395319086867616,3.2095695693130155,3.4823415778345677,3.225987166311268,3.1118501714803575,3.3821142576138836,3.274391346740325,3.1948070328109335,3.3188880493364774,3.450872998190909,3.250263853297212,3.250593202462502,3.108484455037037,3.396541864390711,2.825302902236195,3.396541864390711,3.5041986869549584,3.335622297774563,3.1797589465916856,3.2289761744821703,3.396541864390711,3.385265918738331,3.266447533794418,3.2503242041910276,3.323709963437749,3.1568991706862244,3.450872998190909,3.131978506448357,3.084424012775684,3.2684807294162717,2.979019642596392,3.416172112916736,2.7841231584495763,3.450872998190909,3.0865024051073906,3.3012901071503817,3.0536983939382782,3.204135863822634,19.451394651239852,123.15739791017823,20.526232985029704
503139,Scott,BOU,MID,6.0,1.5,a,,,,2.0,4.0,2848.0,34.0,136.0,4.297752808988764,0.1200842696629213,0.0929073033707865,0.2129915730337078,1.4858848314606743,9.0,19.055477528089888,0.158005617977528,0.0,4.9,91.0,37.0,15.0,0.4054054054054054,12.198033707865168,0.9480337078651684,True,37.0,33.0,BOU,1.1223253837555172,31.644444444444446,0.1263996146139767,0.09885933706009076,18.841956513625856,0.16646737422813232,0.0,0.36057573148245275,1.0,90.0,1.0,1.0,0.7372715071862567,,0.8425346650809935,0.7372715071862567,59.82296703421223,1.0,3.2071823439055875,3.359301484313202,3.453900292154001,3.3649833640138387,3.2811409785941836,3.4108943897790627,3.4114129338534416,3.2945741429257223,3.41282667271502,3.4761258021868273,3.3808788313677947,3.352898059949809,3.283874955478583,3.4738378608147342,3.0964009298609594,3.4738378608147342,3.5113209227433138,3.3940250987099616,3.337228884064849,3.336191517008977,3.4738378608147342,3.4347448312286333,3.3961806696450787,3.345628255626908,3.3927344473525376,3.320453414503534,3.4761258021868273,3.3199703592442975,3.3038735186121797,3.3386655364308058,3.190666673113794,3.450624668800185,3.0947019177275776,3.4761258021868273,3.267610084307202,3.4007746768427043,3.2369389738545586,3.311276732759976,20.077402852759874,127.54377155049296,21.257295258415493
222683,Kluivert,BOU,MID,6.0,1.1,a,,,2.0,3.0,2.0,945.0,10.0,41.0,3.9047619047619047,0.22,0.1476190476190476,0.3676190476190476,1.7104761904761905,3.0,14.0,0.4761904761904761,0.0,6.9,91.0,20.0,0.0,0.0,6.190476190476191,0.0,True,20.0,9.0,BOU,1.1223253837555172,10.5,0.1903266215871886,0.1367147835618041,15.728589093463698,0.35673008483241825,0.0,0.01941370975944116,1.0,46.0,1.0,1.0,0.4775921245523987,,0.767065808762925,0.4775921245523987,43.62060676771867,1.0,1.991146610085417,2.1009090218264337,2.250549783125639,2.109913504015819,2.039467970180491,2.194106730308905,2.1417124086167543,2.0822639654689854,2.1636427680634203,2.239149660439089,2.12455428804853,2.1197640915429963,2.0383118101142865,2.2122729761530198,1.867166678261884,2.2122729761530198,2.271358759847275,2.168469650945536,2.0824789999134428,2.1062756745347335,2.2122729761530198,2.199862203597358,2.1351468675340617,2.11834677314285,2.1624372221291317,2.068372880873763,2.239149660439089,2.05614526396952,2.0301271543673343,2.1259612955209994,1.9587409527972763,2.217730331448856,1.8468019741852801,2.239149660439089,2.0247236880977306,2.1529361126622324,2.0033138479647374,2.0897644781080826,12.686093619542703,80.39677167107608,13.399461945179347
155408,Cook,BOU,MID,5.0,0.1,a,,,,5.0,,872.0,8.0,40.0,4.128440366972478,0.0072247706422018,0.0536697247706422,0.060894495412844,1.444954128440367,0.0,19.610091743119263,0.1032110091743119,0.0,4.9,91.0,18.0,7.0,0.3888888888888889,14.759174311926609,1.444954128440367,True,18.0,8.0,BOU,1.1223253837555172,9.688888888888888,0.07242074431072174,0.08475509712965067,18.880716608427797,0.14695702967712088,0.0,0.31269818557272794,1.0,46.0,1.0,1.0,0.43587096732457353,,0.6990288620614156,0.43587096732457353,39.78740913552726,1.0,2.1310329864484707,2.2169791320602616,2.2415214457618218,2.2184473108642573,2.1746105321163345,2.226249198542236,2.24528439114164,2.1704426209590366,2.2386562691298098,2.2638237376600916,2.2263017433273458,2.205023259604568,2.177266517021722,2.2714907278426617,2.0840861621606486,2.2714907278426617,2.2812885735666946,2.221500636275187,2.205397440997702,2.1960934167376855,2.2714907278426617,2.2437927075992343,2.235106478561068,2.1995561649130213,2.222583246737293,2.196630384903975,2.2638237376600916,2.2005766487852005,2.196597813031289,2.1911333571272946,2.128978895055991,2.250488021241173,2.0899239100636704,2.2638237376600916,2.168734820396425,2.2325610596467316,2.1511497701496882,2.1814959909560248,13.208840605793382,83.95543430239177,16.79108686047835
496208,Gannon-Doak,BOU,MID,5.0,0.1,a,,,,,,105.0,0.0,11.0,9.428571428571429,0.2228571428571428,0.1114285714285714,0.3342857142857143,4.062857142857143,0.0,28.285714285714285,0.0,0.0,4.8,91.0,8.0,0.0,0.0,11.142857142857142,0.0,True,8.0,0.0,BOU,1.1223253837555172,1.1666666666666667,0.16047736356687153,0.12100619955200467,19.306788897717645,0.17449162575269866,0.0,0.036054032410390735,1.0,29.0,0.0,0.0,0.1659309827038592,,0.37645729849333287,0.1659309827038592,17.57419559826944,1.0,0.9083133992196484,0.9463731964629767,0.9977709639046213,0.9494659597560674,0.9250990428598393,0.9783524194708988,0.9605023832199344,0.9397392260743137,0.9679808408352697,0.9939831112786992,0.9545235251487217,0.9527698696464072,0.9247169762154908,0.9848154993279115,0.8655887657460549,0.9848154993279115,1.0051105193960317,0.9695438641323202,0.9399977046166766,0.9481014278738842,0.9848154993279115,0.9804170389973703,0.9581991704989132,0.9522553815267012,0.9674828339476413,0.9351184942934935,0.9939831112786992,0.9309500877914764,0.9220150582693725,0.9548196408292151,0.8972001255706834,0.9865741875713621,0.858642534328513,0.9939831112786992,0.920016479782311,0.96428043751361,0.9125883407929266,0.9423673953891031,5.705374981674052,36.153273123501684,7.230654624700337
200785,Adams,BOU,MID,5.0,0.4,d,Unspecified injury - 75% chance of playing,75.0,,,,1769.0,21.0,77.0,3.9174674957603166,0.0320520067834935,0.0320520067834935,0.064104013566987,1.382815149802148,3.0,17.603165630299603,0.4070096099491238,0.0,4.9,91.0,25.0,7.0,0.28,11.80327868852459,0.7122668174109666,True,25.0,20.0,BOU,1.1223253837555172,19.655555555555555,0.06657043991268342,0.0581880733750116,17.717195998640843,0.3471095183792593,0.0,0.2420889178627571,,,,,0.43869891051073756,,0.5702778578791586,0.43869891051073756,37.1132518619428,0.75,1.2387143767692637,1.30148923157154,1.3034570199492668,1.301599850981548,1.2715323421680966,1.2972850940150622,1.321535444601552,1.2619970743876983,1.3125940964579124,1.3251265481807462,1.306714861656471,1.2881535055411142,1.2740857918731097,1.3356728943672733,1.2130610796375925,1.3356728943672733,1.336546726991246,1.2964570263495698,1.2935208740227766,1.2819123003195019,1.3356728943672733,1.3123447737981846,1.3132337719778506,1.2834096917502558,1.2982480203561322,1.287509937636858,1.3251265481807462,1.2927215823559188,1.2926397261971396,1.2747794746555263,1.2412315910514355,1.3159781227266791,1.2210777771956889,1.3251265481807462,1.268217432701495,1.3085363929275622,1.255231964116399,1.2709628758545752,7.714077915454777,49.11917816023907,9.823835632047814
111317,Brooks,BOU,MID,5.0,0.1,d,Unspecified injury - 75% chance of playing,75.0,,4.0,3.0,1188.0,13.0,59.0,4.46969696969697,0.4401515151515151,0.2575757575757575,0.6977272727272726,1.5340909090909092,4.0,16.28787878787879,0.5303030303030303,0.0,5.0,91.0,31.0,0.0,0.0,7.121212121212122,0.0,True,31.0,12.0,BOU,1.1223253837555172,13.2,0.3311812499699523,0.2065671460327064,16.93296689759804,0.4056371023301763,0.0,0.013642066317445143,,,,,0.34281320313128866,,0.8428132031312887,0.34281320313128866,37.73942984424052,0.75,1.6273909448153696,1.702023285834471,1.9049577421933086,1.7142440900146614,1.6539754363366206,1.8349836591655235,1.7337486349757156,1.7242332919865437,1.7746588853631584,1.8630923642004862,1.728142078243256,1.7440319913592948,1.6492990170483566,1.8134531533996678,1.4883280568952033,1.8134531533996678,1.8934647942711118,1.800810198593484,1.6863792695630437,1.733078001046573,1.8134531533996678,1.8246557749717733,1.734786741865867,1.7478281551831103,1.7903659543133428,1.6742990924677774,1.8630923642004862,1.6512151319678687,1.6156158352515595,1.7687197257616605,1.5798822526828715,1.8447749243757823,1.4506849581674157,1.8630923642004862,1.6377570196905635,1.7648792317151911,1.6240960621189917,1.7236743135205266,10.437575158359955,65.85662110456046,13.171324220912092
158499,Christie,BOU,MID,5.0,0.0,s,Suspended until 29 Aug,0.0,,6.0,,978.0,9.0,47.0,4.325153374233128,0.1665644171779141,0.0726993865030674,0.2392638036809816,1.7613496932515338,2.0,19.69325153374233,0.2760736196319018,0.0,4.9,91.0,26.0,1.0,0.0384615384615384,11.319018404907975,0.1840490797546012,True,26.0,7.0,BOU,1.1223253837555172,10.866666666666667,0.1601259275280736,0.09377509695547925,18.974146549244438,0.24379010085157618,0.0,0.0470236391795459,,,,,0.2765611495288428,,0.7765611495288428,0.2765611495288428,32.57176966324974,0.0,0.0,0.0,0.0,0.0,0.0,0.0,0.0,0.0,0.0,0.0,0.0,0.0,0.0,0.0,0.0,0.0,0.0,0.0,0.0,0.0,0.0,0.0,0.0,0.0,0.0,0.0,0.0,0.0,0.0,0.0,0.0,0.0,0.0,0.0,0.0,0.0,0.0,0.0,0.0,0.0,0.0
614574,Tóth.A,BOU,MID,5.0,0.0,a,,,,,,135.0,2.0,8.0,5.333333333333333,0.0733333333333333,0.22,0.2933333333333333,3.266666666666667,0.0,21.33333333333333,0.6666666666666666,0.0,4.9,91.0,9.0,0.0,0.0,10.666666666666666,0.0,True,9.0,0.0,BOU,1.1223253837555172,1.5,0.13905710519610412,0.1378129995677238,18.524094550429307,0.2736322704631303,0.0,0.033650430249698014,1.0,44.0,0.0,0.0,0.1642256667407813,,0.40106777200393917,0.1642256667407813,18.020128321570414,1.0,0.8962833782800937,0.9338124657990369,0.9835831429828505,0.9368072363889817,0.9128913854054075,0.9647196459855567,0.9477088132734266,0.9269571113329756,0.9548490753352052,0.9801550364910705,0.941758802213391,0.9398573317194209,0.9125496478796801,0.9713974501210492,0.8546472158996998,0.9713974501210492,0.9910510587912649,0.9561845452763962,0.9275538792060292,0.9352700256339864,0.9713974501210492,0.966883607150195,0.9453882117109822,0.9393071925141492,0.9542093189460188,0.9227650971850259,0.9801550364910705,0.9187877019350652,0.9101383880900938,0.9416943133324227,0.8855542683214751,0.9728831942344827,0.8480119415721563,0.9801550364910705,0.9079354145400358,0.9512227611849655,0.9006027879478475,0.9295995472163616,5.6280972548419275,35.66612596712105,7.1332251934242095
489888,Adli,BOU,MID,5.0,0.1,i,Unspecified injury - Unknown return date,0.0,,,,1074.0,10.0,67.0,5.614525139664805,0.217877094972067,0.135754189944134,0.3536312849162011,1.5268156424581003,4.0,20.195530726256983,0.1675977653631284,0.0,5.4,91.0,31.0,1.0,0.032258064516129,10.3072625698324,0.1675977653631284,True,31.0,8.0,BOU,1.1223253837555172,11.933333333333334,0.191189423044966,0.13039582755317936,19.313322653632696,0.18057725264547175,0.0,0.04066909334447214,1.0,43.0,0.0,0.0,0.23245953518803214,,0.7324595351880321,0.23245953518803214,29.131843744666504,0.0,0.0,0.0,0.0,0.0,0.0,0.0,0.0,0.0,0.0,0.0,0.0,0.0,0.0,0.0,0.0,0.0,0.0,0.0,0.0,0.0,0.0,0.0,0.0,0.0,0.0,0.0,0.0,0.0,0.0,0.0,0.0,0.0,0.0,0.0,0.0,0.0,0.0,0.0,0.0,0.0,0.0
560262,Kroupi.Jr,BOU,MID,7.5,1.4,i,Foot injury - Unknown return date,0.0,1.0,,,1663.0,21.0,113.0,6.115453998797354,0.4497294046903187,0.0817197835237522,0.5314491882140709,1.4022248947684908,13.0,25.97714972940469,0.2705953096812988,0.0,4.7,91.0,33.0,0.0,0.0,6.007215874924834,0.0,True,33.0,20.0,BOU,1.1223253837555172,18.477777777777778,0.3595861623762774,0.09401179799849088,23.56613547654933,0.24924699590683017,0.0,0.012942473172960775,,,,,0.5479203522312557,,0.8900256153891504,0.5479203522312557,50.26410326351163,0.0,0.0,0.0,0.0,0.0,0.0,0.0,0.0,0.0,0.0,0.0,0.0,0.0,0.0,0.0,0.0,0.0,0.0,0.0,0.0,0.0,0.0,0.0,0.0,0.0,0.0,0.0,0.0,0.0,0.0,0.0,0.0,0.0,0.0,0.0,0.0,0.0,0.0,0.0,0.0,0.0,0.0
444102,Evanilson,BOU,FWD,6.0,2.2,a,,,,,,2741.0,32.0,115.0,3.775994162714338,0.3493615468807005,0.048595403137541,0.3979569500182415,1.2812112367748998,6.0,13.527909522072235,0.0656694636993797,0.0,6.6,91.0,36.0,0.0,0.0,4.432688799708136,0.0,True,36.0,30.0,BOU,1.1223253837555172,30.455555555555556,0.3611842295942304,0.050597661822383934,14.77421255125449,0.09234115498268466,0.0,0.0001713267543859649,1.0,61.0,1.0,1.0,0.6757347319974314,,0.8336294688395367,0.6757347319974314,56.180993306325966,1.0,2.5995952628265795,2.6425796702796838,2.981030374017243,2.6629716740996843,2.601174100975768,2.871542761734849,2.669569790224327,2.7317654293032643,2.7500620257013972,2.88221826707795,2.679610401718348,2.730688615857593,2.589962084807444,2.7849491662734804,2.399585849272637,2.7849491662734804,2.918262570909919,2.815201103383947,2.6267537540676793,2.720476256082523,2.7849491662734804,2.834410065818009,2.682216179463225,2.743297753947222,2.795297422597839,2.6143464270072103,2.88221826707795,2.568709457145099,2.5089917249735154,2.7897396757814734,2.516450464940503,2.8634492929335167,2.3257983776433133,2.88221826707795,2.578271944282262,2.7389557642469367,2.572367108475064,2.719052083460829,16.358893843933807,102.84368776803316,17.140614628005526
168636,Enes Ünal,BOU,FWD,5.5,0.1,u,Has joined Getafe permanently,0.0,,,,214.0,0.0,27.0,11.355140186915888,0.8411214953271028,0.0294392523364486,0.8705607476635513,2.5906542056074766,1.0,34.90654205607477,0.4205607476635514,0.0,5.4,91.0,23.0,0.0,0.0,9.67289719626168,0.0,True,23.0,0.0,BOU,1.1223253837555172,2.3777777777777778,0.5058443454235882,0.051625811099861786,23.044485695815627,0.24581663532662945,0.0,0.00024812840290381114,1.0,1.0,0.0,0.0,0.14353842852743648,,0.6435384285274365,0.14353842852743648,22.195997425140046,0.0,0.0,0.0,0.0,0.0,0.0,0.0,0.0,0.0,0.0,0.0,0.0,0.0,0.0,0.0,0.0,0.0,0.0,0.0,0.0,0.0,0.0,0.0,0.0,0.0,0.0,0.0,0.0,0.0,0.0,0.0,0.0,0.0,0.0,0.0,0.0,0.0,0.0,0.0,0.0,0.0,0.0
561245,Rodríguez,BOU,FWD,6.0,0.2,d,Unspecified injury - 75% chance of playing,75.0,,,,,,,,,,,,,,,,,,,,,,,False,,,,1.0099370333055604,0.0,0.4223070820608208,0.058942905436249596,19.394764872527816,0.18096622670318235,0.0,0.0010279605263157892,,,,,0.1877178833144891,,0.1877178833144891,0.1877178833144891,14.64199489853015,0.75,0.5761421423502311,0.587055424704072,0.6729844466819564,0.5922327368652565,0.5765429925080915,0.6451867102960537,0.593907928138981,0.6096987371942539,0.6143440477716985,0.6478971071813964,0.5964571322511703,0.6094253457513722,0.57369638124948,0.6232015204726229,0.5253618866046639,0.6232015204726229,0.6570483712855963,0.6308821644781811,0.5830373934605736,0.6068325365833979,0.6232015204726229,0.6357591150560378,0.5971187114136193,0.6126266713567284,0.6258288323242717,0.5798873055219398,0.6478971071813964,0.5683005658786792,0.5531388709447533,0.6244177797158502,0.555032565428094,0.6431318649350398,0.5066280349644994,0.6478971071813964,0.5707283793188596,0.6115242865063992,0.5692292045195483,0.6064709543524898,3.6501444534056615,22.923955403373892,3.8206592338956487
483067,Silva,BOU,DEF,5.0,0.3,a,,,,,,,,,,,,,,,,,,,,,,,,,False,,,,1.0099370333055604,0.0,0.058479217467673726,0.057292558383621406,14.876423012426306,0.18645691577625517,0.0,0.2745899071385076,,,,,0.24033672039909482,,0.24033672039909482,0.24033672039909482,18.746264191129395,1.0,0.7097683634203719,0.9596179748659998,0.7795162242619822,0.9498710430827314,0.8594061636686595,0.8185610783102072,1.0238257677474707,0.738301898844194,0.9496423125205632,0.9322910675715868,0.9617345949105305,0.8590869373200782,0.8761282554940363,1.0224804461596866,0.7146054924927504,1.0224804461596866,0.959928912418897,0.8476711115921336,0.93604057472887,0.8377950904075229,1.0224804461596866,0.9048376775532119,0.9858989189367453,0.8313540630841909,0.8665918924961248,0.9182826955147642,0.9322910675715868,0.9618584818445675,0.990584323610006,0.763348715421646,0.77481598107892,0.9044512973913924,0.795604521117193,0.9322910675715868,0.8578548176163,0.9390595886252103,0.8050102852747706,0.7894288538051034,5.076740847609952,33.73479845065096,6.7469596901301925
494928,Sanchez,BOU,DEF,4.5,0.2,a,,,,,,,,,,,,,,,,,,,,,,,,,False,,,,1.0099370333055604,0.0,0.052258507648176945,0.05509413869661508,13.898292529908215,0.1938678353755275,0.0,0.22937728466051902,,,,,0.22766216396102865,,0.22766216396102865,0.22766216396102865,17.757648788960235,1.0,0.6302530719264123,0.8665111009414684,0.6926369487178092,0.8570811468357395,0.7719842181216843,0.7306806596458637,0.9270719901769544,0.6560047157703958,0.8560229458820829,0.8383097540707872,0.8681582785616287,0.770430359459631,0.7879327816234583,0.9246827335210832,0.636767749256466,0.9246827335210832,0.864141783892319,0.7587999426723099,0.8443300161687453,0.7503600530331015,0.9246827335210832,0.8127661232248,0.8910230777980233,0.7440381854106959,0.776915229169939,0.8276285172147535,0.8383097540707872,0.8693472409567671,0.8971352156248594,0.6791704558045952,0.6926737032978586,0.8121195204768703,0.7142081498551558,0.8383097540707872,0.7707359828499304,0.8461056366241695,0.7207353517513603,0.7045582517458269,4.549147146188978,30.3173058672673,6.737179081614956
200720,Kelleher,BRE,GKP,5.0,5.9,a,,,,,,3330.0,37.0,143.0,3.864864864864865,0.0,0.0059459459459459,0.0059459459459459,1.4454054054054053,11.0,15.405405405405403,0.027027027027027,2.945945945945946,4.8,94.0,,,,,,True,37.0,37.0,BRE,1.0718818240331343,37.0,3.418073061311657e-05,0.005184047582824677,15.163111855706113,0.034273386072327446,2.8935951357106515,0.0,1.0,90.0,1.0,1.0,0.8982312988437519,1.0,0.8982312988437519,0.8982312988437519,70.06204130981264,1.0,3.1707558124424953,3.3897366014239814,3.2932792165312597,3.367764557491417,2.8519410838616586,3.4528912752310212,2.943869109732034,3.5782728525460534,3.140875813959819,3.409219634094069,3.1457962631228917,3.2072959702648984,2.883721387771315,2.813222533752929,3.452971542328088,3.256571878117296,3.5782728525460534,3.5782728525460534,3.0607961536550286,3.23483265262752,2.9790485358892815,3.519622124927331,2.945885683738146,3.528189307277191,3.40670290638323,3.2567009955038793,3.230130015493498,3.2567009955038793,3.633112257842363,2.897472112349053,3.632844857982731,3.095354102505045,3.1966975078273245,3.1834138584941933,3.09655866584863,3.308629463507577,3.2567009955038793,3.331787086853421,19.526368546981832,123.56591151747651,24.7131823034953
507433,Valdimarsson,BRE,GKP,4.5,0.1,a,,,,,,90.0,1.0,1.0,1.0,0.0,0.0,0.0,0.97,0.0,1.0,0.0,1.0,3.8,94.0,,,,,,True,1.0,1.0,BRE,1.0718818240331343,1.0,0.00017090365306558279,0.0014757934696791309,12.593337056308354,0.06025581925052621,2.467975678553259,0.0,,,,,0.03385675403560404,2.0,0.03385675403560404,0.03385675403560404,2.6408268147771152,1.0,0.11031142178079618,0.11820067025758196,0.11528160667674116,0.1173246313772812,0.0968008711252752,0.12081643420045939,0.1007912438563696,0.1259548438670439,0.10903523491609778,0.11902103194935622,0.10925321449821522,0.11042935934652225,0.0983064662639853,0.09509428333611755,0.12083770191403975,0.11384971521698545,0.1259548438670439,0.1259548438670439,0.10573344686702933,0.11172361739261887,0.10229809935040722,0.123553814989707,0.10088737460742403,0.12391412961626594,0.11888946382416599,0.11374732494041981,0.11134782582706197,0.11374732494041981,0.12823148985962235,0.09867658418792474,0.1281722100433908,0.1071199113242096,0.11133274675524636,0.10942327154996147,0.10721958753339182,0.11479005421610194,0.11374732494041981,0.11572745024257408,0.6787356354181351,4.293501471325319,0.9541114380722931
432830,Collins,BRE,DEF,5.5,2.0,a,,,,,,2971.0,32.0,129.0,3.907775159878829,0.0678559407606866,0.051800740491417,0.1196566812521036,1.4395153147088522,7.0,13.631773813530796,0.2120498148771457,0.0,4.9,94.0,35.0,17.0,0.4857142857142857,10.632783574554022,1.0299562436889935,True,35.0,32.0,BRE,1.0718818240331343,33.01111111111111,0.06539606138554761,0.0522862646596284,13.751608478386673,0.20766265485037855,0.0,0.4517126909115052,1.0,90.0,1.0,1.0,0.7792962358666083,,0.858243604287661,0.7792962358666083,62.521948502858606,1.0,3.2018265322270962,3.2668607186397707,3.4149597092860398,3.185046746077319,2.6880472705095126,3.3772220357854636,2.8663013578376986,3.5819389558444725,3.2074506425774687,3.2895492856174298,3.198377388361868,2.9619428704937745,2.641377069783651,2.586896106075247,3.357765201582874,3.2949653406486,3.5819389558444725,3.5819389558444725,3.0599425858353135,2.9113528532586352,2.920148150238489,3.494193626312344,2.859801109681494,3.497504563663906,3.314406154691207,3.4161158722133744,3.077521701691834,3.4161158722133744,3.6131868716127804,2.895718315027844,3.6673734823926445,3.1713160093651362,3.288141894795832,2.8784436188326286,3.1192920719189536,3.131720839289099,3.4161158722133744,3.2150498830883856,19.133963012525204,121.64786649137388,22.117793907522522
444765,Van den Berg,BRE,DEF,5.0,0.4,i,Unspecified injury - Unknown return date,0.0,,,,2761.0,30.0,113.0,3.683448026077509,0.1095255342267294,0.0472654835204636,0.156791017747193,1.3557044549076422,3.0,14.17964505613908,0.0651937703730532,0.0,4.4,94.0,32.0,13.0,0.40625,9.84425932633104,0.8475190148496922,True,32.0,30.0,BRE,1.0718818240331343,30.677777777777777,0.09829843797013968,0.04871835761525094,14.193388938157202,0.09091722466324252,0.0,0.382111061246624,,,,,0.6676289431503846,,0.7202605220977529,0.6676289431503846,53.2329523025721,0.0,0.0,0.0,0.0,0.0,0.0,0.0,0.0,0.0,0.0,0.0,0.0,0.0,0.0,0.0,0.0,0.0,0.0,0.0,0.0,0.0,0.0,0.0,0.0,0.0,0.0,0.0,0.0,0.0,0.0,0.0,0.0,0.0,0.0,0.0,0.0,0.0,0.0,0.0,0.0,0.0,0.0
249231,Lewis-Potter,BRE,MID,5.5,0.5,a,,,,,1.0,1960.0,22.0,115.0,5.280612244897959,0.1382142857142857,0.1152551020408163,0.253469387755102,1.5492857142857144,5.0,16.346938775510203,0.0459183673469387,0.0,4.8,94.0,36.0,2.0,0.0555555555555555,4.270408163265306,0.183673469387755,True,36.0,21.0,BRE,1.0718818240331343,21.77777777777778,0.1417514272174138,0.11717541590686709,16.790336134558604,0.08729686240521503,0.0,0.05963705842251115,1.0,79.0,1.0,1.0,0.5916068884108708,,0.98,0.5916068884108708,54.68998575100877,1.0,2.781864993721931,2.6920677898019023,2.882294780615387,2.6025703068498114,2.7229772777722623,2.73282792905701,2.763659572240532,2.8044179922542587,2.8618738340020053,2.6838722933866443,2.8342172245316,2.6467416849995122,2.5392275548154193,2.6717871711224896,2.698270870053061,2.7516397129918726,2.8044179922542587,2.8044179922542587,2.7964134658085436,2.4751863055111376,2.761889159072022,2.7827319965688817,2.7463860097789405,2.768901000607358,2.734041262254421,2.964632996627303,2.78517699637539,2.964632996627303,2.7385093863877024,2.951953920628933,2.8344216440119006,2.9076869483965244,2.8742772690298275,2.5706349427726773,2.8127604901232264,2.6620818465551923,2.964632996627303,2.74858033588315,16.414603077818306,105.12467894237194,19.11357798952217
191866,Ajer,BRE,DEF,4.5,2.3,a,,,,,,1805.0,20.0,76.0,3.789473684210526,0.0344044321329639,0.036398891966759,0.0708033240997229,1.571135734072022,1.0,10.520775623268698,0.1994459833795013,0.0,4.4,94.0,27.0,10.0,0.3703703703703703,9.922437673130194,0.9972299168975068,True,27.0,19.0,BRE,1.0718818240331343,20.055555555555557,0.04034727230655691,0.04150043677571822,11.583044314346623,0.19662687487237512,0.0,0.3490975856779306,1.0,71.0,1.0,1.0,0.6030565334078788,,0.8135828491973525,0.6030565334078788,51.66998855318296,1.0,2.4309927851388764,2.4974016156486107,2.588236406604752,2.4448363146337666,2.0230293383293936,2.5805076836391567,2.1616226865850914,2.735194743820969,2.4232913458438654,2.517021379363374,2.4201772058016697,2.2572581769039632,2.0135410478746056,1.9486674924604384,2.57003491638886,2.511053018123934,2.735194743820969,2.735194743820969,2.313744970774715,2.242582052460195,2.2056212290943384,2.6675351234517555,2.1590090083611813,2.6723201879444964,2.529480797200746,2.576593610344651,2.3297277295666063,2.576593610344651,2.77048229473605,2.1564292105488256,2.7997009826728734,2.386972576685636,2.4867712249017906,2.2012218394528738,2.3593624718754684,2.3925369860040835,2.576593610344651,2.446801343522777,14.565004143994557,92.44333650509162,20.542963667798137
607464,Kayode,BRE,DEF,4.5,3.4,a,,,,,,3258.0,37.0,113.0,3.1215469613259668,0.0353591160220994,0.0798342541436464,0.1151933701657458,1.4544198895027622,9.0,13.646408839779005,0.2209944751381215,0.0,4.6,94.0,37.0,7.0,0.1891891891891892,7.29281767955801,0.3867403314917126,True,37.0,37.0,BRE,1.0718818240331343,36.2,0.03895848732379492,0.07521081017061047,13.754948942615691,0.21530489166735728,0.0,0.19814465877608634,1.0,62.0,1.0,1.0,0.8030346639667009,,0.8030346639667009,0.8030346639667009,62.63670378940267,1.0,2.667993746699357,2.746096252450845,2.8773024292335667,2.6717726852111174,2.1436872060211836,2.855883306089463,2.3228741182088855,3.0601988524393664,2.664404757382052,2.770629426781673,2.658252693820859,2.4353179280953836,2.1165535092876904,2.0453644516026794,2.839782332291994,2.768209453463054,3.0601988524393664,3.0601988524393664,2.5192821724805703,2.4029949885606734,2.378705236844271,2.9715209914060705,2.318153404588833,2.9766189677060413,2.790484603809382,2.8687288460987204,2.5387950299495503,2.8687288460987204,3.1006410853238813,2.3315954769328138,3.1455157029744867,2.621588239166083,2.7466146614861633,2.3577870484028725,2.578824213104053,2.609414288153307,2.8687288460987204,2.6856359964933394,15.962735625705534,101.44507949963646,22.543350999919213
194010,Henry,BRE,DEF,4.5,0.2,a,,,,,,1322.0,14.0,52.0,3.540090771558245,0.0122541603630862,0.0367624810892587,0.0490166414523449,1.6277609682299548,0.0,9.803328290468986,0.1361573373676248,0.0,4.3,94.0,25.0,0.0,0.0,5.310136157337368,0.0,True,25.0,13.0,BRE,1.0718818240331343,14.688888888888888,0.02741276325859761,0.042942508745684865,11.369827078219991,0.15498670864483216,0.0,0.04903936539908751,1.0,11.0,0.0,0.0,0.3360561634408784,,0.6518456371250889,0.3360561634408784,33.15974916944115,1.0,1.2720566869871741,1.313269315237022,1.3620068907251819,1.2845622679685758,1.0313898763839149,1.361013736904612,1.1130683846846194,1.4497510156022668,1.265541564711205,1.324973786374081,1.2643923878941987,1.1728974616333228,1.0308177392703384,0.9881986274873247,1.355694986959286,1.319852693549398,1.4497510156022668,1.4497510156022668,1.2024962553450562,1.1685810413735347,1.1392867940899145,1.4107502864541441,1.1119745415291897,1.4138652744110882,1.3310848087905511,1.3532095008982714,1.2122341563054075,1.3532095008982714,1.471813592293628,1.104865889853547,1.4866708915132278,1.2429621460236397,1.3026174589602448,1.1416694216185532,1.2290474780956742,1.252361283772934,1.3532095008982714,1.2821754638444176,7.62429877420648,48.37307474054663,10.749572164565917
472713,Hickey,BRE,DEF,4.5,0.1,a,,,,,,679.0,8.0,37.0,4.904270986745214,0.058321060382916,0.0225331369661266,0.0808541973490427,1.196907216494845,0.0,13.917525773195877,0.1325478645066274,0.0,4.0,94.0,21.0,1.0,0.0476190476190476,7.687776141384389,0.2650957290132548,True,21.0,7.0,BRE,1.0718818240331343,7.544444444444444,0.056738286328846546,0.038876771164180465,14.086623941190295,0.16188910582755348,0.0,0.09334149360635971,1.0,28.0,0.0,0.0,0.2753114034659623,,0.6437324560975413,0.2753114034659623,29.579552628239796,1.0,1.3106753940895608,1.3356861191570566,1.393748244491244,1.3036526492591132,1.1064374885441057,1.3784879830427128,1.178122472744,1.4574276442135565,1.3130111992854223,1.3444305406179582,1.3094212117740045,1.2164242660258697,1.0887824567010218,1.0655958921939255,1.3708190968477048,1.3467971690013876,1.4574276442135565,1.4574276442135565,1.255017267913292,1.196526862765109,1.1996414194099874,1.4237145203405266,1.1755883858080158,1.4248974403487822,1.3542513591620775,1.394526317944853,1.261950880225328,1.394526317944853,1.4688510804239747,1.1890190877024798,1.4902190588997042,1.2988747012215127,1.344535036448148,1.1834807547761856,1.2783901339524752,1.283071340887481,1.394526317944853,1.3157523041156158,7.828687878583794,49.761735704651,11.058163489922444
231065,Pinnock,BRE,DEF,4.5,0.1,a,,,,,,318.0,4.0,14.0,3.962264150943396,0.0028301886792452,0.0169811320754716,0.0198113207547169,1.0471698113207548,2.0,15.0,0.2830188679245283,0.0,4.2,94.0,4.0,3.0,0.75,13.018867924528305,1.69811320754717,True,4.0,4.0,BRE,1.0718818240331343,3.533333333333333,0.0391877288767402,0.042859925682744195,14.477058664475166,0.21819157904888953,0.0,0.45202203273717123,1.0,19.0,0.0,0.0,0.2508342855198654,,0.2508342855198654,0.2508342855198654,19.565074270549502,1.0,0.9481710590373877,0.9760171574075467,1.011028609432509,0.9555545654000781,0.7843082793232847,1.0094082271357836,0.8395585154497638,1.0717204132502185,0.9442772896403953,0.9840760668876105,0.9432814773353808,0.8791430645297915,0.7819975073954608,0.7549943974416984,1.0054994232086296,0.9809672837912935,1.0717204132502185,1.0717204132502185,0.9005788070711331,0.8748074862121913,0.8572781311417426,1.0443466724256476,0.8386565573404545,1.0464426722810611,0.9886352454807421,1.0054658936643508,0.9071421417057326,1.0054658936643508,1.0868373652105412,0.835881956051368,1.0977447220984233,0.929141793178226,0.9698910601670454,0.8572178069965912,0.918867033465,0.9337439302315023,1.0054658936643508,0.9549078537321889,5.68448789773659,36.07196307894991,8.015991795322202
570241,Ji-soo,BRE,DEF,4.5,0.0,a,,,,,,0.0,0.0,0.0,0.0,0.0,0.0,0.0,0.0,0.0,0.0,0.0,0.0,3.9,94.0,,,,,,False,,,BRE,1.0718818240331343,0.0,0.052258507648176945,0.05509413869661508,13.898292529908215,0.1938678353755275,0.0,0.22937728466051902,,,,,0.22766216396102865,,0.22766216396102865,0.22766216396102865,17.757648788960235,1.0,0.7803567345444486,0.8018623885570798,0.8401614986375141,0.7802835400753908,0.6317315039835693,0.8331536581947162,0.6826642915554337,0.8913557126929829,0.7798508395738418,0.8087445752399044,0.7779358908315444,0.7137191215850864,0.6229016047761611,0.60359883189241,0.8283822596851758,0.8084926356863216,0.8913557126929829,0.8913557126929829,0.7384071887835644,0.7034925842696049,0.6984408197852421,0.8661552791976384,0.681220309630681,0.867507647262028,0.8146766644223786,0.8382631191513672,0.743852715963035,0.8382631191513672,0.9023627660805587,0.6863178116613808,0.9156585697186013,0.7680372556605124,0.8031695560060175,0.6913160210434255,0.755344729118879,0.7630351576270584,0.8382631191513672,0.7851321267801115,4.667549323992719,29.666823073362366,6.592627349636081
513086,Schuster,BRE,DEF,4.5,0.2,a,,,,,,,,,,,,,,,,,,,,,,,,,False,,,,1.0099370333055604,0.0,0.052258507648176945,0.05509413869661508,13.898292529908215,0.1938678353755275,0.0,0.22937728466051902,,,,,0.22766216396102865,,0.22766216396102865,0.22766216396102865,17.757648788960235,1.0,0.7862478346228579,0.8067922540606286,0.8467551558194,0.7844464123558887,0.6376480819564635,0.838334768524284,0.6887815287626701,0.8969567951688268,0.7865144360739217,0.8135641749781263,0.7843415444652375,0.7185932667932189,0.6271006729208359,0.6091259144718386,0.8332512020946399,0.8139677633436633,0.8969567951688268,0.8969567951688268,0.7446161797153839,0.7067617500046444,0.7044799580871619,0.8716656763332513,0.6871780185835609,0.8728777366658091,0.8199539426112044,0.8456604679111339,0.7499312251467939,0.8456604679111339,0.9072716525572186,0.6942183349603761,0.921433806089657,0.7751915930432529,0.8098513034243906,0.6955515646730659,0.7616401450653236,0.7678478762444607,0.8456604679111339,0.7906816288218449,4.700224507339523,29.884469192510963,6.640993153891325
513418,Schade,BRE,MID,6.0,3.3,a,,,2.0,,,2744.0,32.0,125.0,4.099854227405248,0.3962099125364431,0.067237609329446,0.4634475218658892,1.3135932944606414,5.0,12.627551020408164,0.1967930029154519,0.0,6.8,94.0,35.0,0.0,0.0,6.231778425655977,0.0,True,35.0,30.0,BRE,1.0718818240331343,30.488888888888887,0.3453215429973063,0.07870384371547451,13.743678071771669,0.19744676421650592,0.0,0.012311133018182202,1.0,71.0,1.0,1.0,0.7029306238705033,,0.8345095712389243,0.7029306238705033,57.72332550400452,1.0,3.1241728102437247,2.935651472531775,3.3033070955826784,2.764021401253452,3.056372938403786,3.005469191006874,3.1217919739037385,3.12628137417284,3.284997213577873,2.916527242041202,3.230178556923834,2.877052981881598,2.691840567709236,2.962393797122148,2.9378356089982254,3.0528495791278023,3.12628137417284,3.12628137417284,3.1685199284887626,2.536588936297839,3.1130401083095025,3.092794931932215,3.0876878828137713,3.0644173830384704,3.0150973022755325,3.4695547415827876,3.1440615775032494,3.4695547415827876,2.989046190516171,3.497323463810482,3.176756032560682,3.3812062696792196,3.301279755103242,2.73226298215495,3.1953000875607365,2.8900506796623726,3.4695547415827876,3.0555457675144218,18.18899490902229,117.49295005679645,19.582158342799406
533463,O.Dango,BRE,MID,6.5,1.4,a,,,,4.0,,2271.0,25.0,136.0,5.389696169088508,0.3146631439894319,0.1632760898282695,0.4779392338177015,1.3771466314398944,16.0,17.00132100396301,0.1981505944517833,0.0,5.6,94.0,32.0,2.0,0.0625,7.331571994715984,0.1585204755614266,True,32.0,24.0,BRE,1.0718818240331343,25.233333333333334,0.27535734702195547,0.153437015924575,17.241090217524928,0.19858093990169717,0.0,0.06591464351961764,1.0,90.0,1.0,1.0,0.652157103901016,,0.8626834196904897,0.652157103901016,55.49983305164767,1.0,3.1893426649410204,3.0202491010140546,3.3512909168743428,2.865652540387235,3.1262860453811645,3.0835050300523883,3.185766802901401,3.1930520778647797,3.333880797174792,3.0031727918626894,3.2845810193542584,2.9662200780009416,2.798466611224332,3.041449625111825,3.0226437540972086,3.125685744668898,3.1930520778647797,3.1930520778647797,3.2285648912044884,2.660050240326577,3.178119202019296,3.1625325932557256,3.155090437586762,3.1370529473042685,3.091856357715602,3.5006719901053343,3.206661956847808,3.5006719901053343,3.0699138726129553,3.5233932599693736,3.238828132983462,3.420174035024441,3.3488775091514085,2.8357487724226678,3.2528882491213134,2.9786502595584787,3.5006719901053343,3.1277375918396717,18.636326298650204,120.09550603590117,18.476231697830947
440089,Damsgaard,BRE,MID,5.5,0.6,a,,,,3.0,3.0,2046.0,24.0,113.0,4.970674486803519,0.1148093841642228,0.2388563049853372,0.3536656891495601,1.3878299120234605,9.0,20.542521994134898,0.0,0.0,5.6,94.0,33.0,6.0,0.1818181818181818,10.60117302052786,0.5278592375366569,True,33.0,22.0,BRE,1.0718818240331343,22.733333333333334,0.12432893164955491,0.208543063857702,19.880007534568712,0.052044682301509916,0.0,0.1667886270191146,1.0,19.0,0.0,0.0,0.39673010252015845,,0.6862037867306847,0.39673010252015845,37.313369049203935,1.0,2.249767794627598,2.1754426849274218,2.3274266700005826,2.1041693040175353,2.21065175952875,2.206463667048936,2.2408781318151747,2.2606354052910356,2.3147588818243605,2.1683285164061545,2.292426791881157,2.1442293466315574,2.062223032555565,2.170607465982332,2.178708331866423,2.2233938772563366,2.2606354052910356,2.2606354052910356,2.2641894126308415,2.005629640740635,2.238544697293423,2.2447619090532442,2.2269532457487284,2.2334276848813315,2.2086887098057173,2.3944376589836254,2.2547392801684483,2.3944376589836254,2.2062784100028217,2.393319822828957,2.2833117071744073,2.3526832829497697,2.323342981994069,2.0838200722315388,2.276420082347372,2.1536149080362956,2.3944376589836254,2.2224338044360286,13.273921880150823,85.00685510151749,15.455791836639543
207283,Jensen,BRE,MID,5.5,0.2,a,,,3.0,1.0,2.0,2239.0,26.0,98.0,3.939258597588209,0.0888343010272443,0.2435908887896382,0.3324251898168825,1.4358195623046004,1.0,18.691380080393035,0.1205895489057615,0.0,4.9,94.0,36.0,4.0,0.1111111111111111,8.84323358642251,0.321572130415364,True,36.0,26.0,BRE,1.0718818240331343,24.877777777777776,0.10405333725673166,0.21410277615086304,18.52250788800847,0.1398971244494682,0.0,0.10725610604155882,1.0,71.0,1.0,1.0,0.6452724520895363,,0.9084303468263784,0.6452724520895363,56.12072494719436,1.0,2.9931173147424412,2.891492709464703,3.1053482037982603,2.7909390044655242,2.9289853906851837,2.936912591355128,2.9741266113687175,3.016605292914803,3.0833427263887994,2.882131442621901,3.052189360358732,2.841841582372321,2.721988973607171,2.8716598901672583,2.8980251304668987,2.958556978103886,3.016605292914803,3.016605292914803,3.0102030994726894,2.6485766946334217,2.971896463700927,2.9926047807701464,2.954675106055986,2.9769817416491935,2.938604333923353,3.19823377736612,2.997447576225534,3.19823377736612,2.9420667394235345,3.1863318427194254,3.049997673077925,3.13519127408891,3.096940818325514,2.7563850835490125,3.028364015932744,2.858337994754527,3.19823377736612,2.9555049520355547,17.64679521451124,113.07528531114808,20.559142783845104
204580,Janelt,BRE,MID,5.0,0.1,a,,,,2.0,,1434.0,15.0,74.0,4.644351464435147,0.0514644351464435,0.1424686192468619,0.1939330543933054,1.6707112970711298,6.0,20.96234309623431,0.502092050209205,0.0,4.9,94.0,25.0,7.0,0.28,11.485355648535563,0.8786610878661087,True,25.0,15.0,BRE,1.0718818240331343,15.933333333333334,0.08486249997338394,0.1357614274050157,19.971263157203833,0.4010935892506854,0.0,0.2420889178627571,1.0,90.0,1.0,1.0,0.5065164146232429,,0.7696743093600851,0.5065164146232429,45.297754024823476,1.0,2.409208217230275,2.354401666631148,2.4790587142428917,2.295390890422124,2.3582051760999256,2.3835293511382964,2.3884279325025344,2.435177812649741,2.4599687133385237,2.349917225376515,2.4422137090043865,2.316874430089037,2.2403274355718525,2.3233226452783753,2.3611116870582025,2.392883210199368,2.435177812649741,2.435177812649741,2.4143636881072794,2.2068528187303715,2.3887057324614633,2.4186935297134853,2.3773024528265605,2.410074066470693,2.382359634238976,2.5310971428776083,2.4077399241258113,2.5310971428776083,2.3946453880196197,2.5086860668787216,2.4568665360407635,2.4879224744752633,2.470171325734866,2.266379841713965,2.42637474105902,2.3314189137659325,2.5310971428776083,2.388555821139996,14.279794015764661,91.19077882626831,18.238155765253662
543295,Milambo,BRE,MID,5.0,0.0,i,Knee injury - Unknown return date,0.0,,,,45.0,1.0,1.0,2.0,0.0,0.02,0.02,2.98,0.0,10.0,0.0,0.0,5.2,94.0,1.0,0.0,0.0,8.0,0.0,True,1.0,0.0,BRE,1.0718818240331343,0.5,0.14247558816035166,0.11637923481098543,17.52692920342099,0.1881772434587927,0.0,0.07210806482078147,,,,,0.19707273103880021,,0.22338852051248442,0.19707273103880021,15.95062038944747,0.0,0.0,0.0,0.0,0.0,0.0,0.0,0.0,0.0,0.0,0.0,0.0,0.0,0.0,0.0,0.0,0.0,0.0,0.0,0.0,0.0,0.0,0.0,0.0,0.0,0.0,0.0,0.0,0.0,0.0,0.0,0.0,0.0,0.0,0.0,0.0,0.0,0.0,0.0,0.0,0.0,0.0
244858,Carvalho,BRE,MID,5.0,0.0,d,Lack of match fitness - 75% chance of playing,75.0,,,,100.0,1.0,13.0,11.7,0.6299999999999999,0.0269999999999999,0.6569999999999999,1.872,1.0,37.8,0.0,0.0,4.6,94.0,6.0,0.0,0.0,7.199999999999999,0.0,True,6.0,1.0,BRE,1.0718818240331343,1.1111111111111112,0.2097485670032549,0.11076843247610225,20.412318098313484,0.17555559908045903,0.0,0.04206303781212252,,,,,0.21267569495181446,,0.3442546423202355,0.21267569495181446,19.48344104834679,0.75,0.817281232784193,0.784690843486198,0.8504833037031534,0.7538745729994543,0.8016262584475313,0.7978706752630571,0.8143441194573817,0.8208336417059379,0.845587186393979,0.7815199576930454,0.8358818873421638,0.7719844490367518,0.737111883452537,0.7844291324321262,0.7858321938218198,0.8055057475258411,0.8208336417059379,0.8208336417059379,0.8239749660377946,0.7117388552601027,0.8131859561623492,0.8141961928313977,0.8082961921143559,0.8092439929279489,0.7990361578574547,0.8796892400428362,0.819807950916643,0.8796892400428362,0.797029362159788,0.8806572068977598,0.8304413064997268,0.8622172013378884,0.8490895843701861,0.7458977994145288,0.8291358023971109,0.7755849147920035,0.8796892400428362,0.8053292526568957,4.805826886683587,30.84445478371949,6.168890956743898
508395,Yarmoliuk,BRE,MID,5.0,1.4,a,,,,,,2652.0,30.0,104.0,3.5294117647058827,0.0414027149321266,0.0471719457013574,0.0885746606334841,1.3679864253393668,1.0,15.203619909502263,0.2375565610859728,0.0,5.0,94.0,37.0,11.0,0.2972972972972973,11.470588235294118,0.746606334841629,True,37.0,29.0,BRE,1.0718818240331343,29.466666666666665,0.06488547596164555,0.06323550255943171,15.800148529245867,0.22952419669216378,0.0,0.2675524756684993,1.0,19.0,0.0,0.0,0.4597205448595228,,0.6702468606489964,0.4597205448595228,40.48978144641119,1.0,1.9590817688349256,1.933984793892581,2.004465324775247,1.9000916491619126,1.912137524558198,1.9539795034764185,1.934423153250216,1.9900881669236095,1.9853457551703262,1.932741882164185,1.975844768628065,1.901353283715278,1.8491873137715464,1.8904644003628794,1.9416369638722075,1.9549305550708673,1.9900881669236095,1.9900881669236095,1.9556101925530724,1.842648105940377,1.9366777496866694,1.9774520073265756,1.928415847045059,1.973226376909645,1.9504521028956134,2.0310893322965953,1.952943944440945,2.0310893322965953,1.971048395573874,1.9978473305394784,2.005307800878402,1.9981343006384427,1.99414038111048,1.8718975647347644,1.9642956285139455,1.9161290188557463,2.0310893322965953,1.9490959986174208,11.663740564699282,74.278523884626,14.855704776925199
183656,Dasilva,BRE,MID,5.0,0.0,a,,,,,,2.0,0.0,2.0,4.0,0.16,0.0,0.16,0.1,0.0,10.0,0.0,0.0,4.9,94.0,2.0,0.0,0.0,45.0,0.0,True,2.0,0.0,BRE,1.0718818240331343,0.022222222222222223,0.15140418967128674,0.12206387067922972,17.975208920522242,0.19938447540993964,0.0,0.06309455671818379,,,,,0.20312013405080365,,0.25575171299817206,0.20312013405080365,17.00126519280479,1.0,0.8432147774771911,0.813882518300549,0.8766008177961787,0.7843503787333929,0.8229567703680953,0.8274853115517816,0.836611690034894,0.8514101236025704,0.8694805429093492,0.8112405901398185,0.8603871083764424,0.7984072775063907,0.762546088628524,0.8059884969122694,0.8161072286358559,0.8334857629487129,0.8514101236025704,0.8514101236025704,0.8477142647522669,0.7420079433065448,0.8361255842909642,0.8441058948446964,0.8309297229449211,0.8395759247254164,0.8277519854288745,0.9036177151868762,0.8440597729845359,0.9036177151868762,0.8298603076621813,0.8984801740226257,0.8614399941452792,0.8844448770668191,0.8737107988465861,0.7732725273678892,0.8531920717490946,0.8037698646006496,0.9036177151868762,0.832319432078208,4.968490574227189,31.850590017505336,6.370118003501068
444180,Anthony,BRE,MID,6.0,0.2,a,,,,,,2717.0,32.0,127.0,4.2068457857931545,0.1692675745307324,0.0944055944055944,0.2636731689363268,1.9543614280456385,6.0,16.993006993006993,0.1324990798675009,0.0,5.0,90.0,37.0,1.0,0.027027027027027,7.684946632315053,0.0662495399337504,True,37.0,30.0,BUR,1.0099370333055604,30.18888888888889,0.16552046114130609,0.10027061816421409,17.203404376088756,0.1466265904119803,0.0,0.034994336133615564,1.0,19.0,0.0,0.0,0.5019831016706225,,0.686193627986412,0.5019831016706225,43.207313509255926,1.0,2.161388468488349,2.0805062346835768,2.2500307854269996,2.000825764601315,2.111546051111325,2.1163170267976215,2.147044050730843,2.179110250769146,2.2330445934424117,2.0730144497980394,2.2083195785647547,2.0417748919253693,1.9472554929180903,2.06621100684836,2.0854724334442025,2.133713097444071,2.179110250769146,2.179110250769146,2.175283533009889,1.8883802177750069,2.1451608993649876,2.1602671782071488,2.13160916844444,2.147847092348138,2.1178156260879577,2.323815564169824,2.1651128513864446,2.323815564169824,2.1198099658691496,2.315511595267869,2.2054180532971364,2.2743110610523725,2.243657540158905,1.9740828247488895,2.189575665811789,2.054491520197713,2.323815564169824,2.1314799667021047,12.72061433110919,81.6050561307722,13.600842688462032
502500,Thiago,BRE,FWD,8.0,17.7,a,,,1.0,,,3282.0,37.0,181.0,4.963436928702011,0.5648994515539305,0.0501828153564899,0.6150822669104204,1.4580438756855576,22.0,19.46983546617916,0.1919561243144424,0.0,7.2,94.0,38.0,1.0,0.0263157894736842,5.868372943327239,0.0548446069469835,True,38.0,37.0,BRE,1.0718818240331343,36.46666666666667,0.5363464814157,0.051628812485574896,19.478648085929983,0.1923020333321019,0.0,0.022890811901913867,1.0,71.0,1.0,1.0,0.7991462556558165,,0.8254620451295007,0.7991462556558165,62.91235530957474,1.0,3.7048680746624054,3.438142817331779,3.8998149992894557,3.2253160317172975,3.7119377308529584,3.5078587250046187,3.7676170492164553,3.6243934208184703,3.919221898636069,3.4075460562489095,3.8476474055696315,3.422681440346219,3.235359731183986,3.603859784253605,3.4212377575553985,3.5894432304532637,3.6243934208184703,3.6243934208184703,3.793077052883084,2.977328584584451,3.7459460116127365,3.5992298745397635,3.7233508359448946,3.5602970096002213,3.5345435714284914,4.122824916463751,3.7568707212148222,4.122824916463751,3.4323215157558904,4.262446775651885,3.6727179856337795,4.0553936423848045,3.9242584510855476,3.2454810203761753,3.8170584356471124,3.4056366693320177,4.122824916463751,3.6100807806772197,21.487938378858516,139.06024668252158,17.382530835315197
593174,Furo,BRE,FWD,4.5,0.8,a,,,,,,1.0,0.0,1.0,2.0,0.0,0.0,0.0,0.04,0.0,4.0,0.0,0.0,4.5,94.0,1.0,0.0,0.0,0.0,0.0,True,1.0,0.0,BRE,1.0718818240331343,0.011111111111111112,0.40562915204664557,0.05813940023199848,19.497294923566987,0.19360989929968364,0.0,0.0010279605263157892,,,,,0.1677938412137414,,0.19410963068742562,0.1677938412137414,13.666866983092882,1.0,0.7283357040440632,0.6830719859014811,0.7614185201875074,0.6469549277208815,0.7295354364142805,0.6949028909553887,0.7389843090032473,0.714679021937282,0.7647119031645746,0.6778796648457581,0.7525655930896291,0.6804481646069604,0.6486593601631585,0.7111944297872324,0.6802031692451227,0.7087479167185539,0.714679021937282,0.714679021937282,0.7433049138136378,0.6048710470181042,0.7353066980121887,0.7104087264368626,0.7314722592603177,0.7038017547434312,0.699431353611293,0.7992636726676314,0.7371606393343089,0.7992636726676314,0.6820841013779417,0.8229577335304206,0.7228797806620236,0.7878204737203296,0.765566614461004,0.6503769597104219,0.747374594206728,0.6775556387220372,0.7992636726676314,0.71225014318874,4.244219465223603,27.38406549147237,6.08534788699386
75115,Wilson,BRE,FWD,5.5,0.3,a,,,,,,1234.0,11.0,80.0,5.834683954619125,0.5542949756888169,0.0393841166936791,0.593679092382496,1.5673419773095625,7.0,21.588330632090763,0.072933549432739,0.0,5.8,21.0,32.0,0.0,0.0,2.990275526742302,0.0,True,32.0,8.0,WHU,1.0099370333055604,13.71111111111111,0.49972293686060976,0.04632472239880804,20.825767471797235,0.11749884206503164,0.0,0.00018936114958448752,1.0,19.0,0.0,0.0,0.22444738650072815,,0.7244473865007282,0.22444738650072815,28.506896147056796,1.0,1.9253181297688005,1.8061028445048362,2.0124514348908478,1.7109779725194583,1.9284779770510174,1.837263004977946,1.9533643559730531,1.8893492496164748,2.021125525469483,1.7924273432150348,1.9891346533116134,1.7991922411133385,1.7154670955556865,1.880171553566668,1.7985469739291922,1.8737279434225393,1.8893492496164748,1.8893492496164748,1.9647439367083572,1.6001377223395594,1.9436782881602441,1.8781021732132437,1.9335791684151193,1.8607007743117612,1.8491900403494166,2.112127750357557,1.9485611867078838,2.112127750357557,1.8035009606977965,2.1745330131316236,1.9109483543933152,2.081988727696237,2.023376658500605,1.7199908980270444,1.975462634351956,1.7915739253263256,2.112127750357557,1.8829520846295662,11.220591363712906,72.39120059615168,13.162036472027578
513545,Sangaré,BRE,MID,5.5,2.3,a,,,,,,,,,,,,,,,,,,,,,,,,,False,,,,1.0099370333055604,0.0,0.14654838772833892,0.12172257550910852,17.895601096669267,0.19725680451144315,0.0,0.09179031691342893,1.0,71.0,1.0,1.0,0.41865425303338444,,0.41865425303338444,0.41865425303338444,32.65503173660399,1.0,1.6115261200138562,1.5534794463603865,1.67857680520759,1.4945336886598535,1.569708115979038,1.580886330210506,1.5973492940780625,1.6291449723162676,1.6637256995932026,1.548310642864264,1.6456299262123286,1.521722904881592,1.4495017373725587,1.5357112822767238,1.5582176128953797,1.5925166396601942,1.6291449723162676,1.6291449723162676,1.6200028989423083,1.4095021835952906,1.5965432254645167,1.6143175216230088,1.5860381539198813,1.6053325812706634,1.5811948119072103,1.7322463258180807,1.6127977804000992,1.7322463258180807,1.5864641411131302,1.7203954229755374,1.649380970536617,1.6933382833984192,1.6723992319360301,1.4715187057666241,1.6310765654678863,1.5329298635152002,1.7322463258180807,1.5899261840965793,9.48871050643123,60.85872866659759,11.065223393926836
489639,Verbruggen,BHA,GKP,4.5,19.2,a,,,,,,3420.0,38.0,130.0,3.421052631578948,0.0,0.001578947368421,0.001578947368421,1.2910526315789477,6.0,16.210526315789473,0.0789473684210526,2.789473684210526,4.6,36.0,,,,,,True,38.0,38.0,BHA,1.047737340289852,38.0,3.343767125196185e-05,0.0015930900266763082,15.83347898927772,0.07700657333162467,2.7654735023256376,0.0,2.0,180.0,2.0,1.0,0.9202956757632635,1.0,0.9202956757632635,0.9202956757632635,71.78306270953456,1.0,3.2528168028535602,3.517558330994876,3.250129338165676,3.7730950041894866,3.0287775637413543,3.8300606034454394,3.215145965808357,3.494201613048629,3.361450202298394,3.2752384065350326,3.7730950041894866,3.421724237847239,3.5572785774794533,3.722004975086492,3.3044678886915415,3.418752903668909,3.6450316641107885,3.8286175443172845,3.0929549698127476,3.0373640788030882,3.422417571205794,2.9493350912666965,3.4089598109279704,3.418752903668909,3.386235491376812,3.3314879627089447,3.7730950041894866,3.357346310942948,3.5791695727646062,3.418752903668909,3.6445152637976057,2.9911871217672106,3.71299528426848,3.298876864360045,3.4580406751568904,3.59637945142332,3.090516054665508,3.418082236505104,20.652437643390392,130.05591124975305,28.901313611056235
49262,Steele,BHA,GKP,4.0,4.3,a,,,,,,0.0,0.0,0.0,0.0,0.0,0.0,0.0,0.0,0.0,0.0,0.0,0.0,4.2,36.0,,,,,,False,,,BHA,1.047737340289852,0.0,0.00013212214651043744,0.0011313976123006986,12.866935659988142,0.06734305438832919,2.9028711226076327,0.0,,,,,0.03010861507719084,2.0,0.03010861507719084,0.03010861507719084,2.3484719760208854,1.0,0.10320748533346003,0.11198037288416067,0.10312163519521528,0.1200708293142585,0.09616643568585141,0.12188563118999386,0.10201605790951575,0.11124675230170389,0.10709878663024372,0.10391748128682644,0.1200708293142585,0.10857449784321974,0.11323324127994859,0.11844702122684544,0.10484455853886526,0.1084778501713866,0.11600616934909798,0.12183843382704007,0.09817016470304869,0.09643168707441631,0.10899708685338759,0.09370579107231328,0.10857611151354217,0.1084778501713866,0.1078688633198433,0.10570293803710869,0.1200708293142585,0.10652400092124567,0.11392320236575744,0.1084778501713866,0.11598942729474225,0.09499794622038085,0.11816070799546355,0.10466691922405898,0.10973118156244525,0.1144664369259126,0.09809364012335181,0.10886332359485643,0.6564323896029397,4.134100027740798,1.0335250069351996
231416,F.Kadıoğlu,BHA,DEF,4.5,3.1,a,,,,3.0,,3130.0,34.0,118.0,3.3929712460063897,0.0592332268370607,0.0951757188498402,0.1544089456869009,1.2827156549520766,7.0,14.779552715654953,0.1725239616613418,0.0,4.5,36.0,37.0,4.0,0.1081081081081081,5.7507987220447285,0.2300319488817891,True,37.0,35.0,BHA,1.047737340289852,34.77777777777778,0.05848749677248216,0.08752950723602294,14.679788803564993,0.17570983352019406,0.0,0.1283772169156212,2.0,138.0,2.0,1.0,0.8039413547984353,,0.8565729337458037,0.8039413547984353,63.86532041112006,1.0,2.761816733880694,3.0147220044226883,2.8126341487424087,3.389068373819369,2.2762237942052375,3.405719725413149,2.7010840938898695,2.9141762803218065,2.6423129321491268,2.81019129349251,3.389068373819369,2.944192239753215,2.9551814595295296,3.298597771655665,2.8426646005927307,3.06279996429841,3.146034865339634,3.4791715071618268,2.495742236821728,2.526247300516355,2.8271825982377004,2.215320972126241,2.884639647555766,3.06279996429841,2.7412290729615316,2.847705464752297,3.389068373819369,2.9338613475138886,3.054717781539181,3.06279996429841,3.17242430868346,2.31852429130512,3.2982337479592663,2.8512087908102983,3.063769424103582,3.110485393130129,2.501914804423768,2.65642257939778,17.660184780483547,110.85995822674154,24.635546272609233
204120,Boscagli,BHA,DEF,4.5,0.2,a,,,,,,799.0,9.0,39.0,4.39299123904881,0.0056320400500625,0.0529411764705882,0.0585732165206508,1.2244055068836044,4.0,19.261576971214016,0.2252816020025031,0.0,4.2,36.0,12.0,2.0,0.1666666666666666,8.78598247809762,0.4505632040050062,True,12.0,8.0,BHA,1.047737340289852,8.877777777777778,0.02914869162215688,0.05358038371210565,16.884257336224636,0.20834947929739783,0.0,0.1955677959650951,2.0,151.0,2.0,1.0,0.5471088146690314,,0.6523719725637682,0.5471088146690314,44.990277017868664,1.0,1.9836524264907123,2.132641769565242,2.0018286466853676,2.388298107563486,1.6902531979425308,2.4180499695447604,1.9435543353466938,2.083136883394929,1.911521767706013,2.011999158148712,2.388298107563486,2.125027130779595,2.1285952390297416,2.3323446632480893,2.0371044038301247,2.1690676259934913,2.240918177067141,2.4454907678018527,1.8070663936615914,1.7899486734598253,2.0142247039080514,1.6220677044699594,2.02911323545535,2.1690676259934913,1.9625582160990955,2.0506109654444655,2.388298107563486,2.0944126152947806,2.1765913193805364,2.1690676259934913,2.2507520966870223,1.6856527783662199,2.328375353797886,2.037944666333574,2.18538431176718,2.205666882018496,1.8081905477781073,1.9470063861988143,12.614724117792099,79.15378258737337,17.58972946386075
465730,De Cuyper,BHA,DEF,4.5,1.6,a,,,,2.0,4.0,1404.0,17.0,84.0,5.384615384615385,0.1064102564102564,0.2615384615384615,0.367948717948718,1.5442307692307693,9.0,20.384615384615387,0.1282051282051282,0.0,4.3,36.0,30.0,2.0,0.0666666666666666,5.641025641025641,0.2564102564102564,True,30.0,12.0,BHA,1.047737340289852,15.6,0.0890663194793109,0.19128465294665178,18.303760307780237,0.14900322930920307,0.0,0.0977838979825475,2.0,96.0,1.0,0.5,0.43839448348582494,,0.9120786940121407,0.43839448348582494,44.61582234347329,1.0,2.390491716578417,2.5951435666252216,2.4577343031601053,2.8169038325163775,2.010112735545135,2.7849597282143965,2.3507154153381027,2.492248049256071,2.2972181330933936,2.4300529312788837,2.8169038325163775,2.4623984316117298,2.47775935363942,2.7504695099474654,2.4430997203818134,2.615810573245401,2.631561627328387,2.879620059897195,2.2172706941685423,2.318409877755386,2.4610700640634144,2.0292321741572494,2.549629569670453,2.615810573245401,2.39358440784056,2.423751169671419,2.8169038325163775,2.508866491011444,2.5817797943877956,2.615810573245401,2.6656202465732894,2.10850922574006,2.758664485007706,2.4593279581063756,2.581305204333028,2.635143822365068,2.2277914462260746,2.248703122225307,15.055345882639653,94.92038825248424,21.093419611663165
83299,Dunk,BHA,DEF,4.5,0.9,a,,,,,3.0,2837.0,31.0,100.0,3.1723651744800847,0.0580542826929855,0.0177652449770884,0.075819527670074,1.3292210081071554,5.0,14.053577722946777,0.3172365174480084,0.0,4.5,36.0,33.0,12.0,0.3636363636363636,8.660556926330631,0.7613676418752203,True,33.0,31.0,BHA,1.047737340289852,31.522222222222222,0.057485764007325336,0.0251584489341266,14.09254621695958,0.2913924259355488,0.0,0.3466723160864541,2.0,69.0,1.0,0.5,0.6221236088159776,,0.674755187763346,0.6221236088159776,49.68353622448836,1.0,2.2642759095734175,2.4403491826152077,2.2902381482112486,2.7293242014304298,1.9206061159120527,2.75696695861826,2.2185512639016913,2.3781327850955165,2.179722215490937,2.297827415462723,2.7293242014304298,2.418440230821461,2.423763228515165,2.6641476806020727,2.32521661518874,2.4803265859738675,2.556611428754182,2.795424152993681,2.06329338767597,2.0565433248831315,2.30342549539815,1.852581607009402,2.3282491726662187,2.4803265859738675,2.242775525761053,2.3371648516897743,2.7293242014304298,2.391582306145592,2.484551373529626,2.4803265859738675,2.5704086586816857,1.9265209210507117,2.6608767831277644,2.327807503270994,2.4936322956662145,2.520363270145746,2.065583153705193,2.211271990844702,14.401760516360616,90.39585731522118,20.087968292271373
550090,Coppola,BHA,DEF,4.5,0.0,a,,,,,,193.0,2.0,10.0,4.663212435233161,0.0,0.0046632124352331,0.0046632124352331,2.1077720207253883,0.0,14.922279792746114,0.932642487046632,0.0,4.2,36.0,5.0,1.0,0.2,8.860103626943005,0.932642487046632,True,5.0,2.0,BHA,1.047737340289852,2.1444444444444444,0.04356720982919645,0.043799126898892114,14.38903274230583,0.34664059041921935,0.0,0.22911093885197384,,,,,0.2832512275100635,,0.36219859593111614,0.2832512275100635,23.83043785104811,1.0,1.0192969444660964,1.100099454977136,1.0308793309739943,1.233427335763041,0.8610463607985153,1.2465764366389698,0.9981713551600135,1.0718284634797892,0.9804087846492142,1.0346970406989229,1.233427335763041,1.0909765381148437,1.093338596561164,1.2035193158839592,1.0474385086340186,1.118653018443822,1.154223271085745,1.2637836405334064,0.9263285811342383,0.9221095792846614,1.0370444405607695,0.8286204841608186,1.0478970650130317,1.118653018443822,1.0091627686370221,1.053216998532219,1.233427335763041,1.0779894861426946,1.120920498878112,1.118653018443822,1.1603952316357073,0.8628037361775133,1.2019255041756125,1.0485092127096327,1.1251755499303393,1.1372348308015596,0.9273037156063524,0.9956915088169644,6.491325863617753,40.73485429747363,9.05218984388303
223434,Igor,BHA,DEF,4.5,0.1,a,,,,,,103.0,1.0,6.0,5.242718446601942,0.0,0.0,0.0,4.071844660194175,0.0,8.737864077669903,0.0,0.0,4.5,36.0,4.0,1.0,0.25,11.359223300970877,1.7475728155339807,True,4.0,1.0,BHA,1.047737340289852,1.1444444444444444,0.04833154626252291,0.04749526471286574,13.556727695899419,0.16583579471779744,0.0,0.2520220327371712,1.0,12.0,0.0,0.0,0.2370164758985758,,0.31596384431962843,0.2370164758985758,20.22412722535207,1.0,0.9234408122302198,0.9931983377387686,0.9344198264634224,1.1052853987174331,0.7873265466636417,1.1149435860909918,0.9055563757235205,0.967983335136272,0.8900006775400108,0.9367507444848641,1.1052853987174331,0.9824865880349419,0.9847682812514363,1.0797117716439981,0.9472539062121353,1.0085338484164734,1.0373146412008414,1.1311194105672049,0.844776978669204,0.8440159330515449,0.9394252039693156,0.7619291222578511,0.9503727044740973,1.0085338484164734,0.9154342779293745,0.9513639478622234,1.1052853987174331,0.9733282676789484,1.0094620242504395,1.0085338484164734,1.0431193502297202,0.7912633118518613,1.0786529217968273,0.948527636284394,1.012843909760694,1.0238566900791812,0.8458265897603721,0.9009424575836149,5.858614507904478,36.792873909873656,8.176194202194146
451490,Costinha,BHA,DEF,4.5,0.0,a,,,,,,,,,,,,,,,,,,,,,,,,,False,,,,1.0099370333055604,0.0,0.052258507648176945,0.05509413869661508,13.898292529908215,0.1938678353755275,0.0,0.22937728466051902,2.0,43.0,0.0,0.0,0.24461998612749447,,0.24461998612749447,0.24461998612749447,19.08035891794457,1.0,0.8323310982824343,0.9038676226053368,0.8443416228274235,1.0169715728684197,0.6936893834065776,1.025745800308135,0.8142954360733496,0.8773787984445149,0.7982013818875159,0.845979855123705,1.0169715728684197,0.8907528623620735,0.8932765424372333,0.9908035397849958,0.8563640414106838,0.9191074207616073,0.9472830271447246,1.043337606572389,0.7531812360305465,0.7548318570378355,0.849222622511447,0.6701372407226162,0.861666642606943,0.9191074207616073,0.8247138396289256,0.8599088030833184,1.0169715728684197,0.8828835735796116,0.9193005581346536,0.9191074207616073,0.9535986250304012,0.6997915684801838,0.9899384397340097,0.8579380579493561,0.9225620479337958,0.9343233833008517,0.7544250031647087,0.8076325084390803,5.316947100298327,33.36194160692946,7.41376480153988
454490,Svoboda,BHA,DEF,5.0,0.0,a,,,,,,,,,,,,,,,,,,,,,,,,,False,,,,1.0099370333055604,0.0,0.058479217467673726,0.057292558383621406,14.876423012426306,0.18645691577625517,0.0,0.2745899071385076,1.0,24.0,0.0,0.0,0.2644870571130888,,0.2644870571130888,0.2644870571130888,20.629990454820927,1.0,0.9487343423123882,1.0280575982291162,0.9630510539031035,1.1504564348990745,0.7955847914605867,1.1584801240640688,0.9290999951713445,0.9978600619745347,0.9110321498332894,0.9638824602107327,1.1504564348990745,1.0106300070875078,1.0136753292738676,1.1216748699945853,0.9748899392108642,1.0442655363130946,1.0735604810017148,1.1793319360359753,0.862633025854183,0.8674277345736706,0.9681390880099568,0.7721773488447122,0.983547422941161,1.0442655363130946,0.9410477047860256,0.9779253870779688,1.1504564348990745,1.003991039395797,1.043434163864282,1.0442655363130946,1.0810488595254597,0.804843535135548,1.1210360888713615,0.9769914258367268,1.0467555635289096,1.0604114358399612,0.8642249663179106,0.9191865300933681,6.044364344868338,37.948532373897194,7.5897064747794385
451340,Mitoma,BHA,MID,6.0,0.1,i,Hamstring injury - Unknown return date,0.0,,,,1714.0,19.0,62.0,3.2555425904317388,0.2121353558926487,0.1438739789964994,0.3560093348891482,1.247607934655776,2.0,12.969661610268378,0.2625437572928821,0.0,6.1,36.0,25.0,0.0,0.0,5.618436406067678,0.0,True,25.0,17.0,BHA,1.047737340289852,19.044444444444444,0.19416344492303572,0.13752264364437297,14.456902563934701,0.24402448284551204,0.0,0.016282466249853883,,,,,0.4408243592165755,,0.6513506750060492,0.4408243592165755,39.01587896626131,0.0,0.0,0.0,0.0,0.0,0.0,0.0,0.0,0.0,0.0,0.0,0.0,0.0,0.0,0.0,0.0,0.0,0.0,0.0,0.0,0.0,0.0,0.0,0.0,0.0,0.0,0.0,0.0,0.0,0.0,0.0,0.0,0.0,0.0,0.0,0.0,0.0,0.0,0.0,0.0,0.0,0.0
592031,Minteh,BHA,MID,6.0,0.3,i,Leg injury - Expected back 28 Nov,0.0,,5.0,,2389.0,26.0,117.0,4.407701967350356,0.1435328589367936,0.1906236919213059,0.3341565508580996,1.2842611971536209,9.0,17.555462536626205,0.1130179991628296,0.0,5.5,36.0,34.0,1.0,0.0294117647058823,6.969443281707828,0.0753453327752197,True,34.0,25.0,BHA,1.047737340289852,26.544444444444444,0.14535021709317109,0.17482473934718679,17.65780020605245,0.13314750442134973,0.0,0.037618911343636714,1.0,59.0,1.0,1.0,0.6486763103334943,,0.8855184155966521,0.6486763103334943,55.807278521802026,0.0,0.0,0.0,0.0,0.0,0.0,0.0,0.0,0.0,0.0,0.0,0.0,0.0,0.0,0.0,0.0,0.0,0.0,0.0,0.0,0.0,0.0,0.0,0.0,0.0,0.0,0.0,0.0,0.0,0.0,0.0,0.0,0.0,0.0,0.0,0.0,0.0,0.0,0.0,0.0,0.0,0.0
532529,Hinshelwood,BHA,MID,6.0,0.4,a,,,,,,1736.0,20.0,91.0,4.717741935483871,0.2561059907834102,0.1213133640552995,0.3774193548387097,1.4427995391705069,2.0,16.434331797235025,0.0,0.0,5.2,36.0,27.0,1.0,0.037037037037037,5.910138248847926,0.1036866359447004,True,27.0,20.0,BHA,1.047737340289852,19.288888888888888,0.22540465184962094,0.12163278282996898,16.892549202205643,0.05861384008386662,0.0,0.04559868041652937,2.0,141.0,2.0,1.0,0.6314095899385483,,0.8156201162543378,0.6314095899385483,53.30257959415414,1.0,2.8081010685436123,2.998972635105868,2.920053221546321,3.062399919414312,2.4883335158666386,2.950422522097986,2.7893494467972406,2.8621970102707612,2.7288267687209844,2.8455385629036014,3.062399919414312,2.7334448103970983,2.7599194516910464,3.010544944061294,2.8326472277404946,2.98460664436221,2.904853464423361,3.1049102392038046,2.731885846141162,2.974826177612252,2.9070804602799196,2.645302905950342,3.06910617276599,2.98460664436221,2.8487073001421392,2.7705173807698484,3.062399919414312,2.87906756146479,2.9016740572006907,2.98460664436221,2.9605142541327485,2.705310530224951,3.03373415825037,2.8653364854970187,2.886874898542843,2.9674386781606668,2.752277651407503,2.5693363756734793,17.22828288257474,109.3481254749164,18.224687579152732
60307,Groß,BHA,MID,5.5,12.4,a,,,1.0,1.0,1.0,1636.0,18.0,78.0,4.290953545232274,0.0764669926650366,0.2172982885085574,0.2937652811735941,1.1200488997555011,10.0,21.399755501222494,0.1100244498777506,0.0,5.6,36.0,19.0,2.0,0.1052631578947368,7.866748166259169,0.2200488997555012,True,19.0,18.0,BHA,1.047737340289852,18.177777777777777,0.09936070668194776,0.1882980113032274,20.359974889905374,0.13750237319438727,0.0,0.10019025814981877,2.0,175.0,2.0,1.0,0.5932877892746874,,0.6196035787483716,0.5932877892746874,46.855394931846675,1.0,2.371023784476508,2.497845857367452,2.4408580147931787,2.5545466824104417,2.1568615865288407,2.4882068796321217,2.356962114781921,2.4107092704717776,2.31780812769315,2.395815449989396,2.5545466824104417,2.3346432940926385,2.3511051218869494,2.5187961108756403,2.389549859518135,2.4915100673304784,2.4476325267922823,2.5847091356211287,2.3133123025603304,2.4616062019348472,2.433700489475368,2.2496842206312757,2.534033582588369,2.4915100673304784,2.3945840140287604,2.3523534807633513,2.5545466824104417,2.4218017363083466,2.4412233600883693,2.4915100673304784,2.4823999847679334,2.2900347058978014,2.532704938594373,2.409646892337956,2.4327640607559955,2.483505116818812,2.325905728872229,2.222223263936152,14.509342805208542,91.98218146410419,16.72403299347349
463067,Georginio,BHA,FWD,5.5,1.0,a,,,,,,1776.0,20.0,87.0,4.408783783783783,0.1469594594594594,0.1469594594594594,0.2939189189189189,1.0940878378378378,2.0,14.695945945945946,0.1013513513513513,0.0,5.6,36.0,32.0,1.0,0.03125,6.638513513513513,0.1013513513513513,True,32.0,18.0,BHA,1.047737340289852,19.733333333333334,0.2217382286160382,0.12136158155740016,16.087159310854084,0.12804196209738455,0.0,0.026505150623268695,2.0,133.0,2.0,1.0,0.5785697154020053,,0.9469907680335843,0.5785697154020053,53.23370095925115,1.0,2.4980851311528376,2.6381434190023603,2.5923685677428274,2.6458681974121916,2.2679699347140287,2.5422036819405616,2.488598294473853,2.5278014106970685,2.4413626483822854,2.5257779203024766,2.6458681974121916,2.4080424385118357,2.430479256674725,2.6112742602601378,2.510185874662449,2.619043822065625,2.536221586729477,2.671949797401134,2.4610151797366884,2.6742770747920215,2.578950838237221,2.413745507960474,2.717368478268483,2.619043822065625,2.5370007671981476,2.4537035522384345,2.6458681974121916,2.540492570642713,2.545345538669072,2.619043822065625,2.5829724148497144,2.456500249756516,2.632286998060416,2.538500152149439,2.530822943276272,2.5973746860932065,2.478526527595008,2.2966361600401743,15.184638931964807,96.52071992064552,17.54922180375373
219249,O'Riley,BHA,MID,5.5,0.1,a,,,2.0,,,202.0,2.0,16.0,7.128712871287129,0.5391089108910891,0.0801980198019802,0.6193069306930693,1.1272277227722771,2.0,21.386138613861387,0.0,0.0,5.5,36.0,6.0,0.0,0.0,4.455445544554456,0.0,True,6.0,2.0,BHA,1.047737340289852,2.2444444444444445,0.23632735893998813,0.11315630654056817,18.73980568396644,0.15613404690452973,0.0,0.04206303781212252,,,,,0.23865021140158615,,0.343913369296323,0.23865021140158615,20.93050596300793,1.0,1.130683558964452,1.2065708093273568,1.175518249340754,1.2307505828308754,1.0036704576755715,1.1856555360865513,1.1233424750345062,1.1519243895618114,1.0992041660075695,1.1455739925142308,1.2307505828308754,1.1000587627249703,1.1106651054614205,1.210226346964021,1.1402846566032496,1.2006303276333734,1.168272125491034,1.247515285547475,1.1008858228121525,1.198410391839513,1.1702562703506074,1.0668967583207978,1.235196956192269,1.2006303276333734,1.1470717186055062,1.1152916737934293,1.2307505828308754,1.1586401677979759,1.1673143637396008,1.2006303276333734,1.190559852624075,1.090720592855095,1.219552841344248,1.1533970430434217,1.1613325319703058,1.1935620997154506,1.1090613827512865,1.0350530651324072,6.932849194225561,44.00651218158586,8.001184033015612
514254,Gomez,BHA,MID,5.0,2.9,a,,,,,5.0,2117.0,26.0,97.0,4.123760037789324,0.2652810581010864,0.0731223429381199,0.3384034010392064,1.247756258856873,9.0,15.347189418989135,0.3826169107227208,0.0,4.9,36.0,32.0,2.0,0.0625,10.11809163911195,0.1700519603212092,True,32.0,23.0,BHA,1.047737340289852,23.522222222222222,0.23637427738550187,0.08562922616510528,16.019774705892512,0.336255055074366,0.0,0.06591464351961764,2.0,126.0,2.0,1.0,0.6339986728301387,,0.8708407780932965,0.6339986728301387,54.66242279654029,1.0,2.7002174824493994,2.889341106640128,2.8109251568029143,2.9528889001145857,2.3832965069844856,2.84232537757217,2.6815603805347625,2.7539983225049123,2.621642995641215,2.737308128416102,2.9528889001145857,2.6268820112485387,2.6530598173562354,2.9014463461890574,2.724645653493068,2.875261304638444,2.796677550818431,2.9951022838956853,2.6243595299836513,2.8644427652892177,2.7981416358121813,2.5382756381558935,2.9583307676842847,2.875261304638444,2.7402870818451874,2.6632815807602115,2.9528889001145857,2.770708744073335,2.7933202526917698,2.875261304638444,2.8517218710755246,2.597756819359527,2.9243509839951103,2.756957363599342,2.7787228081905373,2.858414464795081,2.6445185521193335,2.4641135690579374,16.578994530563683,105.23058416329432,21.046116832658864
536916,Buonanotte,BHA,MID,5.0,0.0,u,Has joined Elche on loan for the rest of the season,0.0,,,,81.0,1.0,3.0,3.333333333333333,0.0666666666666666,0.3111111111111111,0.3777777777777777,2.7888888888888888,0.0,10.0,1.1111111111111112,0.0,4.6,2.0,4.0,0.0,0.0,6.666666666666666,0.0,True,4.0,0.0,LEE,0.998193150012714,0.9,0.14281376397336956,0.14148578605543555,17.18864025045825,0.29207938982019527,0.0,0.050475645374547025,,,,,0.20671902225572136,,0.3119821801504582,0.20671902225572136,18.439873209630477,0.0,0.0,0.0,0.0,0.0,0.0,0.0,0.0,0.0,0.0,0.0,0.0,0.0,0.0,0.0,0.0,0.0,0.0,0.0,0.0,0.0,0.0,0.0,0.0,0.0,0.0,0.0,0.0,0.0,0.0,0.0,0.0,0.0,0.0,0.0,0.0,0.0,0.0,0.0,0.0,0.0,0.0
509416,Ayari,BHA,MID,5.5,0.7,a,,,,4.0,2.0,1921.0,20.0,98.0,4.591358667360749,0.1264966163456533,0.0538781884435189,0.1803748047891723,1.2579385736595523,7.0,19.021343050494533,0.0468505986465382,0.0,4.8,36.0,29.0,5.0,0.1724137931034483,10.541384695471107,0.4685059864653826,True,29.0,20.0,BHA,1.047737340289852,21.344444444444445,0.13328050925508103,0.07255967990549173,18.74218131034345,0.08858598684058172,0.0,0.15727875582129916,2.0,175.0,2.0,1.0,0.6180934974877533,,0.8549356027509112,0.6180934974877533,53.42181911983423,1.0,2.756399681635582,2.878856632473367,2.8226457379285095,2.937394943515639,2.5491671088852073,2.8754369547156364,2.742404921249417,2.795693252770333,2.7048743585236075,2.7803163858940083,2.937394943515639,2.724713365152341,2.740314753604622,2.9025374918292117,2.7748650799072525,2.8735743031566194,2.8335790830814624,2.9670182047579305,2.698834029821277,2.838607623633091,2.816115121001405,2.6358084447354546,2.9110888193082114,2.8735743031566194,2.7782587975771316,2.74001223292819,2.937394943515639,2.8063734843732457,2.826272157857074,2.8735743031566194,2.8665731782744164,2.674894829655662,2.915577435984453,2.793847967452088,2.81846160316964,2.8667303891239433,2.710745260898711,2.6152828887263913,16.81990105915394,106.59521501694564,19.380948184899207
467779,Wieffer,BHA,DEF,5.0,0.3,a,,,,,,1901.0,23.0,94.0,4.450289321409784,0.0908995265649658,0.0880589163598106,0.1789584429247764,1.13387690689111,6.0,18.842714360862704,0.3787480273540242,0.0,4.8,36.0,26.0,11.0,0.4230769230769231,12.735402419779064,1.0415570752235666,True,26.0,20.0,BHA,1.047737340289852,21.122222222222224,0.08110525088670596,0.07878237423070907,17.580002630188943,0.3267771305046727,0.0,0.391256885230366,2.0,137.0,2.0,1.0,0.6665170813025417,,0.8244118181446469,0.6665170813025417,55.46201655212457,1.0,2.9616256114671073,3.1892852933447826,3.0144780709220655,3.504214435270329,2.5279669547716743,3.5068576558040494,2.9095073423260644,3.0929159755641393,2.854988799906641,3.0052836874191975,3.504214435270329,3.105208296948545,3.1168604940108646,3.424608338071604,3.0309147797926874,3.2276040657745457,3.2884992029596285,3.5825610672188315,2.7335861474986975,2.781866904969829,3.025277826189527,2.491794649413243,3.0884461920786173,3.2276040657745457,2.948469675177125,3.0290778594025656,3.504214435270329,3.1108238449771255,3.212850544020691,3.2276040657745457,3.3157111267136967,2.583521215783777,3.426589028478861,3.041140550974928,3.2188776822010956,3.2652943318270515,2.7406468122679453,2.8513770151050393,18.704428021580007,117.6723684807423,23.53447369614846
535301,Baleba,BHA,MID,5.0,0.2,i,Ankle injury - Expected back 23 Aug,0.0,,,,1646.0,23.0,56.0,3.0619684082624548,0.0426488456865127,0.0393681652490887,0.0820170109356014,1.1154313487241798,0.0,12.630619684082625,0.2733900364520049,0.0,4.5,36.0,31.0,4.0,0.1290322580645161,11.427703523693804,0.4374240583232078,True,31.0,15.0,BHA,1.047737340289852,18.288888888888888,0.0757370350560731,0.06463656577785455,14.263778884453533,0.25103786612255974,0.0,0.12175017442555323,,,,,0.38197265645333767,,0.803025288032285,0.38197265645333767,39.057025098097185,0.0,0.0,0.0,0.0,0.0,0.0,0.0,0.0,0.0,0.0,0.0,0.0,0.0,0.0,0.0,0.0,0.0,0.0,0.0,0.0,0.0,0.0,0.0,0.0,0.0,0.0,0.0,0.0,0.0,0.0,0.0,0.0,0.0,0.0,0.0,0.0,0.0,0.0,0.0,0.0,0.0,0.0
597320,Howell,BHA,MID,4.5,0.2,u,Has joined Leicester City on loan for the rest of the season,0.0,,,,92.0,1.0,4.0,3.91304347826087,0.0,0.0293478260869565,0.0293478260869565,1.0173913043478262,0.0,10.760869565217392,0.0,0.0,4.5,36.0,3.0,0.0,0.0,6.847826086956522,0.0,True,3.0,1.0,BHA,1.047737340289852,1.0222222222222221,0.13422884845156283,0.11185974708177815,17.177464089429876,0.17728521089405963,0.0,0.056084050416163364,,,,,0.19226310787870235,,0.24489468682607077,0.19226310787870235,16.154417151380887,0.0,0.0,0.0,0.0,0.0,0.0,0.0,0.0,0.0,0.0,0.0,0.0,0.0,0.0,0.0,0.0,0.0,0.0,0.0,0.0,0.0,0.0,0.0,0.0,0.0,0.0,0.0,0.0,0.0,0.0,0.0,0.0,0.0,0.0,0.0,0.0,0.0,0.0,0.0,0.0,0.0,0.0
549074,Watson,BHA,MID,5.0,0.0,u,Has joined Leicester City on loan for the rest of the season,0.0,,,,57.0,0.0,5.0,7.894736842105264,0.0631578947368421,0.0473684210526315,0.1105263157894737,2.7157894736842105,0.0,23.68421052631579,1.5789473684210529,0.0,4.8,36.0,6.0,0.0,0.0,7.894736842105264,0.0,True,6.0,0.0,BHA,1.047737340289852,0.6333333333333333,0.14490839760961263,0.11689847442780418,18.41454419641835,0.30110114703471874,0.0,0.04206303781212252,,,,,0.20584371114614644,,0.3637384479882517,0.20584371114614644,19.529493679925736,0.0,0.0,0.0,0.0,0.0,0.0,0.0,0.0,0.0,0.0,0.0,0.0,0.0,0.0,0.0,0.0,0.0,0.0,0.0,0.0,0.0,0.0,0.0,0.0,0.0,0.0,0.0,0.0,0.0,0.0,0.0,0.0,0.0,0.0,0.0,0.0,0.0,0.0,0.0,0.0,0.0,0.0
556637,Oriola,BHA,MID,4.5,0.2,a,,,,,,1.0,0.0,1.0,2.0,0.0,0.0,0.0,0.0,0.0,6.0,0.0,0.0,4.5,36.0,1.0,0.0,0.0,0.0,0.0,True,1.0,0.0,BHA,1.047737340289852,0.011111111111111112,0.15117035359593484,0.12223316869681534,17.980722386431424,0.19966101421078558,0.0,0.07210806482078147,,,,,0.1822158400314361,,0.2085316295051203,0.1822158400314361,14.791782890873069,1.0,0.7129751758369082,0.7547146024656534,0.736300564877075,0.7722828738477939,0.6426179479410842,0.7498439379582823,0.7084675380009656,0.7257554171300996,0.695501707370067,0.7211408043711974,0.7722828738477939,0.7000088353613166,0.7055114781908433,0.7606140395791939,0.7189060071676229,0.7523884061077087,0.7372632711803123,0.7820659462461482,0.6945122108959877,0.7443038131554863,0.7338351214825655,0.6740290003784949,0.7674063493371607,0.7523884061077087,0.7209860528218813,0.7063573041480892,0.7722828738477939,0.7294149278469962,0.7354764976741942,0.7523884061077087,0.7488722186385618,0.6872730909423758,0.7653042273864913,0.7256421526681288,0.7325892428485147,0.7494984002104436,0.698728684726646,0.6632631826370384,4.368735102926797,27.703193591342334,6.156265242520519
700308,Yohanna,BHA,MID,5.0,0.1,a,,,,,,,,,,,,,,,,,,,,,,,,,False,,,,1.0099370333055604,0.0,0.12874827856853127,0.11056911278528116,17.390485450822368,0.20778653317403828,0.0,0.0906479839263559,2.0,54.0,0.0,0.0,0.1853484498631968,,0.1853484498631968,0.1853484498631968,14.45717908932935,1.0,0.6666073593534075,0.7043115800361123,0.6871343103614542,0.7219197458677479,0.6028493653215834,0.7026128280348426,0.6623441564753475,0.6785989142766504,0.6507583290395073,0.6739736339611013,0.7219197458677479,0.6564736404456165,0.6613095056479271,0.7112242248989319,0.6722295218209613,0.7025935237260342,0.6900188757434221,0.7309859456114627,0.649084926501109,0.6924956407036763,0.6850818029229959,0.6298536368733927,0.714533073404936,0.7025935237260342,0.6734353825135917,0.6613817726355653,0.7219197458677479,0.6818906727777839,0.6878917695497249,0.7025935237260342,0.7002409447636231,0.6418745643667798,0.7152819927219463,0.6781206483033481,0.6854476918517993,0.7003891605091201,0.6527796535884204,0.6228767595308936,4.085435188975148,25.897632093328383,5.179526418665676
608181,Tzimas,BHA,FWD,5.5,0.0,d,Knee injury - 75% chance of playing,75.0,,,,132.0,1.0,16.0,10.90909090909091,0.3,0.075,0.375,1.7659090909090909,0.0,37.5,0.0,0.0,5.2,36.0,9.0,0.0,0.0,10.227272727272728,0.0,True,9.0,0.0,BHA,1.047737340289852,1.4666666666666666,0.3897401627061402,0.06081984456252453,22.304635727572528,0.16384124107402806,0.0,0.0004797149122807016,,,,,0.19228399162509113,,0.429126096888249,0.19228399162509113,20.20867766254658,0.75,0.8862671337795687,0.9417749962193865,0.9236335196532359,0.944836478291848,0.795067941890542,0.9037521857944851,0.882507313254475,0.8980442815834637,0.8637868948789222,0.8972423324221831,0.944836478291848,0.8505814383911067,0.8594735920458119,0.9311262185551947,0.8910628971468364,0.9342054491708085,0.9013813634520365,0.9551731308857454,0.8715755807450982,0.9560954768265404,0.918315808755241,0.8528416773194869,0.9731734500992106,0.9342054491708085,0.9016901680428597,0.8686778385292264,0.944836478291848,0.9030740386316252,0.9049973655961914,0.9342054491708085,0.9199096389014252,0.8697862249267976,0.9394539810690059,0.9022844038778002,0.8992417745511347,0.9256175431124464,0.8785156733521116,0.8064289324931267,5.395332255629067,34.30968059917029,6.23812374530369
647850,Kostoulas,BHA,FWD,5.5,0.2,a,,,,,,351.0,2.0,35.0,8.974358974358974,0.5435897435897437,0.1384615384615384,0.6820512820512821,1.5487179487179488,3.0,35.8974358974359,0.5128205128205129,0.0,4.8,36.0,21.0,0.0,0.0,10.512820512820513,0.0,True,21.0,2.0,BHA,1.047737340289852,3.9,0.4512218661303749,0.08451774749511753,24.88660097095406,0.2984059172689747,0.0,0.00026650828460038974,2.0,47.0,0.0,0.0,0.14893733493983669,,0.6489373349398366,0.14893733493983669,22.61711212530726,1.0,1.532401695598504,1.6303117477790166,1.5983120843232468,1.6357118813148632,1.3715358786819116,1.563243494938473,1.5257697662173213,1.5531753500923553,1.4927489100822353,1.551760795815252,1.6357118813148632,1.4694558687551382,1.4851406959140518,1.611528419959645,1.5408609195876044,1.616959860065584,1.5590616127859842,1.6539446532206015,1.5064873357044022,1.6555715747993174,1.5889321995894747,1.4734426933542306,1.685695329899371,1.616959860065584,1.5596063117218126,1.5013760221158219,1.6357118813148632,1.56204731441227,1.5654398616152003,1.616959860065584,1.5917435489356861,1.503331099563454,1.6262177202935966,1.5606544814593815,1.5552876021913724,1.6018116937818034,1.5187289317490522,1.3915754754854708,9.331516782636015,59.345216314564404,10.7900393299208
487117,Ferguson,BHA,FWD,5.0,0.0,i,Ankle injury - Expected back 10 Oct,0.0,,,,0.0,0.0,0.0,0.0,0.0,0.0,0.0,0.0,0.0,0.0,0.0,0.0,5.5,36.0,,,,,,False,,,BHA,1.047737340289852,0.0,0.39706522101483666,0.05788066660460685,18.78494568983597,0.1933692744665425,0.0,0.0010279605263157892,,,,,0.1697543036416469,,0.1697543036416469,0.1697543036416469,13.240835684048458,0.0,0.0,0.0,0.0,0.0,0.0,0.0,0.0,0.0,0.0,0.0,0.0,0.0,0.0,0.0,0.0,0.0,0.0,0.0,0.0,0.0,0.0,0.0,0.0,0.0,0.0,0.0,0.0,0.0,0.0,0.0,0.0,0.0,0.0,0.0,0.0,0.0,0.0,0.0,0.0,0.0,0.0
222694,Struijk,BHA,DEF,5.0,0.3,d,Knock - 75% chance of playing,75.0,,,,2935.0,33.0,108.0,3.31175468483816,0.0938330494037478,0.023304940374787,0.1171379897785349,1.3161158432708688,4.0,12.63373083475298,0.1533219761499148,0.0,4.2,2.0,34.0,14.0,0.4117647058823529,9.689948892674616,0.8586030664395229,True,34.0,32.0,LEE,0.998193150012714,32.611111111111114,0.0862316997466638,0.02940864647296535,12.951350723317434,0.16046042655341922,0.0,0.3880055081842928,,,,,0.6975400012984022,,0.7501715802457707,0.6975400012984022,55.56601483811748,0.75,2.0668656237828165,2.23362153962756,2.101339201287135,2.477506874774991,1.7472191566236779,2.4868266536777273,2.027171780227949,2.16652744611594,1.9882040835257238,2.0987758281561524,2.477506874774991,2.1843225367251895,2.1918074746672476,2.4180883367459476,2.1196971529128987,2.264651968632281,2.317641802609147,2.5365600614049404,1.8930208139637208,1.9159914075999893,2.1106185826619486,1.7096561457540256,2.150060902268431,2.264651968632281,2.0540248242200856,2.122154486768851,2.477506874774991,2.1795329615187176,2.258309519408635,2.264651968632281,2.3355117490112,1.7775110252911817,2.4181596362520104,2.125675492223391,2.2639913539791667,2.2953881811644745,1.8972962450333397,1.9952819341261565,13.113379049773908,82.41333046955718,16.482666093911437
610799,Vuskovic,BHA,DEF,5.0,2.7,a,,,,,,0.0,0.0,0.0,0.0,0.0,0.0,0.0,0.0,0.0,0.0,0.0,0.0,3.9,6.0,,,,,,False,,,TOT,0.8616414206758667,0.0,0.058479217467673726,0.057292558383621406,14.876423012426306,0.18645691577625517,0.0,0.2745899071385076,2.0,111.0,2.0,1.0,0.5956208829805565,,0.5956208829805565,0.5956208829805565,46.45842887248341,1.0,2.181531119784842,2.3692854359201005,2.2199111623318744,2.6454287580715388,1.8216572720548265,2.6567481379553226,2.1366971537971815,2.2940964020823658,2.0929330099457153,2.2174475985132096,2.6454287580715388,2.315056330066065,2.323375265498191,2.57836061084545,2.2412210401549126,2.404541848205263,2.4651208676138605,2.7121541893926007,1.9852185330755827,2.009902143680755,2.230495677907742,1.7784358632611428,2.274207724717737,2.404541848205263,2.1667548187638577,2.2443791223734637,2.6454287580715388,2.3087296233798287,2.3978709361908184,2.404541848205263,2.4850286433123943,1.8547834893024813,2.578290275596735,2.247797167683127,2.4044050770238616,2.439491241680604,1.9899437653802983,2.1018730597037107,13.894561886118504,87.27311457782106,17.45462291556421
244850,Rogers,CHE,MID,7.5,26.4,a,,,,4.0,,3280.0,37.0,169.0,4.63719512195122,0.1876829268292683,0.1185365853658536,0.3062195121951219,1.4144817073170732,17.0,16.600609756097562,0.1920731707317073,0.0,7.3,7.0,37.0,1.0,0.027027027027027,6.310975609756098,0.0548780487804878,True,37.0,37.0,AVL,0.9670199126229554,36.44444444444444,0.18114845623566725,0.11923252865760091,16.852025210154267,0.1934888978114941,0.0,0.034994336133615564,1.0,62.0,1.0,1.0,0.8276123223990222,,0.8276123223990222,0.8276123223990222,64.55376114712372,1.0,3.379938127695217,3.071612490670123,2.947555798850175,3.355212063322007,3.3811782263098222,3.3427065398484492,3.5458051879504504,3.0970771549903424,3.0502624815542725,3.4394934588572394,3.276419046258982,3.5160876615301992,3.119189830175831,3.074790364840488,3.151801756317991,3.1418381579772774,3.5829457115489527,3.5829457115489527,3.0533003974750494,3.459967992536402,3.2381536703821547,3.375424654268024,3.210862001574993,3.3059264175739678,3.589067083802178,3.355212063322007,3.4513910804593264,3.355212063322007,2.7578854602847724,3.5829457115489527,3.227770369376266,3.3559188022742616,2.9475760685707035,3.3241331140427026,3.6378150767469806,3.17159512890939,3.193292037001601,3.1869390078856306,19.478203246695795,124.83724797160416,16.64496639621389
56979,Henderson,CHE,MID,5.0,0.0,d,Wrist injury - 75% chance of playing,75.0,,,,1911.0,22.0,76.0,3.5792778649921506,0.0155416012558869,0.1087912087912088,0.1243328100470957,1.3262166405023548,5.0,16.153846153846153,0.2825745682888539,0.0,5.0,94.0,32.0,3.0,0.09375,8.618524332810047,0.2825745682888539,True,32.0,19.0,BRE,1.0718818240331343,21.233333333333334,0.052715250833397516,0.11251619712292052,16.658343154928566,0.2599603159429784,0.0,0.09223043299330184,,,,,0.43524724861342595,,0.7773525117713207,0.43524724861342595,41.47560118132091,0.75,1.4607678860056994,1.3703257807846656,1.359122091699463,1.4420357853398547,1.4489691273873408,1.4222288025838175,1.498564821704138,1.3847459998408747,1.3643118349846144,1.48253801268482,1.4181411251646205,1.492886077884173,1.3840706872735957,1.3692705364214703,1.3980630905158757,1.3904490517124815,1.5093085503734103,1.5093085503734103,1.3797757455391009,1.4747479546665467,1.4196224574127525,1.456363808826583,1.4067903067519256,1.431351346316879,1.4911612676081276,1.4420357853398547,1.4755067021862862,1.4420357853398547,1.3009769248844218,1.5093085503734103,1.4129229183082697,1.4534190168934773,1.336539011215502,1.4411781310723666,1.5234502621188057,1.398927350615712,1.4175579155379536,1.4007804737061995,8.503449473800842,54.31955952744837,10.863911905489674
50175,Welbeck,CHE,FWD,6.0,2.2,a,,,,,,2249.0,26.0,126.0,5.042240995998222,0.494619831036016,0.0560248999555357,0.5506447309915519,1.26776345042241,18.0,20.449088483770566,0.2000889284126278,0.0,6.3,36.0,37.0,0.0,0.0,4.481991996442864,0.0,True,37.0,25.0,BHA,1.047737340289852,24.988888888888887,0.47317568832119616,0.05655726088490087,20.223492637215156,0.19858293613845462,0.0,0.00016734241126070988,2.0,103.0,2.0,1.0,0.6594381104585845,,0.975227584142795,0.6594381104585845,58.383541036822216,1.0,3.5737487849342835,3.3473366878987374,3.0732962593752213,3.6389712555357945,3.6630028022916488,3.747012751127356,3.7744128168989013,3.3155499621687103,3.3298522009673728,3.5862443473643153,3.586791920985341,3.730520841304338,3.383807396835327,3.3641060628901696,3.375604866400933,3.4023645516765906,3.80278159378837,3.80278159378837,3.226232480871064,3.701487034481619,3.4664028258976014,3.5928071427582386,3.4814201766361967,3.5753763581919764,3.952133316166362,3.6389712555357945,3.6714031803958718,3.6389712555357945,2.952237341085691,3.80278159378837,3.4853175367088327,3.558313090167775,3.237388227134021,3.5561604932785675,3.857261545951797,3.426034756888377,3.35287134315638,3.4565342811265243,21.04336854116304,134.12829193198863,22.354715321998103
215059,Sánchez,CHE,GKP,5.0,2.2,a,,,,,,3040.0,35.0,113.0,3.3453947368421053,0.0,0.0011842105263157,0.0011842105263157,1.44,7.0,15.06907894736842,0.0888157894736842,2.901315789473684,4.8,8.0,,,,,,True,35.0,34.0,CHE,1.1739877198508393,33.77777777777778,3.681701036785161e-05,0.0012753704017127191,14.872500802023872,0.08478915255131016,2.853473483943654,0.0,3.0,196.0,3.0,1.0,0.887829740772994,1.0,0.9141455302466782,0.887829740772994,69.82966714871459,1.0,3.5500814187004366,2.7703327417530588,3.337952633554748,3.044304086364245,3.341824068233218,2.6867224268670884,3.613757247122154,2.960938577544199,2.737691856577604,3.7236898281192703,2.8837796924232433,3.622223363036208,2.851027522212915,2.735438061196935,3.2851389896762653,2.886398977993538,3.670145329915262,3.670145329915262,3.0473880494670027,3.5044505295549353,3.082299927753571,3.4883641199198063,2.929877391947124,3.308139391301576,3.329196146988101,3.044304086364245,3.5495677635483065,3.044304086364245,2.6792303698417825,3.670145329915262,2.9855086538508373,3.5075496867028937,2.6075551042274383,3.4088748751062576,3.7222517636882393,2.9352063127863026,3.4679396718869357,2.9075216039592497,18.731217375472795,121.59126701637979,24.318253403275957
508479,Jörgensen,CHE,GKP,5.0,0.0,u,Has joined RC Strasbourg on loan for the rest of the season,0.0,,,,378.0,3.0,9.0,2.142857142857143,0.0,0.0,0.0,0.9809523809523808,0.0,11.904761904761903,0.0,1.9047619047619049,4.3,8.0,,,,,,True,5.0,4.0,CHE,1.1739877198508393,4.2,0.0001260764653762496,0.0010887001005829653,13.306560123506163,0.04445101420120786,2.3944082874573223,0.0,,,,,0.012269442524908592,3.0,0.0385852319985928,0.012269442524908592,1.5359638853639228,0.0,0.0,0.0,0.0,0.0,0.0,0.0,0.0,0.0,0.0,0.0,0.0,0.0,0.0,0.0,0.0,0.0,0.0,0.0,0.0,0.0,0.0,0.0,0.0,0.0,0.0,0.0,0.0,0.0,0.0,0.0,0.0,0.0,0.0,0.0,0.0,0.0,0.0,0.0,0.0,0.0,0.0
225796,James,CHE,DEF,5.5,9.0,a,,,,1.0,1.0,1957.0,20.0,115.0,5.288707204905468,0.0478283086356668,0.1471640265712825,0.1949923352069494,1.322176801226367,11.0,22.672457843638224,0.1839550332141032,0.0,5.6,8.0,29.0,5.0,0.1724137931034483,7.68012263668881,0.459887583035258,True,29.0,19.0,CHE,1.1739877198508393,21.744444444444444,0.04982325833920667,0.12218476012651787,20.406121364858134,0.18546240532414915,0.0,0.1862920093534775,1.0,62.0,1.0,1.0,0.6370185055440676,,0.9001764002809096,0.6370185055440676,55.4769171166478,1.0,3.2190266085349837,2.497839956555887,2.7991754797521597,2.919829427607327,2.964342742973151,2.483393530504031,3.3512137046001804,2.7343733240827928,2.446763253447045,3.4290273216756826,2.7129213158877374,3.349471024833227,2.6160407195679993,2.452765084182263,2.8009467830296524,2.6662653473967675,3.425772490741532,3.425772490741532,2.8114485546921015,3.196114254034809,2.9162391374403684,3.1460024607183343,2.741683772203986,2.890420199467743,3.0239238967493987,2.919829427607327,3.2448468740964675,2.919829427607327,2.2569467947794544,3.425772490741532,2.8096717738867962,3.1612906090143778,2.2150987054514317,3.0303453998026857,3.500869662849571,2.7331855548244697,3.054451868770393,2.707375840144214,16.883607745927538,111.0002873109967,20.181870420181216
180736,Chalobah,CHE,DEF,5.5,0.6,u,Has joined Como permanently,0.0,,,,2780.0,31.0,136.0,4.402877697841727,0.0466187050359712,0.0333453237410071,0.0799640287769784,1.3218345323741008,7.0,16.705035971223023,0.0971223021582733,0.0,5.4,8.0,34.0,17.0,0.5,9.615107913669064,1.1007194244604317,True,34.0,30.0,CHE,1.1739877198508393,30.88888888888889,0.04839338930687323,0.03765388653105378,16.199196255350063,0.11613795972935631,0.0,0.4630055081842928,,,,,0.6911771482912976,,0.7964403061860345,0.6911771482912976,56.227607040405424,0.0,0.0,0.0,0.0,0.0,0.0,0.0,0.0,0.0,0.0,0.0,0.0,0.0,0.0,0.0,0.0,0.0,0.0,0.0,0.0,0.0,0.0,0.0,0.0,0.0,0.0,0.0,0.0,0.0,0.0,0.0,0.0,0.0,0.0,0.0,0.0,0.0,0.0,0.0,0.0,0.0,0.0
482609,Gusto,CHE,DEF,5.0,1.1,a,,,,,,2255.0,26.0,96.0,3.831485587583148,0.0622616407982261,0.1185365853658536,0.1807982261640798,1.4819068736141907,7.0,16.2039911308204,0.1197339246119733,0.0,4.8,8.0,34.0,3.0,0.088235294117647,6.226164079822616,0.2394678492239467,True,34.0,23.0,CHE,1.1739877198508393,25.055555555555557,0.06056365128539705,0.10298776566678601,15.730146855033688,0.13663289379924273,0.0,0.11300550818429275,1.0,28.0,0.0,0.0,0.46288889731324834,,0.7523625815237747,0.46288889731324834,42.473755043064955,1.0,2.2392606321011295,1.7036771492078082,1.9245479015903748,2.019040631733124,2.052173175241993,1.6961451734992958,2.3386661233510724,1.87884811809053,1.6655563609351212,2.3940224370277114,1.8653750449041937,2.3369379824467407,1.7917551370532425,1.670298597895566,1.9286694330082002,1.8291645710712898,2.3938525562428747,2.3938525562428747,1.9350532829476312,2.2236396397464473,2.014769366870185,2.1856128897539024,1.8857561291091929,1.9967009410017085,2.09892900599717,2.019040631733124,2.259265379532164,2.019040631733124,1.5212452061261108,2.3938525562428747,1.9361317358139705,2.1965464051091965,1.492169749133203,2.0999120682460317,2.4496795311988464,1.8789647561490994,2.115728282689731,1.8601147911382525,11.634844663373727,76.70399656191512,15.340799312383023
444463,Fofana,CHE,DEF,5.0,0.0,s,Suspended until 6 Sep,0.0,,,,1718.0,20.0,65.0,3.4051222351571595,0.0377182770663562,0.0314318975552968,0.069150174621653,1.3520954598370198,3.0,15.087310826542492,0.2619324796274738,0.0,4.4,8.0,25.0,9.0,0.36,11.21071012805588,0.9429569266589056,True,25.0,18.0,CHE,1.1739877198508393,19.08888888888889,0.04289452935769332,0.03818236376484349,14.838878955588688,0.24055900699456412,0.0,0.33936194604424874,3.0,245.0,3.0,1.0,0.6691997689760563,,0.8534102952918458,0.6691997689760563,56.25021355907976,0.0,0.0,0.0,0.0,0.0,0.0,0.0,0.0,0.0,0.0,0.0,0.0,0.0,0.0,0.0,0.0,0.0,0.0,0.0,0.0,0.0,0.0,0.0,0.0,0.0,0.0,0.0,0.0,0.0,0.0,0.0,0.0,0.0,0.0,0.0,0.0,0.0,0.0,0.0,0.0,0.0,0.0
242880,B.Badiashile,CHE,DEF,4.5,0.0,a,,,,,,470.0,6.0,7.0,1.3404255319148937,0.0,0.0114893617021276,0.0114893617021276,1.418936170212766,0.0,9.191489361702128,0.3829787234042553,0.0,4.4,8.0,8.0,1.0,0.125,9.76595744680851,0.3829787234042553,True,8.0,3.0,CHE,1.1739877198508393,5.222222222222222,0.03342593493618181,0.037385380553519726,12.249736885483381,0.2659519823972667,0.0,0.18001573766940804,,,,,0.2953235728607735,,0.4269025202291945,0.2953235728607735,25.929975525245595,1.0,1.2135140175552483,0.8934441370715915,1.0519678891129747,1.070095654710023,1.0891744456383574,0.8598531435398287,1.2614755703158782,1.0055846913422923,0.8708559172941529,1.3102321534188286,0.9773980122922875,1.2636078093045655,0.9459751609993156,0.8713458600099326,1.0325048372911798,0.968086414346843,1.29421012474998,1.29421012474998,1.0474109818212647,1.1943043182811246,1.080005814265289,1.1783066114140475,0.9978482819488227,1.0606921427578853,1.0974695771071223,1.070095654710023,1.218963839948028,1.070095654710023,0.8079166509954581,1.29421012474998,1.0291974211257675,1.1877231236187564,0.7692521244511455,1.1270183713464597,1.3254427143688123,0.9976152795542107,1.151854459946422,0.9835661989951562,6.178049287628024,40.96252530985905,9.102783402190902
109646,Tosin,CHE,DEF,4.5,0.2,a,,,,,,788.0,8.0,34.0,3.8832487309644663,0.0125634517766497,0.0456852791878172,0.058248730964467,1.5133248730964466,2.0,14.847715736040607,0.2284263959390862,0.0,4.0,8.0,16.0,7.0,0.4375,12.677664974619288,1.598984771573604,True,16.0,7.0,CHE,1.1739877198508393,8.755555555555556,0.032942216561045304,0.049793503221941954,14.560468762417255,0.20986926992887747,0.0,0.38728274215325964,2.0,135.0,2.0,1.0,0.5362685979001819,,0.7731107031633397,0.5362685979001819,47.03947695200366,1.0,2.635829962524412,2.0521235125526776,2.3366164352613286,2.3762521529785405,2.4111715542183614,1.9959127281993474,2.725285119872619,2.255300291480571,2.0109155369944074,2.811562915573909,2.2073628842590427,2.7286342819871243,2.147908905164669,2.0122126940536065,2.304881608795089,2.188265745953351,2.785049500543674,2.785049500543674,2.330163453239659,2.60247561048686,2.3921893460897237,2.5721416155207026,2.2432304891353803,2.358425659377027,2.4296687191737307,2.3762521529785405,2.646884501751413,2.3762521529785405,1.8921803623631714,2.785049500543674,2.300183009638292,2.588825992840982,1.8254019265465529,2.4785995825639944,2.842398005198242,2.242148521480112,2.5212683890682683,2.21700930677735,13.807906345734667,90.7910836287086,20.175796361935245
551210,Hato,CHE,DEF,4.5,0.6,a,,,,,,1139.0,12.0,19.0,1.5013169446883232,0.0237050043898156,0.0482001755926251,0.0719051799824407,1.4618086040386304,0.0,7.348551360842845,0.553116769095698,0.0,4.6,8.0,22.0,1.0,0.0454545454545454,8.217734855136085,0.1580333625987708,True,22.0,10.0,CHE,1.1739877198508393,12.655555555555555,0.03592085130395714,0.05055868900413582,10.020003708297592,0.4123092302596812,0.0,0.09000786883470396,3.0,159.0,2.0,0.6666666666666666,0.47877775682993784,,0.7945672305141483,0.47877775682993784,44.29203345378778,1.0,1.8642229418553642,1.3310907006116453,1.5874062724796822,1.629419609442347,1.661405068352223,1.2836204317699293,1.9474292675206812,1.5160187719618745,1.2932511800081417,2.0234019271971198,1.4751714659318482,1.9499766946975772,1.418890770505205,1.2947766285939064,1.5617547285102134,1.4558713282946012,2.0018265667776776,2.0018265667776776,1.5831642021328076,1.8353973394634275,1.642070610591659,1.806720538113101,1.5067572203858817,1.6125438242036791,1.6812803827291547,1.629419609442347,1.8753055935586191,1.629419609442347,1.1808792800725123,2.0018265667776776,1.5586323168573486,1.8214673060686093,1.1223656511089717,1.721485071945112,2.0543033497747722,1.5051971734372878,1.7579946182736277,1.482618564517627,9.357165024511191,62.30620975018428,13.84582438892984
460028,Colwill,CHE,DEF,5.0,1.7,a,,,,,,225.0,2.0,8.0,3.2,0.0,0.048,0.048,1.344,0.0,12.0,0.0,0.0,4.7,8.0,3.0,2.0,0.6666666666666666,8.8,1.6,True,3.0,2.0,CHE,1.1739877198508393,2.5,0.0420919180677845,0.052792172337236515,13.711308882248911,0.1444263058759231,0.0,0.39113559193019026,1.0,76.0,1.0,1.0,0.47447562597814125,,0.5007914154518255,0.47447562597814125,37.58804619471607,1.0,2.0436439509559556,1.541611716537001,1.7811812350312883,1.8212587710101729,1.851439891703542,1.4988726642511234,2.1228287671432207,1.7142370756775704,1.50648018314326,2.195481532495101,1.6763792888460993,2.125277792450987,1.6234232387331982,1.5079907599749682,1.7572909461256578,1.6580072693996584,2.1747150975133613,2.1747150975133613,1.777304597476008,2.016218422387254,1.833051814397953,1.9889821983077443,1.70577990685348,1.8053015121256597,1.8704114724686605,1.8212587710101729,2.0541678609789757,1.8212587710101729,1.4014934941157728,2.1747150975133613,1.7544789387076698,2.0029905730391215,1.3488592313058276,1.9081638422917186,2.224817230869733,1.7042360194994404,1.942717042772007,1.6831271985720524,10.538008229489083,69.61416927420834,13.922833854841667
574458,M.Sarr,CHE,DEF,4.5,0.1,a,,,,,,100.0,1.0,3.0,2.7,0.3149999999999999,0.0,0.3149999999999999,1.467,0.0,3.6,0.0,0.0,4.5,8.0,3.0,0.0,0.0,7.199999999999999,0.0,True,3.0,1.0,CHE,1.1739877198508393,1.1111111111111112,0.08692300313909311,0.0476690278764494,12.947788894786857,0.16644251103993574,0.0,0.16891336970796805,2.0,46.0,1.0,0.5,0.38075428000277317,,0.4333858589501416,0.38075428000277317,30.856728577058412,1.0,1.5706486261600825,1.1514013566114456,1.3289134276998162,1.3949421916329332,1.4207600453751015,1.1404391151030104,1.6465055129373276,1.2892051256510655,1.1219073557815815,1.6938885386419538,1.2746943237678332,1.6458645258215991,1.219797123695251,1.1251601246134164,1.3275817910661825,1.2488822703460054,1.6900551395261787,1.6900551395261787,1.3348766833202796,1.5561240478949847,1.3942080312004868,1.527663767987788,1.2922197790027266,1.3782643580389458,1.4532869643406843,1.3949421916329332,1.5849613709414905,1.3949421916329332,1.014463486093071,1.6900551395261787,1.3318295774147464,1.5369169853344253,0.9886232113435804,1.4602247464268805,1.7337153013888007,1.2876814021532428,1.4760222280589566,1.272419640333958,8.00710476258239,53.08414283802407,11.796476186227572
577016,Acheampong,CHE,DEF,4.5,0.3,a,,,,,,657.0,8.0,39.0,5.342465753424658,0.084931506849315,0.0178082191780821,0.1027397260273972,2.1452054794520548,5.0,16.164383561643834,0.136986301369863,0.0,3.7,8.0,17.0,1.0,0.0588235294117647,7.671232876712329,0.273972602739726,True,17.0,7.0,CHE,1.1739877198508393,7.3,0.06940948625566906,0.036883516963462926,15.161355768863633,0.16447556939197336,0.0,0.10957479684224836,3.0,143.0,1.0,0.3333333333333333,0.3469715434819178,,0.6101294382187599,0.3469715434819178,32.85325407580011,1.0,1.6590285171198988,1.2603712727302978,1.4367822221780833,1.4902669460206535,1.514599220179209,1.24159960493611,1.7278262187776454,1.3943785991429123,1.2319591670281325,1.7755981661325435,1.375419699507587,1.7279083197916256,1.326095781064205,1.2344485247453838,1.430221359636953,1.3538923740573037,1.7686360891473945,1.7686360891473945,1.439846832594239,1.643162087722025,1.4925531485789172,1.6178481222875682,1.394280925125482,1.4753762538309725,1.540769437051847,1.4902669460206535,1.671059950874938,1.4902669460206535,1.1345057744762859,1.7686360891473945,1.4323567096147842,1.6272142325526184,1.102979052098828,1.5541603924968448,1.8090946958944016,1.3909127449517773,1.5726017480362275,1.3756304044884609,8.602647783164251,56.741190665208265,12.609153481157392
620109,Palestra,CHE,DEF,5.5,2.7,a,,,,,,,,,,,,,,,,,,,,,,,,,False,,,,1.0099370333055604,0.0,0.06469992728717051,0.059490978070627726,15.8545534949444,0.17904599617698289,0.0,0.31980252961649613,3.0,231.0,3.0,1.0,0.6804774958560783,,0.6804774958560783,0.6804774958560783,53.07724467677411,1.0,2.9717893975249443,2.2336080851479,2.5490882907565062,2.6604449980585136,2.705827693335522,2.211092809680192,3.104108034989905,2.476741540158042,2.18186368814258,3.1899663013073267,2.4487257842613417,3.1034139083507983,2.353741828670769,2.1873049546683947,2.543930790705934,2.4048435660324863,3.1809677909423884,3.1809677909423884,2.5581938194351777,2.944819849120104,2.6607609907218803,2.8955234483996137,2.480566292168284,2.6315803065714722,2.760584305128562,2.6604449980585136,2.996158692277825,2.6604449980585136,1.9960310280976978,3.1809677909423884,2.550424667784774,2.912236062625514,1.948512762257566,2.776593373662869,3.2577808668169017,2.4730570005599812,2.806497648973377,2.445866278384214,15.331851274503578,101.28547243372115,18.415540442494756
220362,Disasi,CHE,DEF,4.5,0.1,a,,,,,,1254.0,14.0,49.0,3.5167464114832536,0.0789473684210526,0.0021531100478468,0.0811004784688995,1.330622009569378,1.0,13.349282296650715,0.0717703349282296,0.0,4.5,21.0,14.0,1.0,0.0714285714285714,5.526315789473684,0.1435406698564593,True,14.0,14.0,WHU,1.0099370333055604,13.933333333333334,0.07030236199293632,0.021169504994269707,13.67638647098542,0.11473295798011511,0.0,0.12601101636858558,,,,,0.4127694097326042,,0.4127694097326042,0.4127694097326042,32.19601395914312,1.0,1.5832546246298544,1.1405920435751706,1.3381425729340548,1.3929250570925857,1.4199113493906756,1.1179153722857431,1.6589892793871284,1.2887911597457498,1.1095990776468194,1.7153161151623144,1.265676235830874,1.6595587065317665,1.2126407117847169,1.1121267038683917,1.3281921334412603,1.2432196420950132,1.704971300677626,1.704971300677626,1.340214684023188,1.564012653727021,1.3970109514932374,1.5365625482345118,1.2873681443221638,1.3768511811497086,1.4466014644431087,1.3929250570925857,1.5958330532306957,1.3929250570925857,1.0053965759818693,1.704971300677626,1.3296554404394005,1.5474786180320432,0.9701377937664813,1.4652479812494796,1.7503357758831077,1.2840629384994076,1.487975020171894,1.2668811166928609,7.992741019908085,53.13924074296035,11.808720165102299
244851,Palmer,CHE,MID,9.5,10.6,a,,,1.0,,3.0,1954.0,24.0,114.0,5.250767656090072,0.4859263050153531,0.1146878198567042,0.6006141248720573,1.4338280450358238,11.0,19.805527123848517,0.2302968270214943,0.0,10.3,8.0,26.0,2.0,0.0769230769230769,6.218014329580348,0.1842374616171954,True,26.0,21.0,CHE,1.1739877198508393,21.711111111111112,0.39584660618648804,0.11676518871742853,19.318661496117077,0.22212250981524917,0.0,0.07827363917954593,2.0,161.0,2.0,1.0,0.7415263454395986,,0.8731052928080196,0.7415263454395986,60.73379178639395,1.0,3.9615648240894026,3.5967633382469644,3.3784367783259994,3.964918419229791,3.9975821008863277,3.9959674122411113,4.188656128098407,3.6071478325129003,3.5707961268696358,4.019812235885621,3.87391452843802,4.144864115385664,3.6536550670943746,3.6061689589461836,3.6796668788715725,3.6812050570720802,4.233028082248114,4.233028082248114,3.5329936240991766,4.083227089603257,3.792546689318464,3.964974323777176,3.773966930255949,3.8958881345062824,4.296922383615299,3.964918419229791,4.063776891985599,3.964918419229791,3.1611507480937484,4.233028082248114,3.790640746271429,3.9340072093189966,3.4426293294220645,3.904685927016048,4.303496538009346,3.717123920847302,3.707950646904951,3.7427997675040827,22.895232873019594,146.65882178794718,15.437770714520756
448047,Enzo,CHE,MID,7.0,5.2,a,,,2.0,3.0,2.0,3114.0,35.0,157.0,4.53757225433526,0.3254335260115606,0.2098265895953757,0.5352601156069364,1.297398843930636,19.0,20.23121387283237,0.2890173410404624,0.0,6.5,8.0,36.0,2.0,0.0555555555555555,7.052023121387283,0.1156069364161849,True,36.0,35.0,CHE,1.1739877198508393,34.6,0.2927474765108682,0.1934090022510182,19.811711226034706,0.2722888866056276,0.0,0.05963705842251115,1.0,28.0,0.0,0.0,0.5860382744879707,,0.6123540639616549,0.5860382744879707,46.28993277848277,1.0,2.809301854990156,2.549857562260429,2.412246087363791,2.803637620004077,2.8263886024048506,2.814402819005132,2.9631943225712267,2.5621167720931206,2.5315642648581314,2.8537426234023906,2.73836789171016,2.9341802975479077,2.590170540242599,2.555153174315679,2.611773692876345,2.609577984136299,2.9946455961950416,2.9946455961950416,2.5148979835761645,2.8891689835833767,2.689409114257401,2.8095668498735775,2.6728108529678276,2.757189196506327,3.026102616035043,2.803637620004077,2.8776323501323096,2.803637620004077,2.2559547195859415,2.9946455961950416,2.685491555304976,2.789490458234965,2.4420597166101,2.7665918684941135,3.0433926080891864,2.6349476450652745,2.637024828838392,2.6513515028890215,16.215834546028436,103.89997098841962,14.842852998345661
247632,Neto,CHE,MID,6.5,1.3,a,,,,2.0,4.0,2629.0,30.0,125.0,4.279193609737543,0.1571319893495625,0.2341574743248383,0.3912894636744009,1.2851274248763789,9.0,18.588817040699887,0.0684670977558006,0.0,7.0,8.0,34.0,0.0,0.0,4.176492963103842,0.0,True,34.0,30.0,CHE,1.1739877198508393,29.211111111111112,0.15589543891987723,0.21013141673048782,18.461660448079147,0.09673203680082894,0.0,0.012618911343636758,2.0,135.0,2.0,1.0,0.7461615454071946,,0.8514247033019314,0.7461615454071946,60.51639001544539,1.0,3.233276647242061,2.9619251026767928,2.8581020230400545,3.209074211196677,3.2317811880022362,3.194635797258735,3.376943849171029,2.985814391901594,2.943188264446616,3.2866048545772304,3.139563634575485,3.3514362529188486,3.0037521177227906,2.964299185103549,3.0333946737621713,3.0236280889829223,3.409598442616662,3.409598442616662,2.9489613632044884,3.3016898499435268,3.1085894066156348,3.228649312856389,3.083543956668897,3.166501258595919,3.4107440942743716,3.209074211196677,3.294837955387994,3.209074211196677,2.6906432050790134,3.409598442616662,3.0986741392579007,3.212073205528403,2.8533154020193696,3.1834787878775415,3.4574724853951486,3.049763376071004,3.0714672995590715,3.0627040842257323,18.688794969416556,119.66747321538253,18.410380494674236
624773,Estêvão,CHE,MID,6.5,1.4,a,,,3.0,5.0,,839.0,12.0,58.0,6.221692491060786,0.3121573301549463,0.2295589988081048,0.5417163289630513,1.103814064362336,4.0,18.450536352800952,0.4290822407628128,0.0,6.4,8.0,22.0,0.0,0.0,6.00715137067938,0.0,True,22.0,7.0,CHE,1.1739877198508393,9.322222222222223,0.23790495506264847,0.18007063157819359,18.24124492663057,0.3232556711006904,0.0,0.018027016205195368,4.0,154.0,2.0,0.5,0.39863810797855626,,0.7933749500838194,0.39863810797855626,39.77798294864318,1.0,2.286774800194087,2.1028332761582185,2.0001960360833184,2.285071112261667,2.301338816667651,2.295954152641288,2.398068820870831,2.1101248375614725,2.089813546722885,2.317416303587119,2.238953527004994,2.376886377522539,2.131457001942673,2.1069880851384646,2.1458817176245777,2.1452699495990104,2.4203976084189494,2.4203976084189494,2.075062150658077,2.3453117917265747,2.2016833562026874,2.2875830842810188,2.190887662615738,2.2513800805039534,2.446717041575584,2.285071112261667,2.3364729311194874,2.285071112261667,1.8898934406311874,2.4203976084189494,2.1996418274338647,2.2727899346586575,2.0258833268349594,2.257142798475799,2.4553518346171446,2.16330703835629,2.1623090460417367,2.1754704060420296,13.272168194006229,84.90125116313578,13.061730948174736
463936,Gittens,CHE,MID,6.0,0.0,a,,,,,,486.0,5.0,25.0,4.62962962962963,0.15,0.174074074074074,0.324074074074074,1.6462962962962964,0.0,18.33333333333333,0.0,0.0,6.0,8.0,16.0,0.0,0.0,5.37037037037037,0.0,True,16.0,2.0,CHE,1.1739877198508393,5.4,0.15082406711664098,0.1432256340218937,18.13275359918495,0.11936616189550282,0.0,0.022943475170248646,3.0,166.0,2.0,0.6666666666666666,0.39698240698464743,,0.7654034596162264,0.39698240698464743,39.06989090269724,1.0,2.090568044732444,1.9447609189455115,1.8877816759458506,2.078106147216531,2.090339761887539,2.0711112122549333,2.1682792440832377,1.9572687491481735,1.9346811650921454,2.1190198286078226,2.040792559138553,2.1544293635915186,1.9672460914177499,1.9461306045484965,1.9829647630788172,1.9779387198942666,2.185832886925112,2.185832886925112,1.937093975642931,2.127778090363379,2.0235479911082157,2.0882272971393965,2.010318449582233,2.055051694372892,2.1873917776787826,2.078106147216531,2.1239414273097004,2.078106147216531,1.7979185732497978,2.185832886925112,2.0183929766914765,2.0791890002678435,1.8862781007120388,2.0639621493767626,2.2116497536543838,1.991994011144311,2.0030761408013498,1.9990727649117137,12.16266776098281,77.7300139787992,12.955002329799868
486672,Caicedo,CHE,MID,5.5,3.9,a,,,,,,2796.0,32.0,110.0,3.540772532188841,0.0466738197424892,0.0766094420600858,0.1232832618025751,1.36931330472103,10.0,18.669527896995707,0.3540772532188841,0.0,5.7,8.0,33.0,13.0,0.3939393939393939,11.781115879828326,0.8369098712446352,True,33.0,31.0,CHE,1.1739877198508393,31.066666666666666,0.06811542233864301,0.08598694955358469,18.53188306047129,0.32251296679350866,0.0,0.3462758065062941,3.0,227.0,3.0,1.0,0.7427130379042131,,0.7953446168515814,0.7427130379042131,59.089511693370724,1.0,2.9839358242425638,2.7970052468550346,2.7943239612107416,2.935887385830676,2.9496620256117208,2.881829336045305,3.0532300865225235,2.832460193612536,2.784777496863369,3.032427631427807,2.8858648488537053,3.0439630070605386,2.825242340603153,2.793208542838218,2.8577608949618645,2.838209940967303,3.0753131944270464,3.0753131944270464,2.8285860500148496,3.0051113644784353,2.899255723296025,2.9723292604995617,2.868809773435995,2.91687120027309,3.0215928980953413,2.935887385830676,3.0093416951707272,2.935887385830676,2.6721070744357878,3.0753131944270464,2.8824384307967126,2.9685002975609454,2.7292843454000186,2.940828736793459,3.102954119484048,2.8555297763942145,2.904008158156385,2.8572074327270753,17.34264377979604,110.82225945546226,20.149501719174957
514356,Lavia,CHE,MID,5.0,0.0,a,,,,,,374.0,4.0,13.0,3.1283422459893044,0.0505347593582887,0.1323529411764706,0.1828877005347593,2.0526737967914435,0.0,19.49197860962567,0.0,0.0,4.9,8.0,12.0,0.0,0.0,8.90374331550802,0.0,True,12.0,1.0,CHE,1.1739877198508393,4.155555555555556,0.11690477599878336,0.1258044923495465,18.50831886710883,0.13158646366177001,0.0,0.028042025208081682,3.0,128.0,1.0,0.3333333333333333,0.2565162945621161,,0.5459899787726424,0.2565162945621161,26.376692028476636,1.0,1.3711541229228137,1.284512022733999,1.2568605805827322,1.360920003205111,1.3680210934009882,1.35278616152373,1.4146562571044188,1.29365740657622,1.278583685612034,1.38912070819594,1.3385546373936528,1.407175117459258,1.2978212284705772,1.2848361354355442,1.3082524624516922,1.3041097035355345,1.4250498863221233,1.4250498863221233,1.2836088099444976,1.390925159351159,1.3314387746334018,1.3690041162724418,1.3223879766472195,1.3481502444427564,1.421061415699765,1.360920003205111,1.389452336658037,1.360920003205111,1.2028435389418637,1.4250498863221233,1.327475091094982,1.364317697662475,1.2504001934686098,1.3545506372561567,1.4399095136272606,1.3123999848711465,1.322008168591995,1.315953830350725,7.994253984369374,51.053898481495324,10.210779696299065
491007,D.Essugo,CHE,MID,4.5,0.2,a,,,,,,26.0,0.0,1.0,2.0,0.0,0.02,0.02,1.1,0.0,14.0,4.0,0.0,4.3,8.0,3.0,0.0,0.0,27.692307692307693,0.0,True,3.0,0.0,CHE,1.1739877198508393,0.28888888888888886,0.14610432297944909,0.1188339338209167,17.85804402227488,0.3323801491232927,0.0,0.056084050416163364,2.0,114.0,1.0,0.5,0.30557228941714243,,0.3845196578381951,0.30557228941714243,25.571480679800267,1.0,1.2386205473319394,1.1394839364897769,1.1114765087730794,1.225255417029052,1.233282005697692,1.2136215828482573,1.286830537684368,1.1509503603024291,1.1327365463185202,1.2597981601465504,1.1995520147219974,1.2787086582664011,1.1546820018667625,1.139568224587631,1.1672557231239222,1.1618390971108705,1.29870126868798,1.29870126868798,1.140587573110403,1.2598736070852854,1.1932420283189775,1.2357163711557482,1.1821900865822534,1.2111881310582187,1.2912620804692352,1.225255417029052,1.2586605585303192,1.225255417029052,1.0493080503696097,1.29870126868798,1.1881799142631437,1.2307545336463954,1.1008273881766852,1.219158368984827,1.3154221348785093,1.1712888002552322,1.1840512085354824,1.174973363878462,7.161739998169797,45.84696016172009,10.188213369271132
593117,Quenda,CHE,MID,5.5,0.0,a,,100.0,,,,,,,,,,,,,,,,,,,,,,,False,,,,1.0099370333055604,0.0,0.14654838772833892,0.12172257550910852,17.895601096669267,0.19725680451144315,0.0,0.09179031691342893,3.0,166.0,2.0,0.6666666666666666,0.4671318398941448,,0.4671318398941448,0.4671318398941448,36.4362835117433,1.0,1.8844803107737094,1.7262021230056255,1.6752448441912469,1.8659867062291389,1.8789710441594127,1.8514119482521123,1.9641413938399126,1.7427865614840128,1.7153678298424049,1.917226023929335,1.8251433240376937,1.9504213113911997,1.7505191585630562,1.7268292094592397,1.7694970444105755,1.7620116425349566,1.9831311792334956,1.9831311792334956,1.7242911422781642,1.9207653317254525,1.8119203000027293,1.8806069057311894,1.7954712507173503,1.8425924202762207,1.9761961909392467,1.8659867062291389,1.918017110307879,1.8659867062291389,1.5766104365803573,1.9831311792334956,1.8047437628494283,1.8719968366889006,1.6638407425875579,1.8542056919415995,2.010311209699612,1.7771607759710955,1.7944970594267482,1.78369958058936,10.882296976611245,69.69453417457528,12.671733486286415
475168,João Pedro,CHE,FWD,7.5,60.5,a,,,,,,2658.0,31.0,177.0,5.993227990970654,0.5048532731376975,0.0663656884875846,0.5712189616252822,1.2612866817155757,30.0,24.209932279909705,0.1693002257336343,0.0,7.4,8.0,35.0,0.0,0.0,4.571106094808126,0.0,True,35.0,30.0,CHE,1.1739877198508393,29.533333333333335,0.48382433943920405,0.06462951674578768,23.210050219032503,0.1745389986367886,0.0,0.00017550545571245183,3.0,241.0,3.0,1.0,0.7539509701996658,,0.8855299175680869,0.7539509701996658,61.702912517679195,1.0,3.7716967542815745,3.5512266169649926,3.2843781062275585,3.8352075261789977,3.8586083889533986,3.9404135804527716,3.9670945588202287,3.520274102155488,3.5342009929584153,3.7838643831356302,3.7843975862329877,3.9243544843580844,3.5867401885124552,3.567555896431424,3.578752925310125,3.6048103293292515,3.994718825448273,3.994718825448273,3.4333006690912127,3.8960826408442504,3.667167982899355,3.7902549445085585,3.6817912182424273,3.7732816135020606,4.140150960799126,3.8352075261789977,3.866788307510747,3.8352075261789977,3.16649625853415,3.994718825448273,3.6855862959862256,3.756666153932448,3.444163643917495,3.754570049802127,4.047769005592075,3.627859333608095,3.5566160207143023,3.657558428245336,22.24153097305929,141.69425147673618,18.892566863564824
517052,N.Jackson,CHE,FWD,6.5,0.3,a,,,,,,0.0,0.0,0.0,0.0,0.0,0.0,0.0,0.0,0.0,0.0,0.0,0.0,6.5,8.0,,,,,,False,,,CHE,1.1739877198508393,0.0,0.4349280125838129,0.05947402485207097,19.69967446387374,0.17476470282150225,0.0,0.0010279605263157892,3.0,155.0,1.0,0.3333333333333333,0.3309875322754309,,0.3309875322754309,0.3309875322754309,25.81702751748361,1.0,1.3994208057122244,1.316317990805863,1.2157335639725462,1.4233602107753822,1.432180804763573,1.4630160088882471,1.4730729918147265,1.3046509181564412,1.3099004446578684,1.4040072055794135,1.4042081882560087,1.456962780516534,1.3297042833845025,1.3224730606287867,1.326693607818231,1.3365155440201044,1.4834855326896748,1.4834855326896748,1.2718676251550278,1.4463061455310073,1.3600202989302448,1.4064160290390713,1.3655323017567436,1.4000181939302196,1.5383039311022644,1.4233602107753822,1.4352640987919352,1.4233602107753822,1.1712998212039356,1.4834855326896748,1.3669627977283825,1.393755252935109,1.2759622558261412,1.3929651588403411,1.5034819791694487,1.3452035103799664,1.3183494433539757,1.35639812564426,8.250029384917836,52.56350239868833,8.086692676721281
463034,Delap,CHE,FWD,5.5,0.5,a,,,4.0,,,1092.0,12.0,45.0,3.708791208791209,0.3741758241758242,0.0189560439560439,0.3931318681318682,1.3739010989010991,1.0,10.137362637362637,0.3296703296703296,0.0,6.2,8.0,28.0,0.0,0.0,3.4615384615384617,0.0,True,28.0,10.0,CHE,1.1739877198508393,12.133333333333333,0.38689769239825134,0.03455767525787574,13.865093620249336,0.27571343123348335,0.0,0.00021163893188854487,2.0,114.0,1.0,0.5,0.36204917113215074,,0.8357333816584664,0.36204917113215074,38.6608879798867,1.0,1.9635870359973653,1.8564551355563543,1.7267868347465083,1.9944484931301123,2.0058195519569177,2.0455707206999394,2.0585356689370187,1.8414145419624515,1.8481819631520593,1.969499588231703,1.9697586848233601,2.037767208147497,1.8737120595898538,1.8643899369011696,1.869830850567158,1.88249278858337,2.0719589843037705,2.0719589843037705,1.7991519966333518,2.0240292191324194,1.9127939169598382,1.9726049202875522,1.919899709208926,1.9643571583472161,2.142628061009422,1.9944484931301123,2.0097943769884052,1.9944484931301123,1.6695051251934439,2.0719589843037705,1.9217438314830944,1.9562832950020075,1.8044305851612459,1.9552647460876889,2.097737380810062,1.8936928706521707,1.8590739803256957,1.9081243963390089,11.592667772087196,73.82414057177591,13.422571013050167
499309,Marc Guiu,CHE,FWD,5.0,0.4,a,,,,,,265.0,1.0,13.0,4.415094339622641,0.5230188679245282,0.0984905660377358,0.6215094339622641,2.000377358490566,0.0,6.452830188679245,0.3396226415094339,0.0,4.0,8.0,10.0,0.0,0.0,2.7169811320754715,0.0,True,10.0,1.0,CHE,1.1739877198508393,2.9444444444444446,0.437622963071707,0.0690543224033207,16.00360369532162,0.23308907349753494,0.0,0.0004497327302631578,,,,,0.18582832855043743,,0.4226704338135953,0.18582832855043743,19.705135942723594,1.0,1.1057507138446994,1.0410146814371415,0.9626606964064998,1.1243992049184675,1.1312703350831534,1.1552905656344024,1.1631248270055052,1.031926180716855,1.0360154948767142,1.109323460818083,1.1094800237585813,1.1505751779729483,1.0514424325447824,1.0458094022895765,1.0490971546953327,1.0567483176671995,1.1712360634814925,1.1712360634814925,1.0063884137885353,1.1422737952994981,1.0750582218179683,1.111199903556205,1.07935200168582,1.106216071643754,1.213938896353838,1.1243992049184675,1.133672181787949,1.1243992049184675,0.9280473777710359,1.1712360634814925,1.080466339794382,1.101337320524638,1.0095780788332251,1.1007218473065339,1.1868130401315522,1.063516132601766,1.0425971570504795,1.0722365950476656,6.520386197324363,41.5398486449462,8.307969728989239
567119,Mheuka,CHE,FWD,4.5,0.3,a,,,,,,1.0,0.0,1.0,2.0,0.0,0.0,0.0,0.1,0.0,6.0,0.0,0.0,4.5,8.0,1.0,0.0,0.0,90.0,0.0,True,1.0,0.0,CHE,1.1739877198508393,0.011111111111111112,0.40562915204664557,0.05813940023199848,19.500068848671006,0.19360989929968364,0.0,0.0010279605263157892,,,,,0.1677938412137414,,0.19410963068742562,0.1677938412137414,13.666866983092882,1.0,0.7282133111545463,0.6870005402998938,0.6371181994995375,0.7400854627342048,0.7444598165902907,0.7597517679312717,0.764739278081261,0.6812145462612201,0.6838179181571363,0.7304878219155506,0.7305874942672705,0.7567498201140361,0.6936391386344801,0.6900529938478557,0.6921460690871939,0.6970170136694314,0.7699031183383868,0.7699031183383868,0.6649564887712234,0.7514649274634675,0.7086736113333961,0.7316824179034729,0.7114071518241081,0.728509570959551,0.797088937434199,0.7400854627342048,0.7459888994548314,0.7400854627342048,0.6150823916752091,0.7699031183383868,0.7121165706657453,0.7254036213909529,0.6669871188500381,0.7250117939069144,0.7798198578327931,0.7013255941571727,0.6880079885850308,0.7068772847252139,4.2966290982097455,27.36736569966207,6.081636822147127
503037,Emegha,CHE,FWD,5.0,0.1,d,Hamstring injury - 75% chance of playing,75.0,,,,,,,,,,,,,,,,,,,,,,,False,,,,1.0099370333055604,0.0,0.39706522101483666,0.05788066660460685,18.78494568983597,0.1933692744665425,0.0,0.0010279605263157892,,,,,0.1697543036416469,,0.1697543036416469,0.1697543036416469,13.240835684048458,0.75,0.5424827363060769,0.5083509979594434,0.4670392645086661,0.5523150567961888,0.5559378246459425,0.5686023669991025,0.5727329407972336,0.5035591329499375,0.505715202695497,0.5443664486736582,0.5444489956744726,0.5661162032371585,0.5138489758106201,0.5108789897361119,0.5126124401915755,0.5166464763054834,0.5770095482872183,0.5770095482872183,0.49009447738891865,0.5617393421477788,0.5263002785912259,0.5453557934045307,0.5285641518240632,0.5427280937993334,0.5995243961092601,0.5523150567961888,0.5572041859014594,0.5523150567961888,0.44878957123836327,0.5770095482872183,0.5291516808297283,0.540155797499065,0.49177621179045505,0.5398312924273387,0.5852224286797676,0.5202147717343844,0.5091853500438333,0.5248125904667897,3.19472824721542,20.361963225617494,4.072392645123498
437499,Lacroix,CHE,DEF,6.0,10.4,a,,,,,,3085.0,35.0,154.0,4.492706645056726,0.0714748784440842,0.0242139384116693,0.0956888168557536,1.2847974068071313,11.0,15.432739059967584,0.1166936790923825,0.0,5.2,31.0,35.0,22.0,0.6285714285714286,11.581847649918965,1.2836304700162071,True,35.0,34.0,CRY,1.005896569211488,34.27777777777778,0.0684039060641409,0.029905020462204543,15.208196292700453,0.13048169751714778,0.0,0.5736639104237004,1.0,62.0,1.0,1.0,0.8168245348296591,,0.8431403243033433,0.8168245348296591,64.29126108513447,1.0,3.9915032396085226,3.110553340927414,3.499717675187065,3.614651823822285,3.6684651029709965,3.069793192630425,4.143938375382034,3.404441113292746,3.0488070409603054,4.253521852769471,3.3615189938218073,4.144576895223314,3.254018484084522,3.054195533657557,3.48329736277795,3.3149296708037372,4.235437403741528,4.235437403741528,3.50551372334042,3.9547620766791485,3.620858545838919,3.8991065190183765,3.403430475847287,3.58205545338434,3.724610773344819,3.614651823822285,4.017538560896603,3.614651823822285,2.8377558738615276,4.235437403741528,3.487405080640428,3.9203746208153762,2.770708614200995,3.7572342514468606,4.325998066151681,3.3962647170179356,3.8000642443239983,3.3624916331370343,20.95468437514671,137.71971878673506,22.953286464455843
549939,Penders,CHE,GKP,4.5,0.1,a,,,,,,0.0,0.0,0.0,0.0,0.0,0.0,0.0,0.0,0.0,0.0,0.0,0.0,4.0,8.0,,,,,,False,,,CHE,1.1739877198508393,0.0,0.00017090365306558279,0.0015287329548684496,13.687822974951251,0.07062094801579323,2.770091475922773,0.0,2.0,74.0,1.0,0.5,0.05145787002718064,2.0,0.05145787002718064,0.05145787002718064,4.01371386212009,1.0,0.2003718530332842,0.15506156066232,0.18772437803101008,0.17128363724394208,0.18798975037967003,0.15009951047109527,0.20415288880489432,0.16634820815273638,0.15311769481841744,0.21063567203059294,0.1618040519345817,0.2046509804035156,0.15985290040057165,0.15298538685600488,0.18457765059490158,0.16194818913156706,0.20748742908038248,0.20748742908038248,0.17144081365635236,0.19767394328398497,0.17351106503933889,0.1967128756731644,0.1645235572381082,0.18596858882703995,0.1872510667812351,0.17128363724394208,0.2003471492025026,0.17128363724394208,0.14960569984279815,0.20748742908038248,0.1678082417734769,0.19784944120310846,0.1453176668555328,0.1919843762033506,0.21056685874866093,0.16483512745436277,0.19548591419029338,0.1632007245836232,1.0525306898213216,6.84171698523507,1.5203815522744601
622758,Anselmino,CHE,DEF,4.5,0.0,a,,,,,,0.0,0.0,0.0,0.0,0.0,0.0,0.0,0.0,0.0,0.0,0.0,0.0,4.0,8.0,,,,,,False,,,CHE,1.1739877198508393,0.0,0.052258507648176945,0.05509413869661508,13.898292529908215,0.1938678353755275,0.0,0.22937728466051902,3.0,64.0,0.0,0.0,0.23968325703144117,,0.23968325703144117,0.23968325703144117,18.69529404845241,1.0,0.9370898172000366,0.6827253520036114,0.8006772363967819,0.8257998110647156,0.8411858431692393,0.6648322567636282,0.978694270672147,0.7691561096437869,0.6649353539020768,1.0136263686992506,0.7525270224212234,0.9795438595496316,0.7241307329891915,0.6659980866685338,0.7913250805616728,0.741667630328352,1.005059293673545,1.005059293673545,0.8000722718681057,0.9244062997811199,0.8302126647287578,0.9097517502095365,0.7663687064144459,0.8172180647597272,0.8532656033938588,0.8257998110647156,0.9432391696500033,0.8257998110647156,0.6088925516329785,1.005059293673545,0.7908776372664674,0.9164982226646354,0.5850474305813503,0.8687747207332156,1.0307570106151567,0.7651042960842309,0.8843751618351927,0.7547667103609278,4.752310316598013,31.55032060776367,7.011182357280815
543158,Barco,CHE,MID,5.5,0.1,a,,,,,,,,,,,,,,,,,,,,,,,,,False,,,,1.0099370333055604,0.0,0.14654838772833892,0.12172257550910852,17.895601096669267,0.19725680451144315,0.0,0.09179031691342893,,,,,0.19750664195146597,,0.19750664195146597,0.19750664195146597,15.405518072214345,1.0,0.7967715882713384,0.7298504523296699,0.7083053548601992,0.7889523616221676,0.7944422314267019,0.7827900509863733,0.8304528569559733,0.73686247007879,0.725269636641597,0.8106167071250203,0.7716834910943084,0.8246519091713895,0.7401318667505984,0.7301155889122986,0.7481558509558522,0.7449909701623576,0.8384818723733671,0.8384818723733671,0.7290424761780113,0.8121131514645932,0.7660927031185174,0.795133885255763,0.7591379288766555,0.7790610922527745,0.8355497103304624,0.7889523616221676,0.8109511840344837,0.7889523616221676,0.6666020305213713,0.8384818723733671,0.7630584125115881,0.7914934872390103,0.7034836201380952,0.7839712655546389,0.8499737812672623,0.7513961307999295,0.7587260339168326,0.7541607835857957,4.601112039496451,29.46734140475486,5.357698437228156
465920,Mudryk,CHE,MID,5.5,0.0,a,,,,,,0.0,0.0,0.0,0.0,0.0,0.0,0.0,0.0,0.0,0.0,0.0,0.0,4.9,8.0,,,,,,False,,,CHE,1.1739877198508393,0.0,0.14654838772833892,0.12172257550910852,17.895601096669267,0.19725680451144315,0.0,0.09179031691342893,3.0,16.0,0.0,0.0,0.19712116753555356,,0.19712116753555356,0.19712116753555356,15.375451067773177,1.0,0.7642603516083712,0.7020714247128595,0.6861379737897638,0.7551308044615609,0.760121542578599,0.7467846857750903,0.7937975892165557,0.7097157904068346,0.6978549040825646,0.7778244891184345,0.7389561302992488,0.7889000235516485,0.7115915422742376,0.7019952230970449,0.719766574246576,0.7160640065934772,0.8012343674338184,0.8012343674338184,0.7037263470561023,0.7769758207915608,0.7358230415161479,0.7622385028924802,0.7285766283375057,0.7465513424335706,0.7952725041140484,0.7551308044615609,0.7764275453437308,0.7551308044615609,0.6469764430942304,0.8012343674338184,0.7324102504153597,0.7593062668818793,0.6779906449706168,0.7518424757174935,0.8115965971328121,0.7219755930717081,0.7307781634067074,0.724114977829568,4.414506782926244,28.267520912042965,5.1395492567350844
498444,Chavarria,CHE,DEF,5.0,0.2,a,,,,,,,,,,,,,,,,,,,,,,,,,False,,,,1.0099370333055604,0.0,0.058479217467673726,0.057292558383621406,14.876423012426306,0.18645691577625517,0.0,0.2745899071385076,1.0,14.0,0.0,0.0,0.2644870571130888,,0.2644870571130888,0.2644870571130888,20.629990454820927,1.0,1.1031215405301527,0.8179737309742449,0.9427334418467241,0.9815994679250338,0.999051149067744,0.8061024507381089,1.1529844813941124,0.9127226511378893,0.7979982826865549,1.1878246927024947,0.8997160734537755,1.1530573322161277,0.8643824403262298,0.799845783666824,0.9383688576011325,0.8840997267581872,1.1826367645675515,1.1826367645675515,0.9450786685442204,1.0916418640283279,0.9830694441516298,1.0733298171242,0.9129143835183603,0.9708768333438605,1.0180767742782932,0.9815994679250338,1.111831024785669,0.9815994679250338,0.7287169529882953,1.1826367645675515,0.9400364160966797,1.0800949310926127,0.7080215864283868,1.0273903215814557,1.2120670671231324,0.9104280490450326,1.0406004523252979,0.8996215018040425,5.650581781082009,37.40648742083755,7.48129748416751
428580,Onyeka,COV,MID,5.0,0.1,a,,,,,,88.0,0.0,12.0,12.272727272727272,0.0,0.3681818181818181,0.3681818181818181,2.065909090909091,0.0,41.93181818181818,0.0,0.0,4.8,94.0,6.0,0.0,0.0,10.227272727272728,0.0,True,6.0,0.0,BRE,1.0718818240331343,0.9777777777777777,0.13489334770132305,0.14917093394851963,20.604085198783487,0.1781628604529411,0.0,0.04206303781212252,1.0,90.0,1.0,1.0,0.3829667513748643,,0.5408614882169696,0.3829667513748643,33.34509081776573,1.0,1.503774613132081,1.7013804135712813,1.5578618545766607,1.5993765612687445,1.6740758747863593,1.6027872608718976,1.7127789918648062,1.6577419841330023,1.664387682991113,1.6818533372553508,1.617693065764806,1.628728175635072,1.7013804135712813,1.601383979380819,1.626299763997646,1.5775005095759935,1.5778545611082746,1.6417597855844794,1.6108779838336604,1.6949511651345717,1.6376806976985194,1.6581241832444868,1.6702059558337083,1.6528249347074968,1.5992099280974412,1.6236193310172153,1.6850948348952661,1.6603833539550783,1.5531177941430034,1.6242577344692035,1.4936532539175686,1.6949511651345717,1.6526320499956293,1.591269793356938,1.6804412346967135,1.6141893856741045,1.6329378836488107,1.650337060818963,9.639256578207025,62.00937855334263,12.401875710668525
472739,Rushworth,COV,GKP,4.5,1.0,a,,,,,,0.0,0.0,0.0,0.0,0.0,0.0,0.0,0.0,0.0,0.0,0.0,0.0,4.0,36.0,,,,,,False,,,BHA,1.047737340289852,0.0,0.00017090365306558279,0.0015287329548684496,13.687822974951251,0.07062094801579323,2.770091475922773,0.0,1.0,90.0,1.0,1.0,0.05565123733414609,2.0,0.05565123733414609,0.05565123733414609,4.340796512063395,1.0,0.17827907887859454,0.1841814693984877,0.1749064040171344,0.16665428851323122,0.1970007995039607,0.18436113090134595,0.20379194785342633,0.180425800322836,0.18659562199086566,0.19643098231706976,0.17182878824942488,0.1880757900630261,0.1841814693984877,0.17637538170422662,0.17409248885544665,0.18672917483834525,0.158579428560677,0.17544497157278602,0.18286916283868032,0.2002417885992359,0.17721243118708552,0.20388951213380516,0.17393246554793573,0.1891388537615757,0.16441221297174816,0.178534877735252,0.16128834202644216,0.1842901434412146,0.1561398334968266,0.18934269640782397,0.16077350468269835,0.2002417885992359,0.19213281654984912,0.1645558368868472,0.17772772919194152,0.17885090318490304,0.19216636758767694,0.17687432303497116,1.0853831712127544,6.872550606805121,1.527233468178916
484389,Dovin,COV,GKP,4.0,2.0,a,,,,,,,,,,,,,,,,,,,,,,,,,False,,,,1.0099370333055604,0.0,0.00013212214651043744,0.0011313976123006986,12.866935659988142,0.06734305438832919,2.9028711226076327,0.0,,,,,0.30108615077190837,1.0,0.30108615077190837,0.30108615077190837,23.484719760208854,1.0,0.9671491922830272,0.9950322730284114,0.9497195108657458,0.9031846445962178,1.0648864499287054,0.9960594717949061,1.1006801840287914,0.97526870295666,1.0078093436686313,1.061880102095452,0.9301664496662323,1.018058306159185,0.9950322730284114,0.9572491853156823,0.9420144505665495,1.0110545170609118,0.8614795015150396,0.949096109886622,0.9908926269481473,1.0819518183043515,0.9583807576877899,1.101239778806677,0.9411416340592207,1.0236055196470284,0.8915418915271148,0.9683857309319422,0.8753286985545549,0.9982583705593531,0.8490379606096855,1.0246954047090426,0.872811465929345,1.0819518183043515,1.0393061911751102,0.892292384890822,0.9641714817585126,0.9670139547967246,1.0394977243773742,0.9565943836844868,5.876031542497014,37.20392026570681,9.300980066426703
110690,Wilson,COV,GKP,4.5,0.5,a,,,,,,,,,,,,,,,,,,,,,,,,,False,,,,1.0099370333055604,0.0,0.00017090365306558279,0.0015287329548684496,13.687822974951251,0.07062094801579323,2.770091475922773,0.0,,,,,0.009052889418893224,3.0,0.009052889418893224,0.009052889418893224,0.7061253746736714,1.0,0.029001929425408753,0.02996287357058044,0.028453568895509283,0.027111376308697227,0.03204803217081029,0.029991648790656193,0.033152877645522556,0.02935176418869462,0.030355399806910537,0.0319553794238148,0.02795316154496785,0.03059605746027069,0.02996287357058044,0.028692714382473367,0.028321422159252322,0.03037677987168146,0.025797795213946623,0.028541492162471573,0.029749052020714394,0.032575316464590616,0.028828974776946927,0.03316849874545577,0.028295592239309303,0.03076908818910311,0.02674667205474282,0.029044084371053814,0.026238924282337556,0.02998041804975484,0.02540085047158719,0.030802115650594524,0.02615430696822868,0.032575316464590616,0.031256093902363585,0.026769998221901695,0.02891305058971362,0.029095387406199377,0.03126146168010859,0.02877403457269758,0.17656942916166218,1.1180263837142441,0.24845030749205424
461102,Thomas,COV,DEF,4.0,7.8,a,,,,,,,,,,,,,,,,,,,,,,,,,False,,,,1.0099370333055604,0.0,0.04603779782868016,0.05289571900960875,12.920162047390122,0.20127875497479975,0.0,0.1841646621825304,,,,,0.21498760752296253,,0.21498760752296253,0.21498760752296253,16.769033386791076,1.0,0.5738789879827149,0.6901663955641594,0.5603505232685272,0.5647487691346829,0.7244919976983986,0.6711607208245516,0.7697430816403545,0.6603554154661593,0.6958311908138032,0.7228463089379548,0.6015033703215378,0.6629724288710674,0.6901663955641594,0.5799648611546742,0.6170429807336048,0.6443074235824742,0.5028300566865905,0.6282548044470243,0.6264963124056115,0.7467915677328375,0.6378248178914371,0.7591803463669156,0.6249650948575334,0.6743183933054416,0.5495938071608293,0.5998372765143135,0.5447950890809187,0.6456851394815379,0.4783002720607929,0.6697694119837558,0.5024605995197302,0.7467915677328375,0.6921316064308786,0.5489773953269159,0.6056119862323587,0.6425469803382635,0.6883406277232329,0.6384132400755095,3.7847973944730344,24.18344724491408,6.04586181122852
436761,Kitching,COV,DEF,4.0,0.7,a,,,,,,,,,,,,,,,,,,,,,,,,,False,,,,1.0099370333055604,0.0,0.04603779782868016,0.05289571900960875,12.920162047390122,0.20127875497479975,0.0,0.1841646621825304,1.0,90.0,1.0,1.0,0.4417693277176456,,0.4417693277176456,0.4417693277176456,34.45800756197636,1.0,1.1792406903515515,1.4181949745597497,1.15144159611213,1.1604793734138796,1.4887292642011958,1.3791409832656703,1.5817138839281613,1.3569375988987316,1.4298353328944782,1.4853476050176264,1.2360049148342747,1.362315193755639,1.4181949745597497,1.191746304655223,1.2679366309170246,1.3239612303193633,1.0332451189073064,1.290975353387747,1.2873618993106377,1.5345517475341224,1.3106403864298748,1.5600089470047238,1.2842154623852833,1.3856295565611627,1.1293380558285824,1.232581326146478,1.1194773643938811,1.3267922429229635,0.9828398579341138,1.3762820390766184,1.0324859363381111,1.5345517475341224,1.4222332067788848,1.1280714161157048,1.244447543270797,1.3203437667946487,1.414443278166885,1.3118495113448727,7.777226881904176,49.69358631585198,12.423396578962995
451284,van Ewijk,COV,DEF,4.0,14.5,a,,,,,,,,,,,,,,,,,,,,,,,,,False,,,,1.0099370333055604,0.0,0.04603779782868016,0.05289571900960875,12.920162047390122,0.20127875497479975,0.0,0.1841646621825304,1.0,90.0,1.0,1.0,0.4417693277176456,,0.4417693277176456,0.4417693277176456,34.45800756197636,1.0,1.1792406903515515,1.4181949745597497,1.15144159611213,1.1604793734138796,1.4887292642011958,1.3791409832656703,1.5817138839281613,1.3569375988987316,1.4298353328944782,1.4853476050176264,1.2360049148342747,1.362315193755639,1.4181949745597497,1.191746304655223,1.2679366309170246,1.3239612303193633,1.0332451189073064,1.290975353387747,1.2873618993106377,1.5345517475341224,1.3106403864298748,1.5600089470047238,1.2842154623852833,1.3856295565611627,1.1293380558285824,1.232581326146478,1.1194773643938811,1.3267922429229635,0.9828398579341138,1.3762820390766184,1.0324859363381111,1.5345517475341224,1.4222332067788848,1.1280714161157048,1.244447543270797,1.3203437667946487,1.414443278166885,1.3118495113448727,7.777226881904176,49.69358631585198,12.423396578962995
173878,Dasilva,COV,DEF,4.0,0.8,a,,,,,,,,,,,,,,,,,,,,,,,,,False,,,,1.0099370333055604,0.0,0.04603779782868016,0.05289571900960875,12.920162047390122,0.20127875497479975,0.0,0.1841646621825304,1.0,90.0,1.0,1.0,0.4417693277176456,,0.4417693277176456,0.4417693277176456,34.45800756197636,1.0,1.1792406903515515,1.4181949745597497,1.15144159611213,1.1604793734138796,1.4887292642011958,1.3791409832656703,1.5817138839281613,1.3569375988987316,1.4298353328944782,1.4853476050176264,1.2360049148342747,1.362315193755639,1.4181949745597497,1.191746304655223,1.2679366309170246,1.3239612303193633,1.0332451189073064,1.290975353387747,1.2873618993106377,1.5345517475341224,1.3106403864298748,1.5600089470047238,1.2842154623852833,1.3856295565611627,1.1293380558285824,1.232581326146478,1.1194773643938811,1.3267922429229635,0.9828398579341138,1.3762820390766184,1.0324859363381111,1.5345517475341224,1.4222332067788848,1.1280714161157048,1.244447543270797,1.3203437667946487,1.414443278166885,1.3118495113448727,7.777226881904176,49.69358631585198,12.423396578962995
465390,Kesler-Hayden,COV,DEF,4.0,0.1,a,,,,,,,,,,,,,,,,,,,,,,,,,False,,,,1.0099370333055604,0.0,0.04603779782868016,0.05289571900960875,12.920162047390122,0.20127875497479975,0.0,0.1841646621825304,,,,,0.21498760752296253,,0.21498760752296253,0.21498760752296253,16.769033386791076,1.0,0.5738789879827149,0.6901663955641594,0.5603505232685272,0.5647487691346829,0.7244919976983986,0.6711607208245516,0.7697430816403545,0.6603554154661593,0.6958311908138032,0.7228463089379548,0.6015033703215378,0.6629724288710674,0.6901663955641594,0.5799648611546742,0.6170429807336048,0.6443074235824742,0.5028300566865905,0.6282548044470243,0.6264963124056115,0.7467915677328375,0.6378248178914371,0.7591803463669156,0.6249650948575334,0.6743183933054416,0.5495938071608293,0.5998372765143135,0.5447950890809187,0.6456851394815379,0.4783002720607929,0.6697694119837558,0.5024605995197302,0.7467915677328375,0.6921316064308786,0.5489773953269159,0.6056119862323587,0.6425469803382635,0.6883406277232329,0.6384132400755095,3.7847973944730344,24.18344724491408,6.04586181122852
80178,Bidwell,COV,DEF,4.0,0.1,a,,,,,,,,,,,,,,,,,,,,,,,,,False,,,,1.0099370333055604,0.0,0.04603779782868016,0.05289571900960875,12.920162047390122,0.20127875497479975,0.0,0.1841646621825304,,,,,0.21498760752296253,,0.21498760752296253,0.21498760752296253,16.769033386791076,1.0,0.5738789879827149,0.6901663955641594,0.5603505232685272,0.5647487691346829,0.7244919976983986,0.6711607208245516,0.7697430816403545,0.6603554154661593,0.6958311908138032,0.7228463089379548,0.6015033703215378,0.6629724288710674,0.6901663955641594,0.5799648611546742,0.6170429807336048,0.6443074235824742,0.5028300566865905,0.6282548044470243,0.6264963124056115,0.7467915677328375,0.6378248178914371,0.7591803463669156,0.6249650948575334,0.6743183933054416,0.5495938071608293,0.5998372765143135,0.5447950890809187,0.6456851394815379,0.4783002720607929,0.6697694119837558,0.5024605995197302,0.7467915677328375,0.6921316064308786,0.5489773953269159,0.6056119862323587,0.6425469803382635,0.6883406277232329,0.6384132400755095,3.7847973944730344,24.18344724491408,6.04586181122852
204813,Latibeaudiere,COV,DEF,4.0,0.1,a,,,,,,,,,,,,,,,,,,,,,,,,,False,,,,1.0099370333055604,0.0,0.04603779782868016,0.05289571900960875,12.920162047390122,0.20127875497479975,0.0,0.1841646621825304,,,,,0.21498760752296253,,0.21498760752296253,0.21498760752296253,16.769033386791076,1.0,0.5738789879827149,0.6901663955641594,0.5603505232685272,0.5647487691346829,0.7244919976983986,0.6711607208245516,0.7697430816403545,0.6603554154661593,0.6958311908138032,0.7228463089379548,0.6015033703215378,0.6629724288710674,0.6901663955641594,0.5799648611546742,0.6170429807336048,0.6443074235824742,0.5028300566865905,0.6282548044470243,0.6264963124056115,0.7467915677328375,0.6378248178914371,0.7591803463669156,0.6249650948575334,0.6743183933054416,0.5495938071608293,0.5998372765143135,0.5447950890809187,0.6456851394815379,0.4783002720607929,0.6697694119837558,0.5024605995197302,0.7467915677328375,0.6921316064308786,0.5489773953269159,0.6056119862323587,0.6425469803382635,0.6883406277232329,0.6384132400755095,3.7847973944730344,24.18344724491408,6.04586181122852
220583,Woolfenden,COV,DEF,4.0,0.2,a,,,,,,,,,,,,,,,,,,,,,,,,,False,,,,1.0099370333055604,0.0,0.04603779782868016,0.05289571900960875,12.920162047390122,0.20127875497479975,0.0,0.1841646621825304,,,,,0.21498760752296253,,0.21498760752296253,0.21498760752296253,16.769033386791076,1.0,0.5738789879827149,0.6901663955641594,0.5603505232685272,0.5647487691346829,0.7244919976983986,0.6711607208245516,0.7697430816403545,0.6603554154661593,0.6958311908138032,0.7228463089379548,0.6015033703215378,0.6629724288710674,0.6901663955641594,0.5799648611546742,0.6170429807336048,0.6443074235824742,0.5028300566865905,0.6282548044470243,0.6264963124056115,0.7467915677328375,0.6378248178914371,0.7591803463669156,0.6249650948575334,0.6743183933054416,0.5495938071608293,0.5998372765143135,0.5447950890809187,0.6456851394815379,0.4783002720607929,0.6697694119837558,0.5024605995197302,0.7467915677328375,0.6921316064308786,0.5489773953269159,0.6056119862323587,0.6425469803382635,0.6883406277232329,0.6384132400755095,3.7847973944730344,24.18344724491408,6.04586181122852
577411,Brau,COV,DEF,4.0,0.0,a,,,,,,,,,,,,,,,,,,,,,,,,,False,,,,1.0099370333055604,0.0,0.04603779782868016,0.05289571900960875,12.920162047390122,0.20127875497479975,0.0,0.1841646621825304,,,,,0.21498760752296253,,0.21498760752296253,0.21498760752296253,16.769033386791076,1.0,0.5738789879827149,0.6901663955641594,0.5603505232685272,0.5647487691346829,0.7244919976983986,0.6711607208245516,0.7697430816403545,0.6603554154661593,0.6958311908138032,0.7228463089379548,0.6015033703215378,0.6629724288710674,0.6901663955641594,0.5799648611546742,0.6170429807336048,0.6443074235824742,0.5028300566865905,0.6282548044470243,0.6264963124056115,0.7467915677328375,0.6378248178914371,0.7591803463669156,0.6249650948575334,0.6743183933054416,0.5495938071608293,0.5998372765143135,0.5447950890809187,0.6456851394815379,0.4783002720607929,0.6697694119837558,0.5024605995197302,0.7467915677328375,0.6921316064308786,0.5489773953269159,0.6056119862323587,0.6425469803382635,0.6883406277232329,0.6384132400755095,3.7847973944730344,24.18344724491408,6.04586181122852
539142,Amenda,COV,DEF,4.0,0.8,a,,,,,,,,,,,,,,,,,,,,,,,,,False,,,,1.0099370333055604,0.0,0.04603779782868016,0.05289571900960875,12.920162047390122,0.20127875497479975,0.0,0.1841646621825304,1.0,90.0,1.0,1.0,0.4417693277176456,,0.4417693277176456,0.4417693277176456,34.45800756197636,1.0,1.1792406903515515,1.4181949745597497,1.15144159611213,1.1604793734138796,1.4887292642011958,1.3791409832656703,1.5817138839281613,1.3569375988987316,1.4298353328944782,1.4853476050176264,1.2360049148342747,1.362315193755639,1.4181949745597497,1.191746304655223,1.2679366309170246,1.3239612303193633,1.0332451189073064,1.290975353387747,1.2873618993106377,1.5345517475341224,1.3106403864298748,1.5600089470047238,1.2842154623852833,1.3856295565611627,1.1293380558285824,1.232581326146478,1.1194773643938811,1.3267922429229635,0.9828398579341138,1.3762820390766184,1.0324859363381111,1.5345517475341224,1.4222332067788848,1.1280714161157048,1.244447543270797,1.3203437667946487,1.414443278166885,1.3118495113448727,7.777226881904176,49.69358631585198,12.423396578962995
480457,Rudoni,COV,MID,5.0,0.1,d,Shoulder injury - 75% chance of playing,75.0,,3.0,1.0,,,,,,,,,,,,,,,,,,,,False,,,,1.0099370333055604,0.0,0.12874827856853127,0.11056911278528116,17.390485450822368,0.20778653317403828,0.0,0.0906479839263559,,,,,0.18514127924968465,,0.18514127924968465,0.18514127924968465,14.441019781475402,0.75,0.4388832181003013,0.49959477489770354,0.4546426447810862,0.4670105171211001,0.49225774401526723,0.4700744223206844,0.5046759907306861,0.4860907386077058,0.48878572448296453,0.494518496109396,0.47310142886006534,0.4775701063313841,0.49959477489770354,0.4678777303275864,0.47594204703923715,0.46205285419001696,0.45960414246630277,0.48073020826447677,0.4715648795759826,0.49890607503330764,0.4797113994430362,0.48831211325121904,0.4890788469069025,0.4849224850295394,0.4666970782025127,0.47482342813317535,0.49205979417531676,0.48657806363913036,0.45189696223722475,0.4763886804168628,0.43463876667903545,0.49890607503330764,0.4852358268057527,0.4643349787944996,0.4917422808430014,0.47286095334194655,0.4793392704151671,0.48346466841634905,2.822463321236143,18.16447018991694,3.6328940379833883
168144,Grimes,COV,MID,5.0,0.2,a,,,3.0,1.0,,,,,,,,,,,,,,,,,,,,,False,,,,1.0099370333055604,0.0,0.12874827856853127,0.11056911278528116,17.390485450822368,0.20778653317403828,0.0,0.0906479839263559,1.0,90.0,1.0,1.0,0.40230353824130777,,0.40230353824130777,0.40230353824130777,31.379675982822008,1.0,1.2715642326914773,1.4474621502941298,1.3172235845841032,1.3530566797070565,1.426204773252826,1.3619336476645287,1.4621838166630856,1.4083372787220187,1.416145386904922,1.432754787888427,1.3707037101523603,1.3836506860348248,1.4474621502941298,1.3555692325913036,1.3789337547892973,1.3386929797501694,1.3315983948682852,1.3928063621328377,1.3662519083271172,1.445466799188166,1.38985459545809,1.414773206156942,1.4169946424123272,1.4049525298789436,1.3521485617805284,1.3756928111115747,1.4256312586458249,1.4097491920832472,1.3092685943427087,1.3802277733452426,1.2592669007542039,1.445466799188166,1.4058603663575528,1.3453049163700426,1.4247113360328747,1.370006987071898,1.3887764362980457,1.4007288380477085,8.177445068194121,52.62741806183698,10.525483612367395
501459,Sakamoto,COV,MID,5.0,0.1,a,,,,,,,,,,,,,,,,,,,,,,,,,False,,,,1.0099370333055604,0.0,0.12874827856853127,0.11056911278528116,17.390485450822368,0.20778653317403828,0.0,0.0906479839263559,1.0,90.0,1.0,1.0,0.40230353824130777,,0.40230353824130777,0.40230353824130777,31.379675982822008,1.0,1.2715642326914773,1.4474621502941298,1.3172235845841032,1.3530566797070565,1.426204773252826,1.3619336476645287,1.4621838166630856,1.4083372787220187,1.416145386904922,1.432754787888427,1.3707037101523603,1.3836506860348248,1.4474621502941298,1.3555692325913036,1.3789337547892973,1.3386929797501694,1.3315983948682852,1.3928063621328377,1.3662519083271172,1.445466799188166,1.38985459545809,1.414773206156942,1.4169946424123272,1.4049525298789436,1.3521485617805284,1.3756928111115747,1.4256312586458249,1.4097491920832472,1.3092685943427087,1.3802277733452426,1.2592669007542039,1.445466799188166,1.4058603663575528,1.3453049163700426,1.4247113360328747,1.370006987071898,1.3887764362980457,1.4007288380477085,8.177445068194121,52.62741806183698,10.525483612367395
241293,Mason-Clark,COV,MID,5.5,0.1,d,Hamstring injury - 75% chance of playing,75.0,,,,,,,,,,,,,,,,,,,,,,,False,,,,1.0099370333055604,0.0,0.14654838772833892,0.12172257550910852,17.895601096669267,0.19725680451144315,0.0,0.09179031691342893,,,,,0.19750664195146597,,0.19750664195146597,0.19750664195146597,15.405518072214345,0.75,0.48306781671506616,0.5548163995072901,0.5023387563931199,0.5172465690265167,0.5453529877736518,0.5193485145713458,0.5596315354223527,0.5389303019988696,0.5416230777327029,0.5481217474441176,0.5240956069573043,0.5285642256035216,0.5548163995072901,0.5180827265525586,0.5273047072661305,0.510058971648193,0.5090920289384162,0.5329344798267908,0.5218598353699881,0.5530331173845968,0.531553824740885,0.5399702968269964,0.5430954829789948,0.5372916564626686,0.5170737349244898,0.5262050673250479,0.547818927884451,0.5397504859606499,0.5000644669173401,0.527023321142716,0.47890676502588103,0.5530331173845968,0.5373812257110288,0.5142239070410748,0.5466056798864303,0.523181547988858,0.5302965304940201,0.5360912965626666,3.1221710439869903,20.11988714089862,3.6581612983452034
439668,Eccles,COV,MID,5.0,0.0,a,,,,,,,,,,,,,,,,,,,,,,,,,False,,,,1.0099370333055604,0.0,0.12874827856853127,0.11056911278528116,17.390485450822368,0.20778653317403828,0.0,0.0906479839263559,,,,,0.18514127924968465,,0.18514127924968465,0.18514127924968465,14.441019781475402,1.0,0.5851776241337351,0.6661263665302714,0.6061901930414483,0.6226806894948002,0.6563436586870229,0.6267658964275792,0.6729013209742482,0.6481209848102744,0.6517142993106194,0.659357994812528,0.6308019051467538,0.6367601417751788,0.6661263665302714,0.6238369737701152,0.6345893960523162,0.616070472253356,0.6128055232884037,0.6409736110193024,0.6287531727679768,0.6652081000444102,0.6396151992573816,0.651082817668292,0.6521051292092034,0.6465633133727192,0.6222627709366836,0.6330979041775672,0.656079725567089,0.6487707515188404,0.6025292829829664,0.6351849072224837,0.5795183555720472,0.6652081000444102,0.6469811024076703,0.6191133050593328,0.6556563744573353,0.6304812711225954,0.6391190272202228,0.6446195578884654,3.763284428314857,24.21929358655592,4.843858717311184
226965,Torp,COV,MID,5.5,0.2,a,,,2.0,2.0,2.0,,,,,,,,,,,,,,,,,,,,False,,,,1.0099370333055604,0.0,0.14654838772833892,0.12172257550910852,17.895601096669267,0.19725680451144315,0.0,0.09179031691342893,,,,,0.19750664195146597,,0.19750664195146597,0.19750664195146597,15.405518072214345,1.0,0.6440904222867548,0.7397551993430534,0.6697850085241598,0.6896620920353556,0.7271373170315357,0.6924646860951277,0.7461753805631369,0.7185737359984928,0.7221641036436038,0.7308289965921568,0.698794142609739,0.7047523008046954,0.7397551993430534,0.6907769687367448,0.7030729430215074,0.6800786288642574,0.6787893719178884,0.710579306435721,0.6958131138266509,0.7373774898461292,0.7087384329878467,0.7199603957693286,0.7241273106386598,0.7163888752835581,0.6894316465659864,0.7016067564333972,0.7304252371792679,0.7196673146141999,0.6667526225564534,0.7026977615236213,0.6385423533678414,0.7373774898461292,0.7165083009480383,0.6856318760547664,0.728807573181907,0.6975753973184773,0.7070620406586935,0.7147883954168889,4.162894725315987,26.826516187864826,4.877548397793604
684268,Shepherd,COV,MID,4.5,0.3,a,,,,,,,,,,,,,,,,,,,,,,,,,False,,,,1.0099370333055604,0.0,0.11094816940872362,0.09941565006145381,16.88536980497547,0.21831626183663344,0.0,0.08950565093928288,,,,,0.17277591654790336,,0.17277591654790336,0.17277591654790336,13.476521490736463,1.0,0.5289261565022672,0.5963245582798902,0.5456672384905941,0.5590572892464358,0.5891038316761854,0.5642303428056399,0.6033532046347132,0.581248144076502,0.5848139857850654,0.5915004289902313,0.5662263241157626,0.5721348010077443,0.5963245582798902,0.5602401263298573,0.5695523501215483,0.5551033048015328,0.550137353963958,0.5749015352901323,0.5650102843884752,0.5966906705600501,0.5739765342521537,0.5855631456547477,0.5838260547525864,0.5802521553351703,0.5584788670030694,0.5680511948032321,0.5857349966144727,0.5815042366742482,0.5414871207213812,0.5709920287937842,0.5232169402205771,0.5966906705600501,0.5809274543322724,0.5559246168714198,0.5863599533779875,0.566694026110782,0.5745169510888255,0.5780243628720971,3.383309417001013,21.74276779938533,4.831726177641184
469272,Tchaouna,COV,MID,5.5,0.1,a,,,,,,1259.0,14.0,59.0,4.217633042096902,0.0907863383637807,0.0650516282764098,0.1558379666401906,1.7899920571882446,0.0,14.868943606036536,0.1429706115965051,0.0,4.8,90.0,29.0,1.0,0.0344827586206896,4.932486100079428,0.1429706115965051,True,29.0,12.0,BUR,1.0099370333055604,13.988888888888889,0.11283164474111618,0.08591718778696503,16.00712523527896,0.16369661002828514,0.0,0.042993041535584815,1.0,90.0,1.0,1.0,0.4935274832615598,,0.9408959043141913,0.4935274832615598,48.33724895755957,1.0,2.0268588167462434,2.2533939833793806,2.0866581057976776,2.1332557020543246,2.224796633981849,2.142349146767868,2.27052153111618,2.2031181519733063,2.212416206820843,2.2333816494147722,2.155445259540227,2.1708683357570915,2.2533939833793806,2.1362009746238675,2.1658167693138846,2.1127110292388926,2.1065413020400143,2.1836385782814127,2.149065306232903,2.249331486851238,2.179565068886173,2.208965811711709,2.215243838168651,2.198361702830484,2.1323904149452573,2.1619851999556894,2.2282154936457252,2.2053126644564642,2.077907560714255,2.16623721669016,2.012337967718919,2.249331486851238,2.199098586626656,2.123486837315817,2.225740308914565,2.153578048183761,2.1769176595154636,2.1937266548991348,12.867312388727344,82.57816547534149,15.014211904607544
492498,Borges Rodrigues,COV,MID,4.5,0.2,a,,,,,,,,,,,,,,,,,,,,,,,,,False,,,,1.0099370333055604,0.0,0.11094816940872362,0.09941565006145381,16.88536980497547,0.21831626183663344,0.0,0.08950565093928288,,,,,0.17277591654790336,,0.17277591654790336,0.17277591654790336,13.476521490736463,1.0,0.5289261565022672,0.5963245582798902,0.5456672384905941,0.5590572892464358,0.5891038316761854,0.5642303428056399,0.6033532046347132,0.581248144076502,0.5848139857850654,0.5915004289902313,0.5662263241157626,0.5721348010077443,0.5963245582798902,0.5602401263298573,0.5695523501215483,0.5551033048015328,0.550137353963958,0.5749015352901323,0.5650102843884752,0.5966906705600501,0.5739765342521537,0.5855631456547477,0.5838260547525864,0.5802521553351703,0.5584788670030694,0.5680511948032321,0.5857349966144727,0.5815042366742482,0.5414871207213812,0.5709920287937842,0.5232169402205771,0.5966906705600501,0.5809274543322724,0.5559246168714198,0.5863599533779875,0.566694026110782,0.5745169510888255,0.5780243628720971,3.383309417001013,21.74276779938533,4.831726177641184
629397,Andrews,COV,MID,4.5,0.7,a,,,,,,,,,,,,,,,,,,,,,,,,,False,,,,1.0099370333055604,0.0,0.11094816940872362,0.09941565006145381,16.88536980497547,0.21831626183663344,0.0,0.08950565093928288,,,,,0.17277591654790336,,0.17277591654790336,0.17277591654790336,13.476521490736463,1.0,0.5289261565022672,0.5963245582798902,0.5456672384905941,0.5590572892464358,0.5891038316761854,0.5642303428056399,0.6033532046347132,0.581248144076502,0.5848139857850654,0.5915004289902313,0.5662263241157626,0.5721348010077443,0.5963245582798902,0.5602401263298573,0.5695523501215483,0.5551033048015328,0.550137353963958,0.5749015352901323,0.5650102843884752,0.5966906705600501,0.5739765342521537,0.5855631456547477,0.5838260547525864,0.5802521553351703,0.5584788670030694,0.5680511948032321,0.5857349966144727,0.5815042366742482,0.5414871207213812,0.5709920287937842,0.5232169402205771,0.5966906705600501,0.5809274543322724,0.5559246168714198,0.5863599533779875,0.566694026110782,0.5745169510888255,0.5780243628720971,3.383309417001013,21.74276779938533,4.831726177641184
176412,Wright,COV,FWD,5.5,0.6,i,Thigh injury - Unknown return date,0.0,1.0,,,,,,,,,,,,,,,,,,,,,,False,,,,1.0099370333055604,0.0,0.4096861515378287,0.05841178602042822,19.08985528118189,0.18716775058486243,0.0,0.0010279605263157892,,,,,0.17873609347806796,,0.17873609347806796,0.17873609347806796,13.941415291289301,0.0,0.0,0.0,0.0,0.0,0.0,0.0,0.0,0.0,0.0,0.0,0.0,0.0,0.0,0.0,0.0,0.0,0.0,0.0,0.0,0.0,0.0,0.0,0.0,0.0,0.0,0.0,0.0,0.0,0.0,0.0,0.0,0.0,0.0,0.0,0.0,0.0,0.0,0.0,0.0,0.0,0.0
230730,Thomas-Asante,COV,FWD,5.0,0.8,a,,,4.0,,,,,,,,,,,,,,,,,,,,,,False,,,,1.0099370333055604,0.0,0.39706522101483666,0.05788066660460685,18.78494568983597,0.1933692744665425,0.0,0.0010279605263157892,1.0,90.0,1.0,1.0,0.38195734575611495,,0.38195734575611495,0.38195734575611495,29.792672968976966,1.0,1.2472346967581178,1.5062628604963775,1.338458409511022,1.402041707134089,1.4455567593216563,1.3587628179553641,1.4838016434108388,1.4513517848845165,1.4445922536251292,1.4588014664875868,1.4150752078610742,1.4040006984409918,1.5062628604963775,1.3987408386573923,1.42170695970157,1.3315984116607253,1.3926371419036367,1.4410655416637097,1.392942318534509,1.4673619410952317,1.430165957232221,1.4020203295465643,1.4876155839660699,1.4367956073327097,1.4080345618801247,1.425182724135787,1.5448735415715806,1.4624928741067997,1.362749535824795,1.3935918795318811,1.2608454492584154,1.4673619410952317,1.4277175963206543,1.3957932935502695,1.512429856148681,1.3906821167945889,1.3982497071715743,1.4499589892185936,8.298317251176625,53.96481786428646,10.792963572857293
218997,Simms,COV,FWD,5.0,0.8,a,,,,,,,,,,,,,,,,,,,,,,,,,False,,,,1.0099370333055604,0.0,0.39706522101483666,0.05788066660460685,18.78494568983597,0.1933692744665425,0.0,0.0010279605263157892,1.0,90.0,1.0,1.0,0.38195734575611495,,0.38195734575611495,0.38195734575611495,29.792672968976966,1.0,1.2472346967581178,1.5062628604963775,1.338458409511022,1.402041707134089,1.4455567593216563,1.3587628179553641,1.4838016434108388,1.4513517848845165,1.4445922536251292,1.4588014664875868,1.4150752078610742,1.4040006984409918,1.5062628604963775,1.3987408386573923,1.42170695970157,1.3315984116607253,1.3926371419036367,1.4410655416637097,1.392942318534509,1.4673619410952317,1.430165957232221,1.4020203295465643,1.4876155839660699,1.4367956073327097,1.4080345618801247,1.425182724135787,1.5448735415715806,1.4624928741067997,1.362749535824795,1.3935918795318811,1.2608454492584154,1.4673619410952317,1.4277175963206543,1.3957932935502695,1.512429856148681,1.3906821167945889,1.3982497071715743,1.4499589892185936,8.298317251176625,53.96481786428646,10.792963572857293
551262,Markelo,COV,FWD,5.0,0.1,u,Has joined Shabab Al-Ahli Dubai permanently,0.0,,,,,,,,,,,,,,,,,,,,,,,False,,,,1.0099370333055604,0.0,0.39706522101483666,0.05788066660460685,18.78494568983597,0.1933692744665425,0.0,0.0010279605263157892,,,,,0.1697543036416469,,0.1697543036416469,0.1697543036416469,13.240835684048458,0.0,0.0,0.0,0.0,0.0,0.0,0.0,0.0,0.0,0.0,0.0,0.0,0.0,0.0,0.0,0.0,0.0,0.0,0.0,0.0,0.0,0.0,0.0,0.0,0.0,0.0,0.0,0.0,0.0,0.0,0.0,0.0,0.0,0.0,0.0,0.0,0.0,0.0,0.0,0.0,0.0,0.0
549653,Bassette,COV,FWD,4.5,0.1,u,Has joined KVC Westerlo on loan for the rest of the season,0.0,,,,,,,,,,,,,,,,,,,,,,,False,,,,1.0099370333055604,0.0,0.38444429049184453,0.057349547188785474,18.480036098490043,0.19957079834822258,0.0,0.0010279605263157892,,,,,0.1607725138052258,,0.1607725138052258,0.1607725138052258,12.540256076807614,0.0,0.0,0.0,0.0,0.0,0.0,0.0,0.0,0.0,0.0,0.0,0.0,0.0,0.0,0.0,0.0,0.0,0.0,0.0,0.0,0.0,0.0,0.0,0.0,0.0,0.0,0.0,0.0,0.0,0.0,0.0,0.0,0.0,0.0,0.0,0.0,0.0,0.0,0.0,0.0,0.0,0.0
210156,Awoniyi,COV,FWD,5.5,0.6,a,,,,,,480.0,3.0,43.0,8.0625,0.6900000000000001,0.144375,0.8343750000000001,1.940625,4.0,31.875,0.375,0.0,5.2,17.0,17.0,0.0,0.0,4.875,0.0,True,17.0,2.0,NFO,0.915102797726672,5.333333333333333,0.5197155155213595,0.09268208963939242,24.461291366576496,0.26632728116255994,0.0,0.00031285755148741416,,,,,0.2063699274009913,,0.6011067695062544,0.2063699274009913,24.78106486359311,1.0,1.4580622919058785,1.7761468758608208,1.5700843064199197,1.6481641046898603,1.701600252601739,1.595017963128369,1.7485646748033532,1.7087164992236055,1.7004158470576682,1.7178646506798456,1.6641691428926124,1.6505697308805982,1.7761468758608208,1.6441106637012544,1.6723128829193068,1.5616602820564984,1.6366153712416,1.6960850720145708,1.6369901257866766,1.7283768473643,1.6827004665371712,1.6481378531775321,1.753248164340674,1.6908416256433743,1.6555232840203415,1.676581094792594,1.8235604939353132,1.7223976707183613,1.5999136218727403,1.6377877816732824,1.4747761908267136,1.7283768473643,1.679693898252519,1.6404911010808938,1.7837198988788783,1.6342146155111872,1.6435075580308938,1.7070061569058603,9.749075794606586,63.47415278465192,11.540755051754894
661888,Yirenkyi,COV,MID,5.0,0.2,a,,,,,,,,,,,,,,,,,,,,,,,,,False,,,,1.0099370333055604,0.0,0.12874827856853127,0.11056911278528116,17.390485450822368,0.20778653317403828,0.0,0.0906479839263559,,,,,0.18514127924968465,,0.18514127924968465,0.18514127924968465,14.441019781475402,1.0,0.5851776241337351,0.6661263665302714,0.6061901930414483,0.6226806894948002,0.6563436586870229,0.6267658964275792,0.6729013209742482,0.6481209848102744,0.6517142993106194,0.659357994812528,0.6308019051467538,0.6367601417751788,0.6661263665302714,0.6238369737701152,0.6345893960523162,0.616070472253356,0.6128055232884037,0.6409736110193024,0.6287531727679768,0.6652081000444102,0.6396151992573816,0.651082817668292,0.6521051292092034,0.6465633133727192,0.6222627709366836,0.6330979041775672,0.656079725567089,0.6487707515188404,0.6025292829829664,0.6351849072224837,0.5795183555720472,0.6652081000444102,0.6469811024076703,0.6191133050593328,0.6556563744573353,0.6304812711225954,0.6391190272202228,0.6446195578884654,3.763284428314857,24.21929358655592,4.843858717311184
196100,Hamer,COV,MID,5.5,0.1,a,,,,,,,,,,,,,,,,,,,,,,,,,False,,,,1.0099370333055604,0.0,0.14654838772833892,0.12172257550910852,17.895601096669267,0.19725680451144315,0.0,0.09179031691342893,,,,,0.19750664195146597,,0.19750664195146597,0.19750664195146597,15.405518072214345,1.0,0.6440904222867548,0.7397551993430534,0.6697850085241598,0.6896620920353556,0.7271373170315357,0.6924646860951277,0.7461753805631369,0.7185737359984928,0.7221641036436038,0.7308289965921568,0.698794142609739,0.7047523008046954,0.7397551993430534,0.6907769687367448,0.7030729430215074,0.6800786288642574,0.6787893719178884,0.710579306435721,0.6958131138266509,0.7373774898461292,0.7087384329878467,0.7199603957693286,0.7241273106386598,0.7163888752835581,0.6894316465659864,0.7016067564333972,0.7304252371792679,0.7196673146141999,0.6667526225564534,0.7026977615236213,0.6385423533678414,0.7373774898461292,0.7165083009480383,0.6856318760547664,0.728807573181907,0.6975753973184773,0.7070620406586935,0.7147883954168889,4.162894725315987,26.826516187864826,4.877548397793604
485337,Guessand,CRY,MID,5.5,0.0,a,,,,,,909.0,9.0,44.0,4.356435643564357,0.1544554455445544,0.0841584158415841,0.2386138613861386,1.4336633663366338,0.0,14.15841584158416,0.0,0.0,6.2,31.0,21.0,0.0,0.0,8.217821782178218,0.0,True,21.0,7.0,CRY,1.005896569211488,10.1,0.15309627068303805,0.1010620715963191,15.855187747462898,0.08837052869611814,0.0,0.01869468347205445,3.0,172.0,3.0,1.0,0.5274908905637588,,0.8959119431953377,0.5274908905637588,49.24955262186792,1.0,2.48892045414985,2.2503368386670815,2.4042871008170477,2.4944654921455056,2.3995004855404374,2.409227066617574,2.39065212155457,2.320831390127306,2.5388780956815826,2.326756711887052,2.5096056729451846,2.4944654921455056,2.4586388134570742,2.4395926611223584,2.312698931132126,2.4408857272925153,2.143085920572923,2.4797110321723452,2.3962107194262714,2.2925137562431597,2.3708302395484186,2.3443786317016815,2.5096056729451846,2.4944654921455056,2.3950152065948007,2.3086049040259558,2.4278149112102843,2.1816623305373706,2.4200415890156926,2.5096056729451846,2.386742802586611,2.280386188577929,2.35757243328132,2.3686377289494756,2.474576833878497,2.3257336035725293,2.4984555421297947,2.446007864717681,14.446737437937497,91.0914021320614,16.562073114920256
172649,Henderson,CRY,GKP,5.0,3.2,a,,,,,,3330.0,37.0,131.0,3.5405405405405403,0.0,0.0029729729729729,0.0029729729729729,1.3891891891891892,7.0,14.54054054054054,0.1351351351351351,2.864864864864865,5.1,31.0,,,,,,True,37.0,37.0,CRY,1.005896569211488,37.0,3.418073061311657e-05,0.0027396031383802107,14.452000744595004,0.1231622749612163,2.826928469043985,0.0,1.0,61.0,1.0,1.0,0.8982312988437519,1.0,0.8982312988437519,0.8982312988437519,70.06204130981264,1.0,3.488770477450507,2.6394215555546934,3.4225184075568564,3.0884340512802746,3.3588234382034865,2.971677399985864,3.3785572013281646,3.090483710846425,3.601432592877757,2.77209532910182,3.547255607299479,3.0884340512802746,3.299695004859399,3.4221723006510105,2.7743298209093705,3.6024161413326916,2.713005053450554,2.7227927917782218,3.208109379579438,2.6785923283562254,3.2768440791625046,3.0028903151685644,3.547255607299479,3.0884340512802746,2.948806898445598,3.3373029671463934,3.1264824154051944,3.2030090466218537,3.0283298784865,3.547255607299479,2.9769658800012104,3.149389219780911,3.173362512763104,2.927094618786275,3.497454741852434,2.807977555788445,3.1956932462515475,2.9248962917988237,18.969645330031682,119.62846157702111,23.925692315404223
121709,Benitez,CRY,GKP,4.5,0.1,a,,,,,,90.0,1.0,7.0,7.0,0.0,0.0,0.0,1.12,0.0,29.0,0.0,3.0,3.9,31.0,,,,,,True,1.0,1.0,CRY,1.005896569211488,1.0,0.00017090365306558279,0.0014757934696791309,15.704448167419464,0.06025581925052621,2.6901979007754813,0.0,3.0,149.0,3.0,1.0,0.021541525312867925,3.0,0.021541525312867925,0.021541525312867925,1.680238974403698,1.0,0.085506871127797,0.06477270636011347,0.08387549058013613,0.07594270690548036,0.08229620546421489,0.07306958050594252,0.0827868959035021,0.07600786075094282,0.08828078675986811,0.06811423378680175,0.08694849174131221,0.07594270690548036,0.0808199311347767,0.0838638711656182,0.06817144264966563,0.08831329402663705,0.06664672274324684,0.0668625736899831,0.07853547082844736,0.06576382974305316,0.08025776146491834,0.07384639783396557,0.08694849174131221,0.07594270690548036,0.07250500371044105,0.08176931052110048,0.07688450579221554,0.07842679267448081,0.07446782420308032,0.08694849174131221,0.07320226056794084,0.07706810211172863,0.07766551848337708,0.07196957288366293,0.08572259774704188,0.06901149123491108,0.07821445018946635,0.07190840628486504,0.4654635609436844,2.9352813588643194,0.6522847464142932
247348,Muñoz,CRY,DEF,5.5,10.8,a,,,,,,2400.0,29.0,136.0,5.1,0.091875,0.14775,0.239625,1.2855,9.0,17.5875,0.2625,0.0,5.9,31.0,29.0,9.0,0.3103448275862069,8.85,0.6749999999999999,True,29.0,26.0,CRY,1.005896569211488,26.666666666666668,0.08342207133783858,0.1261822445059899,16.81640605568116,0.24566758302972672,0.0,0.3005777236391918,1.0,43.0,0.0,0.0,0.505158216416606,,0.5841055848376586,0.505158216416606,41.139182985758424,1.0,2.4583652772098437,1.7045712892869573,2.347528234071462,2.2810110258668335,2.290888736176853,2.1307607944611164,2.3016717812918763,2.1647891451611607,2.5792629504770135,1.8979650305594842,2.518114513975955,2.2810110258668335,2.2792026861716517,2.3711725102321988,1.8906330935775293,2.513511340962183,1.7142528057859159,1.9517697433827863,2.1515304662892283,1.778008648935346,2.199125223540248,2.112118324308925,2.518114513975955,2.2810110258668335,2.1022487925231657,2.210771112909799,2.2647065205351264,2.001513482491646,2.1837056984098755,2.518114513975955,2.11984608465486,2.0140019392502753,2.0908449360511736,2.0661781416951372,2.4555092802714555,1.931506291198373,2.2084350165712303,2.116737300219103,13.213125357073066,83.00050929819135,15.091001690580244
427623,Richards,CRY,DEF,5.0,0.8,a,,,,,,2825.0,31.0,128.0,4.07787610619469,0.0770973451327433,0.0496991150442477,0.1267964601769911,1.312247787610619,5.0,14.431858407079648,0.127433628318584,0.0,4.4,31.0,33.0,16.0,0.4848484848484848,10.290265486725664,1.0194690265486726,True,33.0,31.0,CRY,1.005896569211488,31.38888888888889,0.07265919959775916,0.050631481765497394,14.39412888398455,0.14005158224337014,0.0,0.4492364186505567,1.0,90.0,1.0,1.0,0.7501915847712606,,0.8028231637186289,0.7501915847712606,59.67283834900043,1.0,3.5328196024852008,2.4654440930537547,3.3945338241018956,3.255453746381462,3.3085446768773874,3.0570040940451535,3.328805123539401,3.144504334301144,3.700887028732385,2.7313288210796283,3.6174619490341033,3.255453746381462,3.2668807523005676,3.417109365546204,2.725523356077339,3.638040486824138,2.520985582057768,2.754830949925652,3.0941845429722874,2.5612136760940563,3.1777980491531417,3.053776500259615,3.6174619490341033,3.255453746381462,3.018626636825063,3.220581617724545,3.256687118632562,2.9471829487077157,3.134471414371359,3.6174619490341033,3.049013748134068,2.9276145100584645,3.015755721018321,2.9733945950489904,3.5341468080565526,2.783120645090647,3.1417204112843753,3.0209505625701762,19.013800036944854,119.51622868319627,23.903245736639256
651426,Canvot,CRY,DEF,5.0,0.5,a,,,,,,1331.0,14.0,72.0,4.868519909842224,0.1000751314800901,0.0223140495867768,0.122389181066867,1.6120210368144252,9.0,14.605559729526671,0.2028549962434259,0.0,4.5,31.0,20.0,10.0,0.5,11.427498121712995,1.35236664162284,True,20.0,14.0,CRY,1.005896569211488,14.78888888888889,0.0843378169546837,0.033539055513743754,14.479369524000596,0.1981876445893453,0.0,0.44308539720660434,3.0,180.0,3.0,1.0,0.6345680278657718,,0.792462764707877,0.6345680278657718,52.969990384056516,1.0,3.1844287502674664,2.2617192240317356,3.0631057926987952,2.948468478255635,2.9896892481779225,2.7755009897858867,3.0065642842066413,2.846531337610155,3.329457199694762,2.49330186304267,3.2572878736190067,2.948468478255635,2.95670204968344,3.0838483411928457,2.4877783665733486,3.271721789248774,2.3056163271111116,2.5192981209417455,2.80672943888531,2.345767448840822,2.8770320824218016,2.7700768097213437,3.2572878736190067,2.948468478255635,2.7421162513032167,2.910866754810108,2.946706666584353,2.6723163991085044,2.842117602017333,3.2572878736190067,2.7677512176052246,2.659635529827732,2.7381341315828713,2.7023655273498433,3.184928379456822,2.5377017009234746,2.8515503245652707,2.7461728231422033,17.222912483217442,108.29450182803748,21.658900365607497
244723,Mitchell,CRY,DEF,4.5,6.7,a,,,,,,3253.0,36.0,135.0,3.735013833384568,0.0439901629265293,0.0699969259145404,0.1139870888410697,1.3772517675991391,8.0,13.778051029818627,0.1660006148170919,0.0,5.0,31.0,38.0,13.0,0.3421052631578947,8.106363356901321,0.7193359975407316,True,38.0,35.0,CRY,1.005896569211488,36.144444444444446,0.046029917587227825,0.06715041602282619,13.862871103379113,0.17027003751642267,0.0,0.3300050074402662,3.0,180.0,3.0,1.0,0.8170015510256196,,0.8959489194466722,0.8170015510256196,65.46296308526149,1.0,3.5463122617187373,2.3976111682075,3.4051279434873343,3.237647846889818,3.310377822262648,3.0299113478365873,3.3341538930615435,3.1397957398482,3.725663153007012,2.680920327391163,3.637284800232321,3.237647846889818,3.255535434370968,3.425041449853073,2.676515983206986,3.6701861647352425,2.4744516785841673,2.6849335907301213,3.073030402516054,2.4975208546408374,3.169465247431924,3.0357368246078456,3.637284800232321,3.237647846889818,2.989418655928169,3.2259905688677453,3.2487083310862004,2.9411294747611856,3.1142538898686767,3.637284800232321,3.024310844568199,2.905119748540092,2.9916614423872585,2.9430923683277763,3.5498801210694255,2.7384335054593123,3.110915190043999,2.984609722314254,18.926988390402624,118.92461309208666,26.42769179824148
218364,Sosa,CRY,DEF,4.5,0.0,a,,,,,,99.0,0.0,6.0,5.454545454545454,0.0363636363636363,0.0636363636363636,0.1,0.8181818181818181,0.0,8.181818181818182,0.9090909090909092,0.0,4.8,31.0,7.0,0.0,0.0,9.09090909090909,0.0,True,7.0,0.0,CRY,1.005896569211488,1.1,0.05296320216612497,0.05541953950999817,13.513048710287206,0.27653584743925197,0.0,0.11694002518243941,3.0,120.0,2.0,0.6666666666666666,0.427597652888247,,0.6118081792040365,0.427597652888247,37.40524850423064,1.0,1.7892905599744062,1.1663008835336828,1.7117991681965874,1.624884357758588,1.6611727759328774,1.5114486682052388,1.673609252953402,1.5679861665464392,1.8859905826710712,1.321609362172484,1.838227845354994,1.624884357758588,1.6334921427788514,1.7233796371521912,1.3189060743287886,1.8537336891164915,1.2057451446185838,1.3272358834158484,1.5342277077066204,1.2215078827120411,1.5851681051380058,1.5129140428616579,1.838227845354994,1.624884357758588,1.4893653579622002,1.6136927357761537,1.629022808426062,1.4580415557008772,1.5569212965152903,1.838227845354994,1.5078735854926497,1.4412361569416288,1.4896227340054584,1.4638330691602515,1.7907847641687713,1.3526376322133669,1.5571530886834815,1.4880607680778035,9.46489641360138,59.43309989248,13.207355531662223
515621,Chadi Riad,CRY,DEF,4.5,0.1,a,,,,,,550.0,6.0,20.0,3.272727272727273,0.054,0.0212727272727272,0.0752727272727272,1.4874545454545456,0.0,13.745454545454546,0.3272727272727272,0.0,4.0,31.0,9.0,1.0,0.1111111111111111,7.363636363636364,0.3272727272727272,True,9.0,6.0,CRY,1.005896569211488,6.111111111111111,0.05470619100319398,0.039991025872983046,14.029281018681276,0.24919910161633643,0.0,0.1680146884914475,1.0,61.0,1.0,1.0,0.4750678781100754,,0.554015246531128,0.4750678781100754,38.79213659784904,1.0,1.895485755266112,1.225334660020067,1.8142139458246722,1.714318562640837,1.758721927413175,1.593947631218509,1.7728301339802268,1.6600679320804206,1.9997454886060722,1.3904818692944059,1.9484564099211086,1.714318562640837,1.7254691622066811,1.8252551646197928,1.3881576437082819,1.968978399898843,1.272574865484959,1.3899545642584683,1.6195007506152237,1.2833013947546683,1.6765655254274716,1.5985613632884723,1.9484564099211086,1.714318562640837,1.5704350703941383,1.7108663538080389,1.7220251975069631,1.5460157878365148,1.6432610070464453,1.9484564099211086,1.5910739226822197,1.523054235438186,1.572442897362672,1.5437200313146953,1.8978363100106688,1.4242999142377524,1.639860178924847,1.5666685053982705,10.002022482383373,62.79903250761377,13.955340557247503
242313,Mingueza,CRY,DEF,4.5,0.1,a,,,,,,,,,,,,,,,,,,,,,,,,,False,,,,1.0099370333055604,0.0,0.052258507648176945,0.05509413869661508,13.898292529908215,0.1938678353755275,0.0,0.22937728466051902,2.0,122.0,2.0,1.0,0.5779533194608278,,0.5779533194608278,0.5779533194608278,45.08035891794457,1.0,2.2860166940790343,1.4817870141148792,2.187463355112416,2.068835226954478,2.120849611087159,1.9236445664692332,2.1376572117830013,2.0016320382211137,2.4118190676649234,1.6795163959783066,2.349865712975586,2.068835226954478,2.08173629427969,2.201139066015601,1.6765394399853975,2.3737183829911914,1.53630560200863,1.6811662829578893,1.9540424281082354,1.5513651746103765,2.0220326089305507,1.9283025863367524,2.349865712975586,2.068835226954478,1.8953354681240953,2.0623468221504044,2.0772193311354945,1.8632800061250703,1.9827912847231182,2.349865712975586,1.9199070587016154,1.837136932264694,1.89723314084633,1.863039887695038,2.288667834989982,1.7198309458974124,1.9797544817295,1.8915240787120675,12.068596467817201,75.77090391361939,16.837978647470976
232185,Sarr,CRY,MID,6.5,6.2,a,,,2.0,,,2173.0,24.0,117.0,4.845835250805338,0.4526921306948918,0.0484583525080533,0.5011504832029452,1.2942936033133916,9.0,14.868844914864242,0.082834790612057,0.0,6.4,31.0,28.0,0.0,0.0,5.674183156925909,0.0,True,28.0,22.0,CRY,1.005896569211488,24.144444444444446,0.37770267021868953,0.06686142918437735,15.647459675291067,0.11197911899273288,0.0,0.014845778051337364,1.0,77.0,1.0,1.0,0.6276788617616416,,0.7855735986037469,0.6276788617616416,52.43263542793436,1.0,3.171987039555917,2.7771217560946746,3.006369591907035,3.218752052729436,3.0068387065084425,3.0580305594917685,2.985151846641958,2.8568071521101497,3.258232626882703,2.9157458429266048,3.2057776025165907,3.218752052729436,3.139910976536942,3.0799694181581825,2.8861267744419234,3.053961486920138,2.5421853932148513,3.241856047592196,3.025630514002973,2.8587840313817026,2.9608688262390332,2.9184409303285834,3.2057776025165907,3.218752052729436,3.03175372895451,2.8210662651494007,3.0744971544369335,2.579578072546011,3.0723658672212326,3.2057776025165907,3.010431795729682,2.7948415657749726,2.951308739736577,2.9799798197831335,3.140721216955068,2.9082173516485312,3.240820960656294,3.14145331688101,18.239099706287274,114.76464434214725,17.656099129561117
496221,Wharton,CRY,MID,5.5,0.6,a,,100.0,,1.0,,2552.0,29.0,112.0,3.949843260188088,0.0536050156739811,0.2634404388714733,0.3170454545454546,1.3782131661442003,8.0,18.021159874608152,0.1410658307210031,0.0,5.0,31.0,34.0,9.0,0.2647058823529412,10.685736677115989,0.6347962382445141,True,34.0,28.0,CRY,1.005896569211488,28.355555555555554,0.07512036214629242,0.23240529175745833,18.01592323979739,0.15402065747126414,0.0,0.23761891134363677,1.0,61.0,1.0,1.0,0.6648056258403114,,0.8227003626824168,0.6648056258403114,55.328523026070606,1.0,3.120041735076011,2.8358502354870523,3.0230281585427234,3.1210579152586013,3.016078864543434,3.0224467310617675,3.006586169838093,2.9253199549187925,3.179019446482308,2.925072615077142,3.1447472216314396,3.1210579152586013,3.0812889066262357,3.0628275036137,2.909272133691163,3.068553027782547,2.7166365603335056,3.0964168415457656,3.00855654382825,2.8843266188783807,2.9817078517531077,2.949998916108816,3.1447472216314396,3.1210579152586013,3.00592784883684,2.913061735575902,3.0467136437769624,2.7665204925862406,3.0358583669525294,3.1447472216314396,2.9972086898778163,2.8764038093132416,2.964074597961939,2.97571509763745,3.1040752848456186,2.9247215542565566,3.1235112130405915,3.06290580215857,18.13850363996959,114.40714236267915,20.80129861139621
488024,Yeremy,CRY,MID,5.5,0.2,a,,,,2.0,1.0,2074.0,26.0,77.0,3.3413693346190936,0.1965766634522661,0.2655737704918033,0.4621504339440694,1.3022661523625845,3.0,14.363548698167792,0.1735776277724204,0.0,5.8,31.0,34.0,1.0,0.0294117647058823,7.246865959498553,0.0867888138862102,True,34.0,19.0,CRY,1.005896569211488,23.044444444444444,0.18492978702314564,0.2286793538405168,15.299964509884415,0.18037064826269733,0.0,0.037618911343636714,,,,,0.45687913906494837,,0.8516159811702115,0.45687913906494837,44.32078337338176,1.0,2.5176185330280934,2.2499385802514507,2.408612993217228,2.5445138426440312,2.4078579325244416,2.438073114131689,2.3940569701689753,2.308687280835249,2.575628851674656,2.3423588470930596,2.540582038591486,2.5445138426440312,2.4935669623185133,2.4565667853670625,2.3230924400909005,2.4425355715015353,2.09801924026317,2.554098739435882,2.4174975318801266,2.3037812002842415,2.3765055305963116,2.347570864953518,2.540582038591486,2.5445138426440312,2.4206123951126655,2.286441341398456,2.451064177969795,2.126750639101215,2.4482467093745317,2.540582038591486,2.4071340512830606,2.2660447559640335,2.368441284936277,2.386552922002024,2.497385880122291,2.338001483976911,2.557496680964144,2.4917419507479908,14.566614995796932,91.75726988627608,16.683139979322924
108413,Hughes,CRY,MID,4.5,11.1,a,,,,3.0,,1560.0,19.0,45.0,2.5961538461538463,0.0640384615384615,0.1119230769230769,0.1759615384615384,1.4625,0.0,12.51923076923077,0.4038461538461538,0.0,4.7,31.0,31.0,0.0,0.0,8.538461538461538,0.0,True,31.0,13.0,CRY,1.005896569211488,17.333333333333332,0.09162009865906534,0.11523250641684378,14.249167035358358,0.33945420668683174,0.0,0.013642066317445143,3.0,149.0,3.0,1.0,0.5503179707987669,,0.98,0.5503179707987669,52.377806364730944,1.0,2.2810993053122726,2.0624888889103214,2.210526036275363,2.275917343074801,2.203849053390169,2.2031794635632704,2.1976642808331994,2.1371803935236535,2.3259016840850038,2.129194877069017,2.3001741528453783,2.275917343074801,2.2484268128355733,2.23873463606931,2.1180485175949566,2.2476048584106776,1.979897499535539,2.2494225388569093,2.1942172666033497,2.0978973305871986,2.1771747268116397,2.1525687842341736,2.3001741528453783,2.275917343074801,2.190909747899911,2.13021102835126,2.2241148079594604,2.0224670117718286,2.214061507806839,2.3001741528453783,2.185413347902648,2.098763335720825,2.16164605258778,2.1689570217088168,2.2700114915103446,2.1298506378032593,2.2753508090441756,2.2307244284745953,13.237060090526196,83.4858326708039,18.552407260178644
152551,Lerma,CRY,MID,5.0,0.1,a,,,,,,1722.0,18.0,69.0,3.606271777003484,0.0961672473867596,0.0773519163763066,0.1735191637630662,1.3123693379790942,3.0,15.470383275261325,0.3658536585365853,0.0,4.9,31.0,31.0,4.0,0.1290322580645161,11.498257839721257,0.4181184668989547,True,31.0,16.0,CRY,1.005896569211488,19.133333333333333,0.11244628376030674,0.09063477257592295,16.215438509671195,0.31693513155035885,0.0,0.12175017442555323,1.0,30.0,0.0,0.0,0.3162005166477944,,0.7109373587530576,0.3162005166477944,33.34785082484376,1.0,1.7164820780048289,1.5822952648535549,1.6709145199800624,1.7166096678216918,1.6675546388278157,1.6702325047452744,1.6631384616628866,1.624886798064368,1.7442962131381214,1.6243096140089817,1.7281514406589034,1.7166096678216918,1.6980150820578885,1.6895644615577792,1.6169086249022782,1.6925316486997102,1.5265442684430977,1.7045295606053366,1.6637757107690263,1.605073263024421,1.6513117908223713,1.636327114543208,1.7281514406589034,1.7166096678216918,1.6624585996308399,1.6192441265000526,1.6818245944193593,1.5503458635177851,1.6765984711194124,1.7281514406589034,1.6584131759707834,1.6017434438403413,1.6428698624455254,1.648269104908991,1.709013721411465,1.6241985329552322,1.7176231238113382,1.6891247815944426,10.02408867423323,63.26470234627836,12.652940469255672
209400,Kamada,CRY,MID,5.0,0.3,a,,,,4.0,,1899.0,22.0,67.0,3.1753554502369665,0.0777251184834123,0.1535545023696682,0.2312796208530805,1.234123222748815,0.0,15.687203791469193,0.1421800947867298,0.0,5.0,31.0,28.0,5.0,0.1785714285714285,9.857819905213267,0.4739336492890995,True,28.0,20.0,CRY,1.005896569211488,21.1,0.09797396905027453,0.1449904981406658,16.322298908215753,0.15805864499655453,0.0,0.16190460158074904,1.0,90.0,1.0,1.0,0.559565728088978,,0.7700920438784516,0.559565728088978,48.2777057383087,1.0,2.5021723358677255,2.275534334926002,2.4278662940459,2.4984793065747994,2.4213189976209084,2.4221926307170363,2.4145924944985864,2.351316253123364,2.5487791090561425,2.3452324575660906,2.5219277816731096,2.4984793065747994,2.4691060642514664,2.4577883537670155,2.3333929800889273,2.4657267970756074,2.187344362242369,2.4731346699635286,2.4124162793288493,2.3127727522418358,2.3937313052345046,2.368282144463871,2.5219277816731096,2.4984793065747994,2.409349251973445,2.3433982603439376,2.443258026817403,2.2302952985466,2.4333150915005013,2.5219277816731096,2.4033101165823845,2.3117106428065775,2.3781855692890104,2.386227725387822,2.490341120251322,2.345651612694304,2.4985828719467174,2.4517564456126704,14.54756389975237,91.76930391457616,18.35386078291523
489706,Devenny,CRY,MID,5.0,0.0,a,,,3.0,,2.0,785.0,7.0,36.0,4.127388535031847,0.2728662420382166,0.0447133757961783,0.3175796178343949,1.6864968152866244,0.0,12.382165605095542,0.0,0.0,4.3,31.0,21.0,1.0,0.0476190476190476,8.254777070063694,0.2292993630573248,True,21.0,7.0,CRY,1.005896569211488,8.722222222222221,0.21474672753665716,0.08188047483747762,15.068505541938244,0.09565155564516706,0.0,0.055731720509091476,2.0,90.0,2.0,1.0,0.4832408602916635,,0.8516619129232424,0.4832408602916635,45.79805026064449,1.0,2.4938633300483106,2.2464137868230063,2.399436372292687,2.5093970041060407,2.3966557618246247,2.415877337786766,2.3856457157695563,2.309902032992094,2.5466049245100906,2.3288346367792134,2.5152015949415176,2.5093970041060407,2.4671518125080896,2.4400014607755596,2.312601058771386,2.434016786075292,2.1202301510936525,2.5064626346851644,2.3995515302727757,2.293244138544983,2.3673054263640783,2.3402223545990157,2.5152015949415176,2.5093970041060407,2.4004201728185435,2.2931857270775695,2.4314349808575058,2.153355488599436,2.426166389969461,2.5152015949415176,2.3898543764597644,2.269248084107383,2.356777514211597,2.3709496644268753,2.477027829320094,2.3262548398610914,2.5175603001965907,2.4598935540718028,14.461643592881435,91.14994597163674,18.22998919432735
606921,Esse,CRY,MID,5.0,0.0,a,,,,,,40.0,0.0,4.0,8.0,0.0,0.08,0.08,3.48,0.0,24.0,0.0,0.0,4.7,31.0,4.0,0.0,0.0,11.25,0.0,True,4.0,0.0,CRY,1.005896569211488,0.4444444444444444,0.14341292755614346,0.12017120346105771,18.31329057975929,0.18941525163944264,0.0,0.050475645374547025,2.0,90.0,2.0,1.0,0.46917594540462276,,0.5744391032993597,0.46917594540462276,38.91151321524479,1.0,1.9721791273843718,1.77152172095804,1.9036584798229517,1.972930232351579,1.8987593376646577,1.9032868457454346,1.8920505885801413,1.834659996715826,2.0138243574684935,1.8345293002457528,1.9896223863849254,1.972930232351579,1.944833282872515,1.9317729326057516,1.8233674663623127,1.9357903452926826,1.687297864204483,1.9555745580290103,1.8934697732375445,1.8057597584907281,1.874492524628846,1.8521051923931642,1.9896223863849254,1.972930232351579,1.891620992043202,1.8259910410694127,1.9204080543101887,1.7224954582715104,1.9127531332375234,1.9896223863849254,1.88545788259929,1.800126511378763,1.862053391666481,1.870281593539746,1.9608990591827402,1.8342762100907137,1.9746762491000724,1.9318737088928934,11.422335743927034,72.00950459429477,14.401900918858953
536694,M.França,CRY,MID,5.0,0.0,a,,,,,,0.0,0.0,0.0,0.0,0.0,0.0,0.0,0.0,0.0,0.0,0.0,0.0,4.5,31.0,,,,,,False,,,CRY,1.005896569211488,0.0,0.12874827856853127,0.11056911278528116,17.390485450822368,0.20778653317403828,0.0,0.0906479839263559,3.0,133.0,2.0,0.6666666666666666,0.44967912679584626,,0.44967912679584626,0.44967912679584626,35.07497189007601,1.0,1.6976506173585324,1.5194633945732157,1.6402436841445653,1.6932552116035424,1.6347630234629253,1.6340569960040803,1.6297540339067724,1.5805126033659727,1.7341523270619854,1.5737793325976845,1.713200368715571,1.6932552116035424,1.6709372041253556,1.6631669781534653,1.5647230529656413,1.6705255436414603,1.4524062107943199,1.6714425470549197,1.6268015755070215,1.548270323864948,1.613014278969293,1.5929520475375547,1.713200368715571,1.6932552116035424,1.6240686534026565,1.5749027454713087,1.6511864766342683,1.4872249985898545,1.6429431149528966,1.713200368715571,1.6196234360475306,1.5491765258387542,1.6003004667439111,1.6062122702095436,1.6886474171580146,1.5743404823729774,1.692722815665617,1.656405661847654,9.819432927146861,61.90573758098205,12.38114751619641
438464,Doucouré,CRY,MID,5.0,0.1,a,,,,,,0.0,0.0,0.0,0.0,0.0,0.0,0.0,0.0,0.0,0.0,0.0,0.0,4.9,31.0,,,,,,False,,,CRY,1.005896569211488,0.0,0.12874827856853127,0.11056911278528116,17.390485450822368,0.20778653317403828,0.0,0.0906479839263559,3.0,120.0,2.0,0.6666666666666666,0.44967912679584626,,0.44967912679584626,0.44967912679584626,35.07497189007601,1.0,1.6976506173585324,1.5194633945732157,1.6402436841445653,1.6932552116035424,1.6347630234629253,1.6340569960040803,1.6297540339067724,1.5805126033659727,1.7341523270619854,1.5737793325976845,1.713200368715571,1.6932552116035424,1.6709372041253556,1.6631669781534653,1.5647230529656413,1.6705255436414603,1.4524062107943199,1.6714425470549197,1.6268015755070215,1.548270323864948,1.613014278969293,1.5929520475375547,1.713200368715571,1.6932552116035424,1.6240686534026565,1.5749027454713087,1.6511864766342683,1.4872249985898545,1.6429431149528966,1.713200368715571,1.6196234360475306,1.5491765258387542,1.6003004667439111,1.6062122702095436,1.6886474171580146,1.5743404823729774,1.692722815665617,1.656405661847654,9.819432927146861,61.90573758098205,12.38114751619641
450542,J.Rak-Sakyi,CRY,MID,5.0,0.0,a,,,,,,0.0,0.0,0.0,0.0,0.0,0.0,0.0,0.0,0.0,0.0,0.0,0.0,4.4,31.0,,,,,,False,,,CRY,1.005896569211488,0.0,0.12874827856853127,0.11056911278528116,17.390485450822368,0.20778653317403828,0.0,0.0906479839263559,2.0,90.0,2.0,1.0,0.5186817831965301,,0.5186817831965301,0.5186817831965301,40.45717908932935,1.0,1.9581528182783052,1.7526230061305312,1.8919368684755413,1.9530829434297323,1.885615207793393,1.8848008413718316,1.8798375955357136,1.8230401337944095,2.000255666177013,1.8152736516947716,1.9760886580394268,1.9530829434297323,1.9273402677608327,1.9183777110781208,1.8048276981497515,1.9268654385300885,1.6752759878101415,1.9279231548823668,1.8764320863707495,1.7858503199262978,1.8605291477473715,1.837388393921278,1.9760886580394268,1.9530829434297323,1.8732798010500369,1.816569450760895,1.9045588177355648,1.7154376717006385,1.8950505233059483,1.9760886580394268,1.868152471078371,1.7868955773725557,1.8458644181583532,1.852683379904056,1.9477680891320936,1.8159209091473538,1.9524688520521374,1.9105788798909975,11.326211685479334,71.40508964112499,14.281017928224998
590014,Cardines,CRY,DEF,4.5,0.0,u,Has joined Bristol City on loan for the rest of the season,0.0,,,,90.0,1.0,2.0,2.0,0.02,0.16,0.18,2.53,0.0,21.0,0.0,0.0,4.4,31.0,1.0,0.0,0.0,7.0,0.0,True,1.0,1.0,CRY,1.005896569211488,1.0,0.05132945996797081,0.06603531217122038,14.996527029290394,0.16849735685524359,0.0,0.2171743324816732,2.0,70.0,1.0,0.5,0.3982584981425411,,0.3982584981425411,0.3982584981425411,31.064162855118205,0.0,0.0,0.0,0.0,0.0,0.0,0.0,0.0,0.0,0.0,0.0,0.0,0.0,0.0,0.0,0.0,0.0,0.0,0.0,0.0,0.0,0.0,0.0,0.0,0.0,0.0,0.0,0.0,0.0,0.0,0.0,0.0,0.0,0.0,0.0,0.0,0.0,0.0,0.0,0.0,0.0,0.0
672492,Drakes-Thomas,CRY,MID,4.5,0.1,a,,,,,,7.0,0.0,2.0,4.0,0.0,0.0,0.0,1.46,0.0,12.0,0.0,0.0,4.5,31.0,2.0,0.0,0.0,38.57142857142857,0.0,True,2.0,0.0,CRY,1.005896569211488,0.07777777777777778,0.14992273032003992,0.12122436675433818,17.9396160118529,0.19801319291055902,0.0,0.06309455671818379,2.0,90.0,2.0,1.0,0.47145420722656417,,0.5240857861739325,0.47145420722656417,37.93132290051411,1.0,1.9154167550553005,1.7135611239370485,1.8464324357850317,1.916252536956541,1.8415219405517227,1.846151355978851,1.834758105429159,1.776997521986057,1.9573182724554274,1.7769708659843715,1.9329632285191654,1.916252536956541,1.8879461051206714,1.874747133527204,1.765728825678929,1.8787284837229803,1.6287117966532028,1.898894611844063,1.8362524969522145,1.7480289118300123,1.817113376955004,1.7945952402280672,1.9329632285191654,1.916252536956541,1.8344099606565694,1.768243719307408,1.863344301732971,1.6640631371711587,1.8556665695395635,1.9329632285191654,1.8281937683276093,1.742268429384073,1.8046263804129412,1.8129258143624,1.9040532704081499,1.7767038153631862,1.918041974351794,1.8749570328550058,11.079336148264495,69.83502082997529,15.518893517772288
247412,Strand Larsen,CRY,FWD,6.0,0.6,a,,,,,,2301.0,26.0,75.0,2.9335071707953064,0.2073011734028683,0.0438070404172099,0.2511082138200782,1.4092568448500653,3.0,8.409387222946545,0.1564537157757496,0.0,5.8,31.0,36.0,0.0,0.0,3.715775749674055,0.0,True,36.0,23.0,CRY,1.005896569211488,25.566666666666666,0.25470328322596203,0.04724214086966927,11.05711672952393,0.16537329936943784,0.0,0.0001713267543859649,1.0,61.0,1.0,1.0,0.6006029428472998,,0.9427082060051946,0.6006029428472998,54.373345331563065,1.0,2.336507088256718,2.187233764045859,2.249190434340791,2.390539763084966,2.2574834603406555,2.3107777282628033,2.2424737686549503,2.1815860399673705,2.372557763264394,2.2513861170399765,2.3488514364162962,2.390539763084966,2.341830160041756,2.291683625414477,2.234044707850258,2.254627735134091,2.0428728681293573,2.4452370053622112,2.2880282971500736,2.2295735929547873,2.241537090787197,2.226804035954759,2.3488514364162962,2.390539763084966,2.2981789591646353,2.1530781467886437,2.3031750227725296,2.03142425298898,2.3127508113543267,2.3488514364162962,2.2827382263474854,2.1629703789041845,2.249898654192019,2.270754914360435,2.3174079980752125,2.242896429242504,2.4138401268504954,2.3641233784528883,13.731732238331793,86.60684618095063,14.434474363491772
231747,Mateta,CRY,FWD,6.5,6.1,a,,,1.0,,,2210.0,25.0,114.0,4.642533936651583,0.5872398190045248,0.0537556561085972,0.6409954751131222,1.2938009049773755,13.0,16.167420814479637,0.0814479638009049,0.0,7.6,31.0,32.0,0.0,0.0,5.090497737556561,0.0,True,32.0,23.0,CRY,1.005896569211488,24.555555555555557,0.5427503817834919,0.05485273295811287,16.99097257334191,0.10907601958876169,0.0,0.00018936114958448752,,,,,0.5061830870984131,,0.7430251923615709,0.5061830870984131,44.69280710946569,1.0,2.725217810698649,2.4782929520068167,2.580780400038603,2.8145975486206107,2.5944985528563937,2.6826568332814484,2.5696698299878307,2.468950603148548,2.784852094848715,2.5844124531404864,2.7456375771978583,2.8145975486206107,2.7340231264191597,2.651071761584309,2.5557266511974683,2.589774671032086,2.239494131030233,2.9050766003302337,2.6450251928491935,2.548330625018006,2.5681203967494572,2.543749280866354,2.7456375771978583,2.8145975486206107,2.6618162089053095,2.421793433359688,2.6700805944337787,2.220556067644161,2.685920666696677,2.7456375771978583,2.6362744666742093,2.4381569599990915,2.5819519227310317,2.616451918776216,2.693624489057676,2.570368986427255,2.8531405305009137,2.77090010919593,15.876044097502522,99.95146569894135,15.3771485690679
205533,Nketiah,CRY,FWD,5.5,0.5,a,,,,,,414.0,2.0,23.0,5.0,0.3847826086956522,0.1,0.4847826086956522,2.06304347826087,3.0,21.73913043478261,0.4347826086956522,0.0,5.4,31.0,12.0,0.0,0.0,8.260869565217392,0.0,True,12.0,2.0,CRY,1.005896569211488,4.6,0.3983762069009095,0.07347311072951579,20.3294088535201,0.2818278107540317,0.0,0.0003997624269005847,3.0,133.0,2.0,0.6666666666666666,0.36731644660218427,,0.6304743413390264,0.36731644660218427,34.440156519180896,1.0,1.9577510935507254,1.8099694661430616,1.87130699991441,2.0112438167919398,1.8795171532346568,1.932278848511904,1.8646574542500787,1.804378180091914,1.993441512116426,1.8734807410317322,1.9699720839383472,2.0112438167919398,1.9630209715772202,1.913375554117327,1.8563126255285307,1.876689965452203,1.6670511768549265,2.065394466421906,1.9097567537557856,1.851886190738039,1.8637301366574337,1.849144310078342,1.9699720839383472,2.0112438167919398,1.9198059796285758,1.7761551679081364,1.9247521172892061,1.6557169683755935,1.9342322144720807,1.9699720839383472,1.904519546931049,1.7859485463865572,1.872008142484459,1.8926559848609865,1.9388428616616729,1.865075891166386,2.034311338699582,1.9850914125911685,11.462067378146697,72.23590747467293,13.133801359031441
660392,Uche,CRY,FWD,5.0,0.0,u,has returned to Getafe CF,0.0,,,,159.0,0.0,17.0,9.622641509433963,0.2773584905660377,0.0056603773584905,0.2830188679245283,2.620754716981132,0.0,23.77358490566038,0.0,0.0,5.5,31.0,14.0,0.0,0.0,7.358490566037736,0.0,True,14.0,0.0,CRY,1.005896569211488,1.7666666666666666,0.38288807579707784,0.048712750360945266,20.288452377578835,0.1588085749659521,0.0,0.00035978618421052624,,,,,0.17212609420341096,,0.5405471468349898,0.17212609420341096,21.531098505760788,0.0,0.0,0.0,0.0,0.0,0.0,0.0,0.0,0.0,0.0,0.0,0.0,0.0,0.0,0.0,0.0,0.0,0.0,0.0,0.0,0.0,0.0,0.0,0.0,0.0,0.0,0.0,0.0,0.0,0.0,0.0,0.0,0.0,0.0,0.0,0.0,0.0,0.0,0.0,0.0,0.0,0.0
433154,McNeil,CRY,MID,5.5,0.2,a,,,,,,1161.0,14.0,53.0,4.108527131782946,0.1062015503875969,0.1480620155038759,0.2542635658914728,1.4573643410852712,1.0,14.41860465116279,0.0775193798449612,0.0,5.5,11.0,22.0,2.0,0.0909090909090909,8.604651162790697,0.3100775193798449,True,22.0,12.0,EVE,0.9163869945969229,12.9,0.12349485642885115,0.1382403586551854,15.788464030099444,0.12437830475596828,0.0,0.08945558763376679,1.0,77.0,1.0,1.0,0.49113046718200704,,0.7542883619188492,0.49113046718200704,44.097650124407075,1.0,2.324739869323934,2.100331314907809,2.244612121871388,2.3307246196288367,2.24028160455093,2.2501484278640893,2.231814841150014,2.1658807009683283,2.371802282870129,2.172459373045393,2.3441870176462203,2.3307246196288367,2.2966265432205892,2.278130437949129,2.159106812947092,2.278770683365389,1.9982773035709662,2.3178192439876297,2.2376832483711824,2.1402450064733927,2.2133450507681545,2.1884926591579563,2.3441870176462203,2.3307246196288367,2.2367245536366807,2.1540633398830544,2.267339344352146,2.0340204521817515,2.2602475097065917,2.3441870176462203,2.228787491840357,2.127940245092722,2.201128311881722,2.211748128967822,2.3110944353107614,2.1713776446785293,2.3347940734347077,2.28520537821156,13.490837958146987,85.05977334736706,15.46541333588492
169593,Matthews,CRY,GKP,4.0,1.7,a,,,,,,0.0,0.0,0.0,0.0,0.0,0.0,0.0,0.0,0.0,0.0,0.0,0.0,3.9,31.0,,,,,,False,,,CRY,1.005896569211488,0.0,0.00013212214651043744,0.0011313976123006986,12.866935659988142,0.06734305438832919,2.9028711226076327,0.0,1.0,45.0,1.0,1.0,0.05556174014562343,2.0,0.05556174014562343,0.05556174014562343,4.333815731358627,1.0,0.21506662462601206,0.16310463063792002,0.2110605182950227,0.190231144599166,0.207191717558524,0.18314203807184964,0.2083927643279158,0.19040951477756296,0.2219194957746467,0.17105971788976432,0.21862402711428064,0.190231144599166,0.20358758912931818,0.21102871272624335,0.17119893240374967,0.22200960566921157,0.16755112802943323,0.16804014788289867,0.19806769977210542,0.16543841540552212,0.20223014198255285,0.1850622206297034,0.21862402711428064,0.190231144599166,0.1817548878117345,0.20591321007298125,0.19257384732381827,0.1978241646941412,0.18658895418233018,0.21862402711428064,0.18347078248333054,0.19456475943606788,0.19598446469948944,0.18044270590222594,0.21559992967375602,0.17322969528596543,0.19728813262068817,0.1802855326856106,1.1697966737884944,7.377648197602436,1.844412049400609
223723,Tomiyasu,CRY,DEF,4.5,0.3,a,,,,,,,,,,,,,,,,,,,,,,,,,False,,,,1.0099370333055604,0.0,0.052258507648176945,0.05509413869661508,13.898292529908215,0.1938678353755275,0.0,0.22937728466051902,1.0,59.0,1.0,1.0,0.45852888927947866,,0.45852888927947866,0.45852888927947866,35.76525336379934,1.0,1.8136494078592276,1.1756004003311233,1.7354604754151595,1.641344874708328,1.6826113524321067,1.5261554466968066,1.695945942301246,1.5880281059514751,1.9134568156320093,1.3324722977506869,1.864305090127014,1.641344874708328,1.651580151281647,1.7463103283693646,1.3301104801455281,1.8832290030458096,1.2188536298053099,1.3337812630575916,1.5502720963715688,1.230801392480234,1.6042132384061036,1.5298509643176548,1.864305090127014,1.641344874708328,1.5036959521604494,1.6361971907210076,1.6479965433609303,1.4782642176399776,1.573080480453479,1.864305090127014,1.5231902326775184,1.4575231746942727,1.5052015024120755,1.4780737156853887,1.8157527346440867,1.3644565171915486,1.5706711822338173,1.5006721229083932,9.574821957442753,60.114108252939616,13.35869072287547
570794,Khalaili,CRY,DEF,5.0,0.0,a,,,,,,,,,,,,,,,,,,,,,,,,,False,,,,1.0099370333055604,0.0,0.058479217467673726,0.057292558383621406,14.876423012426306,0.18645691577625517,0.0,0.2745899071385076,,,,,0.24033672039909482,,0.24033672039909482,0.24033672039909482,18.746264191129395,1.0,0.9958525003173584,0.6594809313096874,0.9537352719335084,0.9062416982690092,0.9261423121928997,0.8448289310365787,0.9329365476603272,0.8755804429311441,1.0486347808461192,0.7425386040379901,1.0225639620937828,0.9062416982690092,0.9109734972963595,0.9599744045531028,0.741075307200878,1.0312584191598622,0.6802759897304773,0.7457438395310972,0.8571739749982612,0.6889646047838694,0.884842917984993,0.8456746660985258,1.0225639620937828,0.9062416982690092,0.832893121188983,0.9004576751900686,0.908592824591349,0.8160965943425118,0.8694502057384356,1.0225639620937828,0.8429103409344992,0.80693470832266,0.8330548357969633,0.8191069099409486,0.9967067557166578,0.7591927233782008,0.8695010613724846,0.8321651545510967,5.286281645059042,33.199167835756285,6.639833567151257
128295,Nørgaard,EVE,MID,5.0,0.4,d,Lack of match fitness - 75% chance of playing,75.0,,,,101.0,1.0,7.0,6.237623762376238,0.0712871287128712,0.0356435643564356,0.1069306930693069,2.031683168316832,0.0,24.95049504950495,0.0,0.0,5.1,3.0,7.0,0.0,0.0,14.257425742574258,0.0,True,7.0,0.0,ARS,1.202714700927121,1.1222222222222222,0.1415271923784032,0.11172973767406073,18.85274158418643,0.17534176765648773,0.0,0.03882741951888233,,,,,0.20483048433325748,,0.38904101064904695,0.20483048433325748,20.02940935694145,0.75,0.7149452281748914,0.7108024724301385,0.7043733409185082,0.7665577968916322,0.7481394330965504,0.7592497159510692,0.6989343332462395,0.6801533359833611,0.7528103893039465,0.7481394330965504,0.7294746057378344,0.7074958511930846,0.7418120485661611,0.730888449264423,0.7300963575902076,0.750665803291128,0.7336182036172333,0.6891248823641066,0.7319110556586327,0.7183822482275756,0.7592497159510692,0.7244971538601421,0.724419588916632,0.7093255625292774,0.7356650968819334,0.7440673761972803,0.7279032482230642,0.7022076778091885,0.7202066090035409,0.7137108768166497,0.7418468596156611,0.7412290396202363,0.7076159922152344,0.7337090024407869,0.7481394330965504,0.7448363310213741,0.6658440473759504,0.7592497159510692,4.40406798746279,27.65129831212891,5.530259662425783
242898,Johnson,EVE,MID,6.0,0.2,a,,,,,,1710.0,19.0,65.0,3.421052631578948,0.1289473684210526,0.0689473684210526,0.1978947368421052,1.4889473684210526,2.0,11.421052631578949,0.3157894736842105,0.0,6.5,31.0,34.0,0.0,0.0,6.368421052631579,0.0,True,34.0,16.0,CRY,1.005896569211488,19.0,0.13559416664307364,0.08478605540345836,13.369588823299202,0.28146320627406435,0.0,0.012618911343636758,2.0,90.0,2.0,1.0,0.596123299348008,,0.98,0.596123299348008,54.94290476348845,1.0,2.250053862487238,2.2334683914442772,2.208880887418733,2.4510562553513835,2.3795686365971265,2.4225645513049185,2.1877507141093333,2.113853004833703,2.3979422793402914,2.3795686365971265,2.3066825126845956,2.2210924729226864,2.3545776743365954,2.312201680721626,2.3088392539129248,2.389078600046959,2.3227419121710784,2.149454109217539,2.315965393513161,2.2634423982806764,2.4225645513049185,2.287320947022978,2.286805668527344,2.2278106001897164,2.33101825452772,2.3631211430550456,2.3006070099995153,2.200172437370413,2.270504455576684,2.245074953249781,2.354786299573748,2.353052617664327,2.2215122166169885,2.3228956161298626,2.3795686365971265,2.3665949245483238,2.0583244356383594,2.4225645513049185,13.945592584603677,87.38308254618974,14.563847091031624
111234,Pickford,EVE,GKP,5.5,8.5,a,,,,,,3420.0,38.0,135.0,3.5526315789473686,0.0,0.0052631578947368,0.0052631578947368,1.48,11.0,14.342105263157896,0.1052631578947368,2.631578947368421,5.6,11.0,,,,,,True,38.0,38.0,EVE,0.9163869945969229,38.0,3.343767125196185e-05,0.004636568287545882,14.290000728408158,0.09874570376640726,2.635038719716942,0.0,1.0,90.0,1.0,1.0,0.911074972733136,1.0,0.911074972733136,0.911074972733136,71.06384787318461,1.0,2.8186238320621317,3.292035868842147,2.6945007775542846,3.574903890336091,3.0281210696245937,3.517162735379287,2.5915960017432713,3.146958995800535,3.141338482079335,3.0281210696245937,3.154003403685267,2.692211426721168,3.3835778214129943,2.964269956772265,3.3367046988839038,3.4639732004268975,3.0677197480942784,2.5487969799739565,3.3156985654136184,2.8570470624745274,3.517162735379287,2.880176888043211,3.2277428816139446,3.0290686016162027,2.855258721196088,3.575223638627431,2.9044288813926764,3.0896555006732678,3.116187835396927,2.9369161090921816,3.3339552809168067,2.6404686053002626,2.7304481058151078,3.3836875252587006,3.0281210696245937,3.2528790487099366,2.6276863965465695,3.517162735379287,18.925348173798536,117.26359614748766,21.320653844997757
229600,Travers,EVE,GKP,5.0,0.0,a,,,,,,0.0,0.0,0.0,0.0,0.0,0.0,0.0,0.0,0.0,0.0,0.0,0.0,4.2,11.0,,,,,,False,,,EVE,0.9163869945969229,0.0,0.00017090365306558279,0.0019260682974362002,14.508710289914358,0.07389884164325727,2.637311829237913,0.0,2.0,166.0,2.0,1.0,0.06821888267403464,2.0,0.06821888267403464,0.06821888267403464,5.321072848574702,1.0,0.21296169294853637,0.24846277416125742,0.20368871722177828,0.26950643008504416,0.22856825853644314,0.26519842726037934,0.19599188546985452,0.237676849924735,0.23703591211292213,0.22856825853644314,0.23805605005761968,0.20350767902286518,0.2552336014829729,0.22383301497290695,0.2517540690324556,0.2612356534126816,0.2315811727973393,0.19281387856015147,0.2501733884858654,0.2158319083328803,0.26519842726037934,0.2175475222485996,0.24360056997715712,0.22875654917315327,0.2156456375240356,0.26959837267106046,0.21935547420353455,0.2333135713456374,0.23524858791518283,0.2218340392998769,0.2515123915407823,0.19952731882026187,0.2063736086626484,0.25526631266216293,0.22856825853644314,0.24542372415240019,0.19879680404636585,0.26519842726037934,1.4283863002134387,8.852445219715193,1.7704890439430385
138001,King,EVE,GKP,4.5,0.0,a,,,,,,0.0,0.0,0.0,0.0,0.0,0.0,0.0,0.0,0.0,0.0,0.0,0.0,3.9,11.0,,,,,,False,,,EVE,0.9163869945969229,0.0,0.00017090365306558279,0.0015287329548684496,13.687822974951251,0.07062094801579323,2.770091475922773,0.0,1.0,14.0,0.0,0.0,0.010371329388397136,3.0,0.010371329388397136,0.010371329388397136,0.8089636922949766,1.0,0.03236709862635405,0.037773420426660737,0.031008120460884327,0.04087987787609509,0.03467203169956286,0.040241449385010966,0.029890360041455368,0.03619616414411452,0.036098510423543756,0.03467203169956286,0.03624847408146409,0.030981505294629518,0.03876877798244133,0.03397129403068139,0.03825652069334843,0.03965518042289157,0.03512033256847893,0.02943330647506179,0.03802367453339822,0.03278970544490878,0.040241449385010966,0.03304240547646177,0.03705898707658443,0.034702634388221694,0.0327611098358822,0.04089507034298307,0.03330917443050517,0.03556083154133277,0.03584053047917264,0.03367657682715743,0.038220160737842374,0.030399988035945465,0.03140042710319859,0.038774139541079757,0.03467203169956286,0.03732496392133105,0.03029831073782156,0.040241449385010966,0.21694199847456802,1.3454680772556533,0.29899290605681184
17761,Tarkowski,EVE,DEF,6.0,9.4,a,,,,,,3330.0,37.0,170.0,4.594594594594595,0.0683783783783783,0.0567567567567567,0.1251351351351351,1.447027027027027,12.0,16.0,0.2162162162162162,0.0,5.8,11.0,37.0,23.0,0.6216216216216216,10.864864864864863,1.2432432432432432,True,37.0,37.0,EVE,0.9163869945969229,37.0,0.06604366977137188,0.056318173545355135,15.688194294746967,0.21147724914882648,0.0,0.5702376820319003,3.0,190.0,2.0,0.6666666666666666,0.7713854915322572,,0.7713854915322572,0.7713854915322572,60.16806833951606,1.0,3.0035841239790173,3.344780304884271,2.809967256095923,3.8330662328082625,3.3450288220753035,3.747722284033312,2.643292780461745,3.067686525135928,3.2580269937863027,3.3450288220753035,3.212236013994309,2.815291961024991,3.5430897777008923,3.2240909856007787,3.4536343058326144,3.6627718591396916,3.349608357230813,2.5475269361151227,3.432475726506349,3.061076160987229,3.747722284033312,3.106258033723696,3.298843471230446,3.2392470479790054,3.1062926039640764,3.7714758520269083,3.1449895062991384,3.044818741732221,3.1329363670926167,3.1447303400709705,3.482475384400826,2.8327957754737176,2.8682306378297424,3.5209650239947,3.3450288220753035,3.387738663406532,2.6085028584699335,3.747722284033312,20.08414902387609,123.23075992730462,20.538459987884103
480455,Branthwaite,EVE,DEF,5.5,1.8,a,,,,,,678.0,7.0,32.0,4.247787610619469,0.0451327433628318,0.0146017699115044,0.0597345132743362,1.2517699115044247,0.0,14.336283185840708,0.1327433628318584,0.0,5.3,11.0,10.0,3.0,0.3,8.893805309734514,0.7964601769911505,True,10.0,7.0,EVE,0.9163869945969229,7.533333333333333,0.05034110341491868,0.03504191906916201,14.289833257314179,0.16200490633243725,0.0,0.282513770460732,2.0,170.0,2.0,1.0,0.5729569287661324,,0.651904297187185,0.5729569287661324,46.427482549021484,1.0,1.9274496943046597,2.1937366502350186,1.7843568083911967,2.536716144873123,2.170830167664188,2.4752581447948607,1.6589284422518384,1.9985077458478107,2.100692711268525,2.170830167664188,2.079731623099747,1.7865419675960443,2.3278506927303977,2.088020383387842,2.2659464419424724,2.4148953410947707,2.183353141497069,1.5909963111687866,2.2484671617186938,1.9697582278578403,2.4752581447948607,2.0008976280837136,2.1498028023893316,2.1130729745069945,1.9940189933338388,2.5030208362146706,2.0287269741189644,1.9671942305218955,2.0241705420147915,2.03730346763567,2.280970939199057,1.7792255075970593,1.8273767706524402,2.3157612753386108,2.170830167664188,2.2058877611942034,1.6524870245209975,2.4752581447948607,13.088347610263046,79.97413215396523,14.54075130072095
106611,Keane,EVE,DEF,5.0,1.7,a,,,,,,2588.0,29.0,131.0,4.55564142194745,0.079984544049459,0.0170401854714064,0.0970247295208655,1.54822256568779,8.0,14.049459041731064,0.0347758887171561,0.0,4.5,11.0,33.0,18.0,0.5454545454545454,11.545595054095829,1.2519319938176197,True,33.0,29.0,EVE,0.9163869945969229,28.755555555555556,0.07460001891597831,0.025147703403472874,14.092257223012458,0.06846519318402278,0.0,0.500518469932608,2.0,154.0,2.0,1.0,0.7566975127593024,,0.8619606706540393,0.7566975127593024,61.3381954689098,1.0,3.0537099965344274,3.39507089611068,2.8616641093230317,3.8731483814164687,3.389547259695763,3.7892670411199547,2.6954885933491814,3.1233129315682233,3.301954288631945,3.389547259695763,3.2599005669593315,2.8664791159608436,3.5880408448628285,3.2715163095032067,3.5006565666739364,3.7059483584496262,3.396370173507206,2.6010472703180305,3.4792837333256963,3.1106386111426407,3.7892670411199547,3.154819547457068,3.347143998344724,3.290017115239366,3.153068599957031,3.8151747162080287,3.1929793367681945,3.0969745560087123,3.182158616015989,3.194967326303549,3.527616242628729,2.8783739600415648,2.919472940049103,3.5672199672131386,3.389547259695763,3.4326763881036206,2.6662168937976696,3.7892670411199547,20.362407684200328,125.03955385422093,25.007910770844184
512462,O'Brien,EVE,DEF,5.0,0.5,a,,,,,,3118.0,35.0,116.0,3.3483001924310454,0.0482039769082745,0.0288646568313021,0.0770686337395766,1.5439704939063503,2.0,10.62219371391918,0.1731879409878127,0.0,4.9,11.0,37.0,11.0,0.2972972972972973,7.475946119307248,0.6350224502886466,True,37.0,36.0,EVE,0.9163869945969229,34.644444444444446,0.049524977220963065,0.03363434154733936,11.302028893623039,0.17625921288503055,0.0,0.2911679145900398,2.0,83.0,1.0,0.5,0.6898069979124314,,0.7161227873861156,0.6898069979124314,54.3838932055907,1.0,2.119737955806012,2.4388173641010926,1.9496750666343818,2.8454826199836063,2.4082392299695665,2.7723374413890616,1.8005490867930571,2.207534843095263,2.3238846064192598,2.4082392299695665,2.300708366052064,1.952044776321136,2.596973465486129,2.3105137283524155,2.52374155365007,2.7006372111125962,2.4244529365363543,1.7203769440120602,2.5026315371755103,2.1700421904679055,2.7723374413890616,2.2067895278197156,2.385030451655009,2.3422945770915846,2.1976667757852164,2.8070040119823063,2.2398028031750155,2.168275843472898,2.234976117267149,2.2512196782172555,2.540753664341976,1.940782027830941,2.0007716670995013,2.583169791816368,2.4082392299695665,2.4505106476316447,1.7953047367463222,2.7723374413890616,14.53428967788372,88.5738865880077,17.714777317601538
224967,Mykolenko,EVE,DEF,4.5,1.4,a,,,,,,2959.0,33.0,95.0,2.88948969246367,0.0085163906725245,0.0748225751943224,0.0833389658668469,1.4724231159175396,2.0,10.645488340655628,0.1824940858398107,0.0,4.9,11.0,33.0,10.0,0.303030303030303,7.695167286245352,0.6083136194660358,True,33.0,33.0,EVE,0.9163869945969229,32.87777777777778,0.01766155546997998,0.07080418669711565,11.350145934690193,0.18387683040302993,0.0,0.29539026480440284,1.0,74.0,1.0,1.0,0.7551733160625822,,0.7551733160625822,0.7551733160625822,58.90351865288141,1.0,2.2310042809435777,2.5862100529439753,2.047666838548023,3.0130033954330013,2.5359037500281576,2.9349865794079726,1.8855118650624108,2.3433360433890296,2.4404137205432135,2.5359037500281576,2.4249517634617206,2.0489370497206054,2.747998771727468,2.435193045562723,2.671909804959754,2.859160990916033,2.5602494880028446,1.80138472473891,2.6476923954875486,2.2851521006542437,2.9349865794079726,2.323149507170938,2.520590839280624,2.4798510000146075,2.30819082900306,2.9802343452204716,2.358202620805859,2.2902437525870205,2.356218865469089,2.377040394421716,2.6856027279290244,2.022000816943506,2.102693254650892,2.7362576515352073,2.5359037500281576,2.5842076050966307,1.8938996956970797,2.9349865794079726,15.348774897304708,93.46083122622919,20.76907360582871
243571,Patterson,EVE,DEF,4.5,0.0,a,,,,,,238.0,3.0,22.0,8.319327731092438,0.011344537815126,0.015126050420168,0.0264705882352941,1.38781512605042,0.0,25.336134453781515,0.0,0.0,4.4,11.0,7.0,2.0,0.2857142857142857,11.722689075630251,1.512605042016807,True,7.0,3.0,EVE,0.9163869945969229,2.6444444444444444,0.04433910498335735,0.04456012824497755,17.001238928731965,0.1424664499506757,0.0,0.27078617902859325,2.0,67.0,1.0,0.5,0.3737136090128293,,0.47897676690756613,0.3737136090128293,31.4654509766849,1.0,1.3941425438534782,1.569921320582613,1.299344566299847,1.7963362277677553,1.5551626884813625,1.7558245746653918,1.2161042115658356,1.4408556099975582,1.5089055138743788,1.5551626884813625,1.4948798420215619,1.300805264625549,1.6586012903508964,1.5003637708869326,1.6177010490882453,1.7160057276474312,1.5632921408725424,1.1709446084075525,1.6062016912786583,1.4221420327161303,1.7558245746653918,1.4427668531478077,1.5410797350415422,1.5167149267036617,1.4382963265367608,1.7739032146647178,1.4611806177981144,1.4203361973823931,1.4581134943296814,1.4667385389204979,1.6277202566335276,1.2960656210168044,1.3278635619292605,1.6505529383967805,1.5551626884813625,1.578257003292547,1.211756335458664,1.7558245746653918,9.370731921650448,57.42085482252999,12.76018996056222
499300,Aznou,EVE,DEF,4.0,0.2,a,,,,,,0.0,0.0,0.0,0.0,0.0,0.0,0.0,0.0,0.0,0.0,0.0,0.0,4.2,11.0,,,,,,False,,,EVE,0.9163869945969229,0.0,0.04603779782868016,0.05289571900960875,12.920162047390122,0.20127875497479975,0.0,0.1841646621825304,2.0,30.0,0.0,0.0,0.22695242260776594,,0.22695242260776594,0.22695242260776594,17.702288963405742,1.0,0.6536934948244767,0.7574384406505502,0.5977139338854266,0.8929714091876055,0.749491955578602,0.868739897222918,0.548837234984087,0.6804185575227722,0.7222580701749755,0.749491955578602,0.7134446858917469,0.5986550527621364,0.8106511388906147,0.7167161038177664,0.7861543856686808,0.8449106800659081,0.75399046095162,0.5221887285280636,0.7793734081135643,0.6702695996561959,0.868739897222918,0.6825735872646801,0.7406474390396053,0.7259061865930558,0.6802052217886907,0.8792177470895274,0.6935145067497998,0.6688192235163046,0.6915256050337778,0.6964670873054962,0.7923327725261536,0.5968129500320034,0.6145365663255774,0.8057153003666772,0.749491955578602,0.7630876771785458,0.5453356247431003,0.868739897222918,4.5200491313495785,27.48107843953375,6.8702696098834375
215413,Dewsbury-Hall,EVE,MID,6.5,3.5,a,,,,2.0,,2629.0,30.0,151.0,5.169265880562952,0.1489159376188664,0.1828071510079878,0.3317230886268543,1.382350703689616,18.0,20.471662228984403,0.205401293267402,0.0,5.3,11.0,31.0,5.0,0.1612903225806451,7.873716241917078,0.3423354887790034,True,31.0,29.0,EVE,0.9163869945969229,29.211111111111112,0.149445752446303,0.1698208762706491,19.939713598273233,0.20422681136039902,0.0,0.14877720145258022,2.0,154.0,2.0,1.0,0.7338428084848715,,0.78647438743224,0.7338428084848715,58.397633798662085,1.0,3.064926453321629,3.021288508604762,3.007433068100956,3.345309965558271,3.2565606284459054,3.304169459024341,2.9803068596971736,2.8429074562329015,3.2904895688936273,3.2565606284459054,3.145950974623573,3.026788211175134,3.205846532410109,3.1542411891298583,3.136948474449502,3.2549009646076676,3.1648296993892293,2.9226095048115264,3.14956194470356,3.0837497400098615,3.304169459024341,3.119980321700371,3.109584877515438,3.0176606162956015,3.1902095588871724,3.206881074788795,3.139476063133123,2.982831793549539,3.0916574157291583,3.050184126665597,3.209453279716662,3.237552114317096,3.0251888582193667,3.1559710200373097,3.2565606284459054,3.2334726777066427,2.7744443992951338,3.304169459024341,18.999688083055865,119.02482757568708,18.31151193472109
440993,Ndiaye,EVE,MID,6.0,15.7,a,,,1.0,,,2781.0,32.0,128.0,4.142394822006473,0.2161812297734628,0.1427184466019417,0.3588996763754045,1.3812297734627832,7.0,17.475728155339805,0.0647249190938511,0.0,6.3,11.0,32.0,6.0,0.1875,9.158576051779937,0.3883495145631068,True,32.0,32.0,EVE,0.9163869945969229,30.9,0.20285456296562956,0.13854044976589652,17.5830050958632,0.09253230255526317,0.0,0.17117780141435449,3.0,181.0,2.0,0.6666666666666666,0.6588009615806887,,0.6588009615806887,0.6588009615806887,51.38647500329372,1.0,2.748601192092949,2.698363009265454,2.69374341945001,3.016008087883715,2.9359786142265425,2.976184423589986,2.6688601777192966,2.523391660396706,2.9718264567312027,2.9359786142265425,2.826729967736374,2.7131785467097393,2.8809463166604377,2.834885133137427,2.8130943146303977,2.9281206666366457,2.8432537923651795,2.612035211658487,2.8262478395968986,2.7666152213202597,2.976184423589986,2.8023973950775423,2.7884146906647107,2.69669587281578,2.873275691243796,2.877357434154718,2.8213955754088946,2.6650448318864113,2.7733398607850925,2.731263010003349,2.885780176048232,2.925408946479123,2.7107346280991766,2.830990494475867,2.9359786142265425,2.9118610143453303,2.4618790560949613,2.976184423589986,17.06887874650866,106.85822880502373,17.809704800837288
232928,Garner,EVE,MID,6.0,0.3,i,Groin injury - Unknown return date,0.0,3.0,1.0,1.0,3413.0,38.0,159.0,4.192792264869616,0.0553765016114854,0.1629651333138001,0.2183416349252856,1.4814532669205975,13.0,21.570465865807208,0.3164371520656314,0.0,5.2,11.0,38.0,20.0,0.5263157894736842,12.077351303838263,1.054790506885438,True,38.0,38.0,EVE,0.9163869945969229,37.922222222222224,0.07210109483248699,0.15589889054691594,20.94800407467144,0.29614217063778764,0.0,0.46601719213057885,,,,,0.7364440233985692,,0.7364440233985692,0.7364440233985692,57.44263382508839,0.0,0.0,0.0,0.0,0.0,0.0,0.0,0.0,0.0,0.0,0.0,0.0,0.0,0.0,0.0,0.0,0.0,0.0,0.0,0.0,0.0,0.0,0.0,0.0,0.0,0.0,0.0,0.0,0.0,0.0,0.0,0.0,0.0,0.0,0.0,0.0,0.0,0.0,0.0,0.0,0.0,0.0
490094,Iroegbunam,EVE,MID,5.0,0.0,i,Groin injury - Unknown return date,0.0,,,,1477.0,17.0,68.0,4.143534190927555,0.0329045362220717,0.0432633716993906,0.0761679079214624,1.5014218009478673,1.0,13.710223425863235,0.5484089370345294,0.0,4.8,11.0,29.0,7.0,0.2413793103448276,11.516587677725118,0.8530805687203792,True,29.0,16.0,EVE,0.9163869945969229,16.41111111111111,0.0717313722998038,0.06919895977715239,15.115202931550776,0.43420828003913353,0.0,0.2144216129641563,1.0,19.0,0.0,0.0,0.31480478298098513,,0.6569100461388799,0.31480478298098513,32.08108886199053,0.0,0.0,0.0,0.0,0.0,0.0,0.0,0.0,0.0,0.0,0.0,0.0,0.0,0.0,0.0,0.0,0.0,0.0,0.0,0.0,0.0,0.0,0.0,0.0,0.0,0.0,0.0,0.0,0.0,0.0,0.0,0.0,0.0,0.0,0.0,0.0,0.0,0.0,0.0,0.0,0.0,0.0
550615,George,EVE,MID,5.5,0.3,a,,,,,,351.0,1.0,16.0,4.102564102564103,0.1641025641025641,0.3051282051282051,0.4692307692307693,1.6641025641025642,0.0,14.102564102564102,0.5128205128205129,0.0,4.8,11.0,15.0,0.0,0.0,5.897435897435898,0.0,True,15.0,2.0,EVE,0.9163869945969229,3.9,0.15554978986243606,0.1822876887305358,16.720915817569615,0.30247954364703683,0.0,0.024036021606927152,2.0,117.0,1.0,0.5,0.3171552954325712,,0.659260558590466,0.3171552954325712,32.26442883321424,1.0,1.6130031587980815,1.5780888406173694,1.5834481393857327,1.756958061074722,1.718086026783442,1.7349834518496217,1.5709541098724353,1.4794712901763007,1.740569586594335,1.718086026783442,1.6558425547461704,1.594801582126786,1.682375203437333,1.6604597632456046,1.6438919103620606,1.7081271369190725,1.66338574936419,1.538721775538977,1.6519988993604764,1.6227572930206977,1.7349834518496217,1.6431415807159577,1.6319000698133272,1.5788280922610627,1.6848577896268393,1.6762660640672562,1.6537384859707756,1.5632186747473977,1.6256315043374145,1.6006766839496043,1.6862500940930867,1.7192968536380613,1.5926473342312961,1.6533015259948367,1.718086026783442,1.7031871516051698,1.4498093564265544,1.7349834518496217,9.98456767850897,62.56681475201817,11.37578450036694
502697,Alcaraz,EVE,MID,5.0,0.1,a,,,,,,679.0,6.0,29.0,3.8438880706921945,0.155081001472754,0.0715758468335788,0.2266568483063328,1.7973490427098675,0.0,16.038291605301914,0.5301914580265096,0.0,5.2,11.0,20.0,0.0,0.0,9.14580265095729,0.0,True,20.0,7.0,EVE,0.9163869945969229,7.544444444444444,0.1531764295515861,0.09773417772008855,17.046533838897112,0.36022558344959,0.0,0.01941370975944116,1.0,26.0,0.0,0.0,0.2200848764885503,,0.562190139646445,0.2200848764885503,24.692936155580608,1.0,1.1840720098503121,1.1649502238769693,1.1650600011265098,1.276722455993225,1.2499119380183352,1.262807599274593,1.156635040906295,1.1033622178516744,1.2630267686301546,1.2499119380183352,1.211311855149963,1.171988016281895,1.229518061323638,1.2141869152267715,1.2055824775706274,1.2459405665993835,1.2167422296979202,1.13658867664743,1.210363522987081,1.1903257853388372,1.262807599274593,1.2029679573546974,1.1973136419855666,1.164729383572695,1.2283016790389871,1.227364042242309,1.2096309413043915,1.154074623021293,1.1924931234292402,1.1774123551272184,1.231470303792616,1.2477540794925708,1.1709584512038476,1.2117341502674859,1.2499119380183352,1.241138184572711,1.0828020981202457,1.262807599274593,7.303524228139945,45.824680451463365,9.164936090292674
609873,Armstrong,EVE,MID,5.0,0.1,a,,,,,,524.0,6.0,21.0,3.6068702290076335,0.1356870229007633,0.0377862595419847,0.1734732824427481,1.877290076335878,0.0,14.427480916030534,0.0,0.0,4.5,11.0,13.0,1.0,0.0769230769230769,8.587786259541986,0.3435114503816794,True,13.0,5.0,EVE,0.9163869945969229,5.822222222222222,0.14476995574169532,0.08676054230739857,16.49365019342207,0.11571992865432187,0.0,0.07919770809186684,3.0,270.0,3.0,1.0,0.5056133630776847,,0.7161396788671583,0.5056133630776847,44.06942126742783,1.0,2.1004890087360497,2.080902180076257,2.063949015644363,2.278803875139518,2.217992897252916,2.2531960959910853,2.0457621569867164,1.972048205266895,2.2362653440026037,2.217992897252916,2.1512088131227873,2.0753339254388967,2.192054353746731,2.156245592520535,2.1502671272013636,2.2228817216755896,2.1646181578220496,2.0107716672733806,2.157224300349266,2.1124013598046787,2.2531960959910853,2.1342791896442272,2.1315219451315723,2.076896613106645,2.1752488811958792,2.1970466434906517,2.146294452523205,2.0532633001876617,2.1182043728273774,2.0942187184248473,2.193027574139544,2.1987434573307185,2.0751869535625374,2.1625978571611864,2.217992897252916,2.2052973014130046,1.9249253953618477,2.2531960959910853,12.99533307284019,81.4715464400406,16.29430928800812
496661,Dibling,EVE,MID,5.5,0.0,a,,,,,,349.0,4.0,18.0,4.641833810888252,0.0515759312320916,0.0361031518624641,0.0876790830945558,1.7148997134670487,0.0,12.636103151862464,0.5157593123209169,0.0,5.3,11.0,14.0,1.0,0.0714285714285714,10.31518624641834,0.5157593123209169,True,14.0,2.0,EVE,0.9163869945969229,3.8777777777777778,0.11879684279014874,0.0942283579330251,16.24705410721895,0.3030454548605953,0.0,0.0752378226872735,3.0,179.0,2.0,0.6666666666666666,0.3856546069448549,,0.7014440806290654,0.3856546069448549,37.02842776275131,1.0,1.7021348683319242,1.688096374963676,1.6745283911960016,1.8368651377789174,1.7905107688962556,1.8175683675257595,1.6606996913141674,1.6062767585868647,1.804009003789418,1.7905107688962556,1.7403820929412157,1.6830444195592182,1.7715005621448254,1.7441658122966306,1.7401162953445017,1.7947585090324167,1.7506445931324361,1.634420443048977,1.7452737683116977,1.711130079010529,1.8175683675257595,1.727551997978009,1.7258277848787404,1.684911623846513,1.758163499883486,1.7756764685907074,1.7365947076429749,1.6669166734367045,1.715586807809379,1.6976865369080845,1.7721128595570796,1.7752991739060926,1.6830144495525803,1.7494547980168995,1.7905107688962556,1.7811034887964716,1.5703381341967928,1.8175683675257595,10.509703908692535,65.93252321504997,11.987731493645448
513466,Röhl,EVE,MID,5.0,0.1,a,,,,,,675.0,6.0,36.0,4.8,0.0893333333333333,0.0466666666666666,0.136,1.7746666666666668,2.0,13.066666666666666,0.0,0.0,5.0,11.0,16.0,1.0,0.0625,9.066666666666666,0.2666666666666666,True,16.0,6.0,EVE,0.9163869945969229,7.5,0.1213575806040638,0.08575635457376618,15.611541821230865,0.10319397221933793,0.0,0.06839802062479411,3.0,217.0,2.0,0.6666666666666666,0.40009835867215326,,0.6632562534089954,0.40009835867215326,36.99714566063848,1.0,1.7256767084637583,1.7136032351890829,1.6977666078127092,1.8619191550199017,1.8139087463136518,1.8425503990376693,1.6835395281584886,1.6320586078601371,1.8266992929977701,1.8139087463136518,1.7641428679794142,1.7061379406299517,1.7963264664041279,1.7679078299525601,1.7651175662822265,1.8197493607979247,1.7748852774702093,1.6574080590201885,1.7700561907253838,1.7347576327260108,1.8425503990376693,1.7510613810736766,1.7503196259158336,1.7099412621441554,1.7810562618583883,1.8016759382488674,1.760105920713456,1.6913587624636457,1.7394655770125431,1.721985673054756,1.7966023637992428,1.7966650442485617,1.70633382977503,1.7746214504113431,1.8139087463136518,1.8049125480877692,1.5947853589729672,1.8425503990376693,10.655424851836774,66.84802076132404,13.369604152264808
244860,Hackney,EVE,MID,5.5,0.3,a,,,,,,,,,,,,,,,,,,,,,,,,,False,,,,1.0099370333055604,0.0,0.14654838772833892,0.12172257550910852,17.895601096669267,0.19725680451144315,0.0,0.09179031691342893,3.0,263.0,3.0,1.0,0.6021371760734404,,0.6021371760734404,0.6021371760734404,46.966699733728355,1.0,2.1592746745981315,2.1430298302855895,2.117835265183253,2.3615841939913556,2.289391710469568,2.3329377591086478,2.0965163019020383,2.0228887157676967,2.307703298984538,2.289391710469568,2.21622713983402,2.1300754947324445,2.2645850210833314,2.2217692629873635,2.218660642220388,2.2992900039871516,2.2324680374401593,2.058064197580586,2.2257746518864145,2.172747055167682,2.3329377591086478,2.19671697454734,2.19641001848915,2.137241966107593,2.240495566611187,2.273422108916771,2.210068379432304,2.109342601966716,2.179897547827625,2.154433946145409,2.264722472720991,2.262309965039878,2.1305457610853824,2.2328212111012817,2.289391710469568,2.2764427968137486,1.9668022756014047,2.3329377591086478,13.404053433636545,83.94715578877357,15.263119234322467
486385,Beto,EVE,FWD,5.5,2.9,a,,,4.0,,,1551.0,17.0,104.0,6.034816247582205,0.5164410058027079,0.0133462282398452,0.5297872340425532,1.401934235976789,15.0,19.90328820116054,0.1740812379110251,0.0,5.1,11.0,37.0,0.0,0.0,5.164410058027079,0.0,True,37.0,16.0,EVE,0.9163869945969229,17.233333333333334,0.48148772286465497,0.027573098884751564,19.781395702286126,0.18035787643992596,0.0,0.00016734241126070988,2.0,89.0,1.0,0.5,0.4220075825557423,,0.9220075825557423,0.4220075825557423,43.9165914393479,1.0,2.578286891987448,2.4497801131212245,2.540608300347055,2.760605735476369,2.756475751812761,2.727032987744106,2.534440896678945,2.2774946505375726,2.819069553483629,2.756475751812761,2.640895648798526,2.564528837650897,2.646072301195406,2.649174580302278,2.5763816183024137,2.682502992438447,2.6359658493693634,2.4760378311740543,2.5976382472071005,2.5912459304641646,2.727032987744106,2.629074337578277,2.5750551011257135,2.468247426540653,2.7200372993714876,2.593593987522038,2.6464529325297117,2.4637894286702804,2.5868966934835753,2.530620602099104,2.6646111875917318,2.831924488994154,2.5528182614551747,2.5858937170816794,2.756475751812761,2.7170895012650997,2.276908097355539,2.727032987744106,15.812789780488965,99.3142692598697,18.057139865430855
586309,Barry,EVE,FWD,5.5,1.2,a,,,2.0,,,1898.0,21.0,95.0,4.504741833508957,0.3874077976817703,0.0208640674394099,0.4082718651211802,1.5880400421496312,9.0,13.98840885142255,0.1422550052687039,0.0,5.7,11.0,38.0,0.0,0.0,3.5089567966280297,0.0,True,38.0,19.0,EVE,0.9163869945969229,21.08888888888889,0.3925739566942824,0.031137703425237168,15.509377249767685,0.15645253529223527,0.0,0.00016353917464114826,3.0,181.0,2.0,0.6666666666666666,0.5080166971076739,,0.98,0.5080166971076739,50.00893503802974,1.0,2.546591769682401,2.425388667909629,2.5110546391314954,2.71854852976496,2.714653273540218,2.6868838876652537,2.5052377595780997,2.262895041972329,2.77368955926143,2.714653273540218,2.6056421605690896,2.533615653755596,2.6105245981559384,2.6134505593669743,2.5447947821429913,2.644884752673384,2.600992546072455,2.4501540297182136,2.5648432914839874,2.558814281780426,2.6868838876652537,2.594492713049228,2.543543657511361,2.4428063923876087,2.6802857989318976,2.5610288871192624,2.610883596325192,2.438601764629037,2.554712233491277,2.5016345912717455,2.6280098277638393,2.7858138850807435,2.522570647640039,2.5537662612088248,2.714653273540218,2.677505538800516,2.2623418255144547,2.6868838876652537,15.603120767693959,98.03373172736084,17.824314859520154
80201,Leno,FUL,GKP,4.5,3.2,a,,,,,,3420.0,38.0,122.0,3.210526315789474,0.0,0.0005263157894736,0.0005263157894736,1.3876315789473683,8.0,14.63157894736842,0.0789473684210526,2.5789473684210527,5.0,54.0,,,,,,True,38.0,38.0,FUL,0.9237133199263733,38.0,3.343767125196185e-05,0.0007235248092849777,14.529131163190764,0.07700657333162467,2.591560458847377,0.0,2.0,180.0,2.0,1.0,0.9202956757632635,1.0,0.9202956757632635,0.9202956757632635,71.78306270953456,1.0,2.8460877955301918,3.5473528043511964,3.08169974962917,3.190348070583584,2.953777153084323,3.4861767865597657,3.2928008014546197,3.4861767865597657,3.3495290259186383,3.2964589136468567,3.0501380022617672,2.8944870640886218,3.5453688069540763,3.422181869326579,3.1441952044543955,3.2803050626266668,2.9909951909224795,2.886571214279704,3.4318453085307357,3.2028363742440495,3.0995060025495023,3.1209375566872044,3.2574838633362933,2.8014754770758894,3.1687356495038257,3.1105670941627594,3.117874583216234,3.302074339167764,3.2983830729328676,2.9511597232664784,3.2147082496378574,3.3336747109856986,3.114209941795669,3.174623759470256,3.2928008014546197,3.4861767865597657,3.2928008014546197,3.076059362195685,19.10544235973823,121.59258376046016,27.020574168991146
86873,Lecomte,FUL,GKP,4.0,1.3,a,,,,,,0.0,0.0,0.0,0.0,0.0,0.0,0.0,0.0,0.0,0.0,0.0,0.0,3.9,54.0,,,,,,False,,,FUL,0.9237133199263733,0.0,0.00013212214651043744,0.0011313976123006986,12.866935659988142,0.06734305438832919,2.9028711226076327,0.0,,,,,0.03010861507719084,2.0,0.03010861507719084,0.03010861507719084,2.3484719760208854,1.0,0.09440402807454025,0.11608495782561555,0.10141603268100303,0.1051947379963372,0.09757146996973601,0.11420504061779223,0.10788574314858136,0.11420504061779223,0.11001169626251311,0.10797954368619853,0.10104082631513978,0.09583840936386806,0.11603352284200091,0.11223710518141196,0.10331867159267197,0.1079053705526577,0.09868269885576966,0.09556755455328157,0.11253193394454428,0.10510458320961337,0.10251006791670077,0.10260790902794603,0.10720627727659056,0.09311415410947949,0.10406882101396688,0.10280289062325605,0.10252339191900334,0.1085640025748089,0.1084573252179807,0.09749528286346276,0.10593398425792024,0.10914015460414017,0.10293302873793139,0.10424619768684341,0.10788574314858136,0.11420504061779223,0.10788574314858136,0.10180633002580222,0.6288762671650243,4.0006053120618565,1.0001513280154641
505079,McNally,FUL,GKP,4.0,0.2,a,,,,,,0.0,0.0,0.0,0.0,0.0,0.0,0.0,0.0,0.0,0.0,0.0,0.0,4.0,54.0,,,,,,False,,,FUL,0.9237133199263733,0.0,0.00013212214651043744,0.0011313976123006986,12.866935659988142,0.06734305438832919,2.9028711226076327,0.0,,,,,0.00903258452315725,3.0,0.00903258452315725,0.00903258452315725,0.7045415928062655,1.0,0.02832120842236207,0.03482548734768466,0.030424809804300904,0.03155842139890115,0.0292714409909208,0.034261512185337656,0.032365722944574404,0.034261512185337656,0.033003508878753925,0.03239386310585955,0.030312247894541927,0.028751522809160414,0.03481005685260026,0.03367113155442358,0.030995601477801584,0.0323716111657973,0.029604809656730888,0.028670266365984465,0.03375958018336328,0.03153137496288401,0.030753020375010213,0.030782372708383802,0.03216188318297716,0.027934246232843844,0.031220646304190056,0.030840867186976807,0.030757017575700995,0.03256920077244267,0.03253719756539421,0.02924858485903882,0.031780195277376064,0.03274204638124205,0.0308799086213794,0.03127385930605302,0.032365722944574404,0.034261512185337656,0.032365722944574404,0.030541899007740667,0.18866288014950722,1.2001815936185565,0.3000453984046391
174874,Andersen,FUL,DEF,5.0,0.0,s,Suspended until 30 Aug,0.0,,,,2882.0,33.0,123.0,3.841082581540596,0.0446564885496183,0.057147814018043,0.1018043025676613,1.401526717557252,8.0,13.240804996530184,0.2185981956974323,0.0,4.4,54.0,33.0,21.0,0.6363636363636364,11.429562803608604,1.311589174184594,True,33.0,31.0,FUL,0.9237133199263733,32.022222222222226,0.04677314341311946,0.05657651384194571,13.441750942178015,0.2127936865776644,0.0,0.5774415468556849,1.0,75.0,1.0,1.0,0.7501915847712606,,0.8028231637186289,0.7501915847712606,59.67283834900043,0.0,0.0,0.0,0.0,0.0,0.0,0.0,0.0,0.0,0.0,0.0,0.0,0.0,0.0,0.0,0.0,0.0,0.0,0.0,0.0,0.0,0.0,0.0,0.0,0.0,0.0,0.0,0.0,0.0,0.0,0.0,0.0,0.0,0.0,0.0,0.0,0.0,0.0,0.0,0.0,0.0,0.0
169528,Robinson,FUL,DEF,4.5,2.1,a,,,2.0,,,1487.0,17.0,65.0,3.9340954942837927,0.0647612642905178,0.0956287827841291,0.1603900470746469,1.459852051109617,7.0,16.94687289845326,0.3026227303295225,0.0,4.9,54.0,22.0,4.0,0.1818181818181818,8.291862811028917,0.484196368527236,True,22.0,16.0,FUL,0.9237133199263733,16.522222222222222,0.06165693818489186,0.08214254773841799,16.065784727560136,0.265737589058789,0.0,0.19715072597756114,2.0,119.0,1.0,0.5,0.47218552309394285,,0.6300802599360481,0.47218552309394285,40.30415501185386,1.0,1.6165721041948362,2.145153134246625,1.8488895886485868,1.84652635207626,1.7238081559569225,2.133294704252909,2.07299538658875,2.133294704252909,2.002269650001434,1.990707365874499,1.6835760933344917,1.7530280085835328,2.187958099834884,2.0780992428190417,1.916423505729177,1.9313516681402592,1.7616099849977038,1.5815517782454653,2.0786357315292814,1.9351932895373334,1.826530185906068,1.885904138303441,1.8725337562688467,1.5519928370163207,1.9417345174436054,1.6936446190634855,1.9213592731779439,1.9441931112676685,1.9644759515181105,1.7284223905262766,1.9059654598981648,2.0689189255724316,1.7934345364438895,1.9351216446859987,2.07299538658875,2.133294704252909,2.07299538658875,1.7421057170189258,11.31424403937614,72.47656109038645,16.105902464530324
246301,J.Cuenca,FUL,DEF,4.5,0.0,a,,,,,,935.0,11.0,39.0,3.7540106951871657,0.0048128342245989,0.0510160427807486,0.0558288770053475,1.4149732620320854,1.0,14.919786096256685,0.5775401069518716,0.0,4.3,54.0,15.0,7.0,0.4666666666666667,11.454545454545451,1.3475935828877006,True,15.0,10.0,FUL,0.9237133199263733,10.38888888888889,0.02675339128341772,0.0524402434191471,14.626699029441223,0.4087509722373095,0.0,0.4057247774938911,,,,,0.3723358834378822,,0.5039148308063033,0.3723358834378822,31.936935750260076,1.0,1.3099308609291027,1.7315841088418726,1.4884962629088743,1.4976583437299498,1.393958642208231,1.7086568081538762,1.645310985438777,1.7086568081538762,1.6134306642262946,1.6129520866314833,1.3802653687185562,1.3840396391685497,1.7484024872795159,1.6668532015406656,1.5360851347665312,1.562353239970459,1.4224383641246767,1.3114436353744892,1.670026818979172,1.5620539280129542,1.4570369255591236,1.51626396577895,1.530941291293927,1.2655182309283615,1.5541075469436678,1.4071776985619566,1.5296848905629017,1.5746560640836669,1.5817005096606707,1.39489420116261,1.530154676670203,1.6557299817732316,1.4490246294444766,1.5532634511630157,1.645310985438777,1.7086568081538762,1.645310985438777,1.4139733790126239,9.130285026771906,58.368003610788726,12.97066746906416
167074,Tete,FUL,DEF,4.5,0.3,a,,,,,,1791.0,21.0,81.0,4.07035175879397,0.0462311557788944,0.0733668341708542,0.1195979899497487,1.2959798994974876,5.0,15.979899497487438,0.100502512562814,0.0,4.5,54.0,22.0,9.0,0.4090909090909091,9.447236180904524,0.9045226130653268,True,22.0,19.0,FUL,0.9237133199263733,19.9,0.048815954828377625,0.06789669568247247,15.482750654609806,0.12603857389595668,0.0,0.3757221545489898,1.0,15.0,0.0,0.0,0.392472920119804,,0.4714202885408566,0.392472920119804,32.34972987460787,1.0,1.4353371074553587,1.8716542411046748,1.6236510146531307,1.6267714753732883,1.522918683884349,1.8555755368648292,1.7986325865490032,1.8555755368648292,1.751518196820556,1.7460058710984858,1.4981529482392315,1.5318820906278137,1.8990214116821593,1.8109463659649563,1.6765061667909842,1.6954501641507225,1.5533046732515543,1.4198495863562355,1.8126636453184124,1.697072325809321,1.598971848296723,1.6533910478497924,1.6540133887981963,1.3854511670701326,1.6964085103854176,1.5150700762535518,1.675828319706008,1.707010302190039,1.7195523169918228,1.5254700649460178,1.6689811729660855,1.8015924002488959,1.5800900113106442,1.6929879835006088,1.7986325865490032,1.8555755368648292,1.7986325865490032,1.5404660748973489,9.935908059335631,63.550615024234006,14.122358894274223
232892,Bassey,FUL,DEF,4.5,0.7,a,,,,,,2532.0,28.0,103.0,3.661137440758294,0.060781990521327,0.0124407582938388,0.0732227488151658,1.3510663507109004,9.0,13.933649289099526,0.1777251184834123,0.0,4.4,54.0,30.0,12.0,0.4,8.708530805687204,0.8530805687203792,True,30.0,28.0,FUL,0.9237133199263733,28.133333333333333,0.05955623080383036,0.02170621244117108,14.002824998070487,0.1803452826115459,0.0,0.3755616757603254,2.0,180.0,2.0,1.0,0.7297153701064757,,0.7823469490538442,0.7297153701064757,58.075693605147215,1.0,2.3661438721620445,3.17063245423006,2.709187255386777,2.7207438227377683,2.526404355021135,3.133720178669236,3.020416330288969,3.133720178669236,2.9464393014918855,2.9409002449998947,2.4904015147754897,2.5256493048605213,3.211969076497881,3.0524416514593433,2.8033305828277393,2.8458557384600605,2.5814643100861323,2.3528821728507614,3.05707523311401,2.847071268638802,2.656582443921226,2.763087507025162,2.7775924147511293,2.2781795674308274,2.8388962715561226,2.531403014794055,2.79663869762595,2.86827869269007,2.886592873799414,2.529671479402137,2.7907235506984214,3.033142235876896,2.6314196803952385,2.834924167417649,3.020416330288969,3.133720178669236,3.020416330288969,2.5615271804381523,16.62683193820702,106.38966146429736,23.64214699206608
166477,Castagne,FUL,DEF,4.5,0.3,a,,,,,,1838.0,20.0,61.0,2.9869423286180634,0.073449401523395,0.0719804134929271,0.1454298150163221,1.5992383025027204,3.0,14.39608269858542,0.1958650707290533,0.0,4.3,54.0,30.0,3.0,0.1,7.883569096844397,0.29379760609358,True,30.0,19.0,FUL,0.9237133199263733,20.42222222222222,0.06832559131120264,0.06700101753662568,14.353865087460996,0.19409024982515533,0.0,0.12556167576032534,2.0,165.0,2.0,1.0,0.644332454355881,,0.9338061385664074,0.644332454355881,56.626352492390296,1.0,2.1472252210763934,2.875358305523145,2.4679760883614383,2.4642984132671923,2.2953254997465113,2.8596820739034623,2.7774296278268693,2.8596820739034623,2.6790625928817486,2.6627775820357917,2.239205165719646,2.3367168656500423,2.9350016382108484,2.7836843276237015,2.5612542996454644,2.581229539860943,2.347527432703319,2.097989771794495,2.784299609836598,2.5866564134265695,2.43765471316825,2.519039939939281,2.499619347014127,2.0577795448939975,2.5961973444719773,2.2524347005166834,2.5684574922682772,2.5988202381744148,2.6271187696546914,2.301782961863917,2.5467553914053065,2.771225862868503,2.391367333940991,2.5869132136798436,2.7774296278268693,2.8596820739034623,2.7774296278268693,2.3203821984327937,15.109865601878143,96.83247292484792,21.51832731663287
153133,Iwobi,FUL,MID,5.5,1.0,a,,,3.0,1.0,1.0,2420.0,29.0,103.0,3.830578512396694,0.0710330578512396,0.174793388429752,0.2458264462809917,1.3276859504132232,13.0,18.89256198347108,0.1115702479338843,0.0,6.1,54.0,29.0,1.0,0.0344827586206896,6.991735537190083,0.0743801652892562,True,29.0,28.0,FUL,0.9237133199263733,26.88888888888889,0.08945663214734677,0.16278029128356808,18.687293261343015,0.13183299084266764,0.0,0.042993041535584815,2.0,151.0,2.0,1.0,0.6935257517609231,,0.7198415412346073,0.6935257517609231,54.67395600577306,1.0,2.4801597157289614,2.5907002306283093,2.5568623316738495,2.5037825416275314,2.5070274017847742,2.6510865358148887,2.709074762465577,2.6510865358148887,2.577504342410633,2.5336624453284835,2.410996896880958,2.6724210701576414,2.681992761573571,2.627910684308138,2.6008225280622153,2.5359332182794985,2.522347375918512,2.331526846172441,2.6151150882685457,2.552693686027689,2.617389757508268,2.5729060879246877,2.4497673660767854,2.434691765726721,2.6164921156114005,2.3225280771882115,2.6509853027104056,2.5289892434376897,2.576636088314447,2.5210916580428893,2.587158510115243,2.643714398061128,2.5228912727137875,2.5940633589324937,2.709074762465577,2.6510865358148887,2.709074762465577,2.484557818572911,15.289618757258316,97.50580588061023,17.72832834192913
209289,Smith Rowe,FUL,MID,5.5,0.4,a,,,,,,1909.0,22.0,80.0,3.7716081718177055,0.2220534311157674,0.0528025144054478,0.2748559455212153,1.4742273441592455,1.0,16.547930853850183,0.0471451021477213,0.0,5.6,54.0,37.0,0.0,0.0,6.977475117862755,0.0,True,37.0,19.0,FUL,0.9237133199263733,21.211111111111112,0.2026982978100681,0.07186387015230267,16.944884306054416,0.08899033520196895,0.0,0.011738522180127216,1.0,61.0,1.0,1.0,0.5706265368016817,,0.98,0.5706265368016817,53.51508606089418,1.0,2.653499770375985,2.734002080429056,2.7290263562498027,2.657770012307296,2.6773527488700193,2.8176393590079933,2.904725166914757,2.8176393590079933,2.736497117732673,2.678776533823831,2.553116601712011,2.895932557608344,2.851610905916217,2.7941223975708827,2.7795784761605873,2.6899693065960113,2.693415519596345,2.458277431325605,2.7767122516116656,2.7120982085454295,2.8133315879025176,2.7458967732319346,2.58145207707226,2.59955048001016,2.797392568487955,2.4329247587262377,2.8466109939782216,2.678847368799448,2.7404997285313284,2.69569854842938,2.7625099706709073,2.8168210583604965,2.690244853558949,2.767985672053293,2.904725166914757,2.8176393590079933,2.904725166914757,2.644965043301715,16.269290327240153,103.85358333731484,18.882469697693608
560552,Kevin,FUL,MID,5.5,0.1,a,,,,3.0,,1030.0,9.0,49.0,4.281553398058253,0.1057281553398058,0.1284466019417475,0.2341747572815533,1.2731067961165048,0.0,15.990291262135925,0.087378640776699,0.0,5.7,54.0,26.0,0.0,0.0,7.514563106796117,0.0,True,26.0,6.0,FUL,0.9237133199263733,11.444444444444445,0.12451075711009657,0.1259600655030879,16.81605762320975,0.1336889092834151,0.0,0.015773639179545947,1.0,61.0,1.0,1.0,0.431938192730639,,0.9319381927306389,0.431938192730639,44.691179032989844,1.0,2.1528276672561337,2.216004404919823,2.2073359797084016,2.1593114594293983,2.1705088624642164,2.27203527953525,2.3295142257965695,2.27203527953525,2.2150304903322677,2.175979579608648,2.0861628416024325,2.318278183621422,2.295918888450441,2.2551876081611346,2.24251835305085,2.182453005876529,2.1819263872972443,2.0206879170057443,2.243484316312598,2.1974159325133806,2.263754159213236,2.2193193798693107,2.1083756692028217,2.1155361300911193,2.254947764170506,2.0053449667594805,2.28773660699648,2.1751936966303727,2.217049039793158,2.182943594987725,2.230847242806126,2.270290905849367,2.1803020133006012,2.235036163424689,2.3295142257965695,2.27203527953525,2.3295142257965695,2.148972758080387,13.178023653313222,84.02133048478152,15.276605542687548
477555,Bobb,FUL,MID,5.5,0.3,a,,,,2.0,,1030.0,11.0,42.0,3.66990291262136,0.1284466019417475,0.1834951456310679,0.3119417475728155,1.1105825242718448,0.0,15.902912621359222,0.087378640776699,0.0,5.1,54.0,23.0,0.0,0.0,6.640776699029126,0.0,True,23.0,10.0,FUL,0.9237133199263733,11.444444444444445,0.1378821856815251,0.1583600655030879,16.764629051781178,0.1336889092834151,0.0,0.01740539495674035,2.0,172.0,2.0,1.0,0.5241452965106279,,0.8662505596685226,0.5241452965106279,48.40964891730266,1.0,2.3345384654792203,2.4102675156276554,2.4017928909875343,2.3410504468336377,2.3561502592972716,2.481294880999532,2.5545641546542366,2.481294880999532,2.4102794522635635,2.360956840028941,2.2497555537172236,2.5428396847196666,2.511040692841536,2.4604530149481603,2.4457715520878436,2.3696457989262716,2.370314240391239,2.1676704072256405,2.4456361100671535,2.3885483977839614,2.4733395766478465,2.4166625111252418,2.2763915400232904,2.287807583818198,2.4612942859471665,2.1474474929896674,2.502945620476609,2.3603532865380785,2.413150622499102,2.3718450752492664,2.431088123695227,2.479647267493007,2.3680196297027245,2.436152889103373,2.5545641546542366,2.481294880999532,2.5545641546542366,2.328774080589874,14.32509445922485,91.42920801608649,16.62349236656118
207189,Berge,FUL,MID,5.0,0.4,a,,,,,,2904.0,34.0,91.0,2.8202479338842976,0.0477272727272727,0.0464876033057851,0.0942148760330578,1.3354338842975209,3.0,15.588842975206612,0.1549586776859504,0.0,4.9,54.0,35.0,5.0,0.1428571428571428,8.677685950413224,0.3099173553719008,True,35.0,33.0,FUL,0.9237133199263733,32.266666666666666,0.06832059187159739,0.06157011993112688,16.06735674409963,0.16389503069701333,0.0,0.13426235253037727,2.0,165.0,2.0,1.0,0.7331181204193901,,0.7857496993667585,0.7331181204193901,58.341108129554534,1.0,2.4017025361625173,2.528863479756438,2.470533441116713,2.4416377881150995,2.4283808892883556,2.5591986327109337,2.5816495710511256,2.5591986327109337,2.501740105190352,2.4767540832692108,2.371487274041293,2.521823030726638,2.583441149204142,2.539088382566123,2.5028132717585074,2.4699546282585807,2.4411640007762023,2.3165389795487883,2.5323524350563744,2.4794447530591146,2.500473301278344,2.483872362509813,2.4159879901560872,2.3699566771621976,2.5145218416620727,2.3247353280172507,2.530424756023872,2.4679504948005557,2.496168282912301,2.436564666207781,2.4941172619194107,2.546228290525585,2.4453088018706457,2.501619097132281,2.5816495710511256,2.5591986327109337,2.5816495710511256,2.418342841228369,14.830316767150059,94.37653683258723,18.875307366517447
76357,Cairney,FUL,MID,5.0,0.0,i,Knee injury - Expected back 10 Oct,0.0,,,,756.0,6.0,41.0,4.8809523809523805,0.144047619047619,0.0964285714285714,0.2404761904761904,1.3892857142857142,1.0,21.547619047619047,0.3571428571428571,0.0,4.8,54.0,24.0,0.0,0.0,7.261904761904762,0.0,True,24.0,7.0,FUL,0.9237133199263733,8.4,0.1476245426440847,0.10909899365203513,19.81578647738283,0.28045771764632543,0.0,0.016825215124849004,,,,,0.2760283078473076,,0.7233967288999392,0.2760283078473076,31.37231327524789,0.0,0.0,0.0,0.0,0.0,0.0,0.0,0.0,0.0,0.0,0.0,0.0,0.0,0.0,0.0,0.0,0.0,0.0,0.0,0.0,0.0,0.0,0.0,0.0,0.0,0.0,0.0,0.0,0.0,0.0,0.0,0.0,0.0,0.0,0.0,0.0,0.0,0.0,0.0,0.0,0.0,0.0
577725,King,FUL,MID,5.5,0.2,a,,,,,,1290.0,15.0,63.0,4.395348837209302,0.1723255813953488,0.0460465116279069,0.2183720930232558,1.323488372093023,3.0,15.69767441860465,0.2790697674418604,0.0,4.4,54.0,32.0,0.0,0.0,7.465116279069767,0.0,True,32.0,13.0,FUL,0.9237133199263733,14.333333333333334,0.16482279847893977,0.07339806698030038,16.521443204287095,0.25072417474924197,0.0,0.013283064572249221,,,,,0.37618089527396925,,0.8761808952739693,0.37618089527396925,40.3421098313696,1.0,1.9160977366038094,1.969711626970071,1.9652423355942361,1.9197015546685858,1.9317317955641606,2.0230832215849035,2.0784462900645746,2.0230832215849035,1.9706620924959302,1.9337360190317778,1.8521818595742885,2.0715387565089594,2.0450344688575837,2.007811169490874,1.997820499793043,1.9406298678979617,1.9421412392686068,1.7911914943691967,1.996691558693542,1.954784538183598,2.0190255755664785,1.976173182406647,1.871047155286108,1.88139216503795,2.0093083733630794,1.7754113281097412,2.040671597056184,1.9335790783815152,1.97305548353816,1.9434738544693737,1.9868711888542936,2.0222708825038325,1.9402391591176624,1.9904916892494662,2.0784462900645746,2.0230832215849035,2.0784462900645746,1.9111033009956502,11.725568270985766,74.78541116245079,13.597347484081961
184349,Sessegnon,FUL,DEF,4.5,0.4,a,,,,,,1816.0,20.0,95.0,4.708149779735683,0.079295154185022,0.0892070484581497,0.1685022026431718,1.3049008810572686,8.0,16.453744493392072,0.0,0.0,5.4,54.0,27.0,5.0,0.1851851851851851,10.80396475770925,0.4955947136563877,True,27.0,20.0,FUL,0.9237133199263733,20.177777777777777,0.07246721710333451,0.07929361311462474,15.826966440743384,0.05381816208704547,0.0,0.19758243416277907,1.0,61.0,1.0,1.0,0.6132538076787258,,0.7974643339945153,0.6132538076787258,51.88642857788798,1.0,2.2154692149792985,2.8987872708301397,2.5176266201396924,2.5113827346065642,2.3544533933043295,2.8873083776872943,2.8136995194591585,2.8873083776872943,2.7151871504346494,2.6977218475734666,2.2971315857139745,2.401851311497096,2.9591205348927336,2.815281858763953,2.60674205284093,2.621905356822271,2.403788410912648,2.1616632109016893,2.8151876153857103,2.6278409374025666,2.492664574233063,2.565982521839986,2.5413913160893022,2.1299891231589534,2.640090144416513,2.304676957843071,2.6161044331497147,2.6379167044202547,2.666771760067285,2.3612117632247727,2.592526406484484,2.8045002417927187,2.4445712140506606,2.630263738096166,2.8136995194591585,2.8873083776872943,2.8136995194591585,2.3765284681889325,15.385027611547319,98.52935416549694,21.8954120367771
153366,Reed,FUL,MID,4.5,1.2,a,,,,,,89.0,1.0,15.0,15.168539325842696,0.1314606741573033,0.4550561797752809,0.5865168539325843,3.4685393258426966,2.0,48.53932584269663,0.0,0.0,4.3,54.0,7.0,0.0,0.0,6.067415730337078,0.0,True,7.0,1.0,FUL,0.9237133199263733,0.9888888888888889,0.14918890598599382,0.15899890560000476,21.357355798043336,0.17794263442024277,0.0,0.03882741951888233,1.0,15.0,0.0,0.0,0.15778218511918438,,0.3156769219612896,0.15778218511918438,15.780694649822696,1.0,0.8616318195003069,0.8834007807558478,0.8830982559630594,0.8621006751022577,0.8683093118894498,0.9081207397556633,0.9340487276906518,0.9081207397556633,0.8847174286088129,0.8677411577520563,0.83183442806741,0.932620395640331,0.9179150695593433,0.9014093484338676,0.8977513474651486,0.8712737150876753,0.8729130772630914,0.8042282957606545,0.896272286056414,0.8777839126478344,0.908028811449101,0.8879352980551429,0.8395020686368373,0.8459381579622262,0.9029080682722193,0.7963756182547127,0.9174954069530923,0.8679445526919104,0.8860455896166299,0.8737000107117397,0.8927583266163162,0.9081407829538028,0.8718665324020833,0.8942627478982115,0.9340487276906518,0.9081207397556633,0.9340487276906518,0.8587014376878862,5.266661582966584,33.59311311805441,7.465136248456536
244042,Muniz,FUL,FWD,5.5,0.6,a,,,,,,987.0,10.0,36.0,3.282674772036474,0.3009118541033434,0.0136778115501519,0.3145896656534954,1.2610942249240122,3.0,8.571428571428571,0.182370820668693,0.0,5.3,54.0,21.0,0.0,0.0,4.741641337386018,0.0,True,21.0,9.0,FUL,0.9237133199263733,10.966666666666667,0.34531846433838986,0.03246544087127758,13.188957023955357,0.18722480222324073,0.0,0.00026650828460038974,,,,,0.28866466329491874,,0.6044541369791292,0.28866466329491874,29.463212158056294,1.0,1.4062231187182983,1.387002604853877,1.4290616933135305,1.3783261995353109,1.4094356061471265,1.4494535431939686,1.5218770014967726,1.4494535431939686,1.4115630401535526,1.3717441544518063,1.326252625555296,1.5611768645768367,1.4651659630640652,1.4412717787836162,1.4555159420189412,1.3888953634312258,1.4157955508948876,1.2720790080262585,1.428613009418309,1.404233197355502,1.4925276810582169,1.4358118187206632,1.3196961098433604,1.3758020333092735,1.464568133316368,1.2390645944483094,1.5028968800886622,1.3789470243486814,1.4202394454721188,1.4218953752030674,1.4447998807717943,1.4591056040851622,1.4091403091745462,1.4444218052708018,1.5218770014967726,1.4494535431939686,1.5218770014967726,1.3838681966497877,8.459502765762112,54.059132246131476,9.828933135660268
631786,Kusi-Asare,FUL,FWD,4.5,7.2,a,,,,,,49.0,0.0,6.0,11.020408163265309,0.0,0.1285714285714286,0.1285714285714286,2.0204081632653064,0.0,34.89795918367347,1.8367346938775515,0.0,4.5,54.0,7.0,0.0,0.0,9.183673469387756,0.0,True,7.0,0.0,FUL,0.9237133199263733,0.5444444444444444,0.38031029730251165,0.06270287069866176,20.49876416110767,0.298560126651589,0.0,0.0005535172064777326,,,,,0.16663410521120395,,0.3508446315269934,0.16663410521120395,17.050091785421277,1.0,0.9340182024310933,0.9211602666051177,0.9492965102106701,0.9153560168554383,0.9361672582520246,0.96293803400057,1.0113871121949065,0.96293803400057,0.9375904465248035,0.9109528300372107,0.8805203887766472,1.0376775184253284,0.9734491622558066,0.9574646838875798,0.9669935933676512,0.9224264641944893,0.9404218667396174,0.844279895803215,0.9489963544098625,0.9326870059104355,0.9917533146077624,0.953812137623882,0.876134280327064,0.9136674268636503,0.9730492324420166,0.8221942630198344,0.9986899915686751,0.9157713296647523,0.9433946962744828,0.9445024626101308,0.9598248761941683,0.9693949674833477,0.9359697136104077,0.9595719552492121,1.0113871121949065,0.96293803400057,1.0113871121949065,0.9190634433971183,5.618936288354914,35.90922799420992,7.979828443157761
551466,Gonzalo,FUL,FWD,6.0,2.0,a,,,1.0,,,,,,,,,,,,,,,,,,,,,,False,,,,1.0099370333055604,0.0,0.4223070820608208,0.058942905436249596,19.394764872527816,0.18096622670318235,0.0,0.0010279605263157892,2.0,164.0,2.0,1.0,0.5222734131050455,,0.5222734131050455,0.5222734131050455,40.737326222193545,1.0,2.049124084240176,2.018449835709549,2.0855724392717345,2.004603056431353,2.0542509314456403,2.1181160369946688,2.2336975024590213,2.1181160369946688,2.057646128884478,1.9940986917637176,1.9214982153533136,2.2964166251547455,2.1431916762576266,2.1050586610726465,2.127791091967742,2.0214705118173577,2.064400843524474,1.8350418895958194,2.0848563792636203,2.045948344878087,2.1868585700721126,2.0963450453431345,1.9110345933158632,2.0005747092864095,2.1422375925952846,1.7823537911232028,2.203406899131732,2.0055938381947143,2.071492908162674,2.07413562627493,2.110689201337603,2.1335198766993537,2.053779663466482,2.1100858261124347,2.2336975024590213,2.1181160369946688,2.2336975024590213,2.0134475960750176,12.330116384093122,78.86041576218409,13.143402627030682
571779,Palacios,FUL,MID,5.5,0.2,a,,,,,,,,,,,,,,,,,,,,,,,,,False,,,,1.0099370333055604,0.0,0.14654838772833892,0.12172257550910852,17.895601096669267,0.19725680451144315,0.0,0.09179031691342893,2.0,119.0,1.0,0.5,0.3692516827202253,,0.3692516827202253,0.3692516827202253,28.80163125217757,1.0,1.316515966177278,1.3746268780917463,1.358238327506844,1.328013802902097,1.3309453624317027,1.409194965332599,1.4428721798651627,1.409194965332599,1.368551502969247,1.3436679439446766,1.276597035309356,1.4248776456832728,1.426258325636274,1.3965388936250238,1.3826676715171677,1.3455407023063544,1.3393482516872548,1.2321885765704086,1.3892362914082943,1.355057986048963,1.3929208327576459,1.3670416774228626,1.2969857394752007,1.2911303403666787,1.391360892099889,1.2261197596510571,1.4112092803913934,1.3414585513986799,1.3684249911638486,1.3389157321708758,1.3749778794668432,1.4056433687833425,1.3393802843896394,1.3786395746689752,1.4428721798651627,1.409194965332599,1.4428721798651627,1.317992516357007,8.117535302442267,51.78727401997318,9.415868003631488
463210,Charles,FUL,MID,5.0,0.1,a,,,,,,,,,,,,,,,,,,,,,,,,,False,,,,1.0099370333055604,0.0,0.12874827856853127,0.11056911278528116,17.390485450822368,0.20778653317403828,0.0,0.0906479839263559,2.0,40.0,0.0,0.0,0.1853484498631968,,0.1853484498631968,0.1853484498631968,14.45717908932935,1.0,0.6354582612791235,0.6653418313218098,0.655552219821752,0.6422665612747184,0.6425817943913068,0.6803723282492772,0.6945849838707032,0.6803723282492772,0.6613793850488083,0.6503689096152234,0.618393043150627,0.6840917934368238,0.6883533967666887,0.674323627273249,0.6668314396291144,0.6506714725178465,0.6465632947885956,0.5981154494267445,0.6711285401723432,0.6548786581517348,0.6706024220101406,0.6597202318827982,0.6288709894911177,0.6238464697256068,0.6708586076433884,0.5962962540065709,0.6793970300356893,0.6489921712761157,0.6609933943835362,0.6461194685456891,0.6633697927520442,0.6782308290260051,0.6468267378080277,0.6652218585430646,0.6945849838707032,0.6803723282492772,0.6945849838707032,0.637030320228083,3.921572996337988,25.007548191784323,5.001509638356865
167825,Phillips,HUL,GKP,4.0,1.8,a,,,,,,,,,,,,,,,,,,,,,,,,,False,,,,1.0099370333055604,0.0,0.00013212214651043744,0.0011313976123006986,12.866935659988142,0.06734305438832919,2.9028711226076327,0.0,,,,,0.30108615077190837,1.0,0.30108615077190837,0.30108615077190837,23.484719760208854,1.0,0.892292384890822,1.0819518183043515,0.9420144505665495,0.9982583705593531,0.9641714817585126,0.9583807576877899,1.0394977243773742,0.949096109886622,0.9950322730284114,0.9671491922830272,0.9031846445962178,1.0236055196470284,0.9565943836844868,1.0110545170609118,0.9670139547967246,0.9497195108657458,0.8915418915271148,0.9411416340592207,1.101239778806677,1.0648864499287054,0.872811465929345,1.0819518183043515,0.9301664496662323,1.0246954047090426,1.0078093436686313,0.9908926269481473,0.8490379606096855,1.018058306159185,1.0393061911751102,0.8614795015150396,0.9572491853156823,0.9950322730284114,1.1006801840287914,0.8753286985545549,1.061880102095452,0.97526870295666,0.9683857309319422,0.9960594717949061,5.837069263767378,37.203920265706806,9.300980066426701
105666,Butland,HUL,GKP,4.5,0.3,i,Arm injury - Unknown return date,0.0,,,,,,,,,,,,,,,,,,,,,,,False,,,,1.0099370333055604,0.0,0.00017090365306558279,0.0015287329548684496,13.687822974951251,0.07062094801579323,2.770091475922773,0.0,,,,,0.009052889418893224,3.0,0.009052889418893224,0.009052889418893224,0.7061253746736714,0.0,0.0,0.0,0.0,0.0,0.0,0.0,0.0,0.0,0.0,0.0,0.0,0.0,0.0,0.0,0.0,0.0,0.0,0.0,0.0,0.0,0.0,0.0,0.0,0.0,0.0,0.0,0.0,0.0,0.0,0.0,0.0,0.0,0.0,0.0,0.0,0.0,0.0,0.0,0.0,0.0,0.0
494950,Cartwright,HUL,GKP,4.0,0.0,u,Has joined Grimsby Town on loan for the rest of the season,0.0,,,,,,,,,,,,,,,,,,,,,,,False,,,,1.0099370333055604,0.0,0.00013212214651043744,0.0011313976123006986,12.866935659988142,0.06734305438832919,2.9028711226076327,0.0,,,,,0.00903258452315725,5.0,0.00903258452315725,0.00903258452315725,0.7045415928062655,0.0,0.0,0.0,0.0,0.0,0.0,0.0,0.0,0.0,0.0,0.0,0.0,0.0,0.0,0.0,0.0,0.0,0.0,0.0,0.0,0.0,0.0,0.0,0.0,0.0,0.0,0.0,0.0,0.0,0.0,0.0,0.0,0.0,0.0,0.0,0.0,0.0,0.0,0.0,0.0,0.0,0.0
444307,Lo-Tutala,HUL,GKP,4.0,0.1,u,Has joined Colchester United on loan for the rest of the season,0.0,,,,,,,,,,,,,,,,,,,,,,,False,,,,1.0099370333055604,0.0,0.00013212214651043744,0.0011313976123006986,12.866935659988142,0.06734305438832919,2.9028711226076327,0.0,,,,,0.00903258452315725,4.0,0.00903258452315725,0.00903258452315725,0.7045415928062655,0.0,0.0,0.0,0.0,0.0,0.0,0.0,0.0,0.0,0.0,0.0,0.0,0.0,0.0,0.0,0.0,0.0,0.0,0.0,0.0,0.0,0.0,0.0,0.0,0.0,0.0,0.0,0.0,0.0,0.0,0.0,0.0,0.0,0.0,0.0,0.0,0.0,0.0,0.0,0.0,0.0,0.0
108416,Egan,HUL,DEF,4.0,1.8,a,,,,,,,,,,,,,,,,,,,,,,,,,False,,,,1.0099370333055604,0.0,0.04603779782868016,0.05289571900960875,12.920162047390122,0.20127875497479975,0.0,0.1841646621825304,1.0,60.0,1.0,1.0,0.4417693277176456,,0.4417693277176456,0.4417693277176456,34.45800756197636,1.0,1.1280714161157048,1.5345517475341224,1.2679366309170246,1.3267922429229635,1.244447543270797,1.3106403864298748,1.414443278166885,1.290975353387747,1.4181949745597497,1.1792406903515515,1.1604793734138796,1.3856295565611627,1.3118495113448727,1.3239612303193633,1.3203437667946487,1.15144159611213,1.1293380558285824,1.2842154623852833,1.5600089470047238,1.4887292642011958,1.0324859363381111,1.5345517475341224,1.2360049148342747,1.3762820390766184,1.4298353328944782,1.2873618993106377,0.9828398579341138,1.362315193755639,1.4222332067788848,1.0332451189073064,1.191746304655223,1.4181949745597497,1.5817138839281613,1.1194773643938811,1.4853476050176264,1.3569375988987316,1.232581326146478,1.3791409832656703,7.812439967190487,49.693586315851995,12.423396578962999
501902,Hughes,HUL,DEF,4.0,0.3,i,Groin injury - Unknown return date,0.0,,,,,,,,,,,,,,,,,,,,,,,False,,,,1.0099370333055604,0.0,0.04603779782868016,0.05289571900960875,12.920162047390122,0.20127875497479975,0.0,0.1841646621825304,,,,,0.21498760752296253,,0.21498760752296253,0.21498760752296253,16.769033386791076,0.0,0.0,0.0,0.0,0.0,0.0,0.0,0.0,0.0,0.0,0.0,0.0,0.0,0.0,0.0,0.0,0.0,0.0,0.0,0.0,0.0,0.0,0.0,0.0,0.0,0.0,0.0,0.0,0.0,0.0,0.0,0.0,0.0,0.0,0.0,0.0,0.0,0.0,0.0,0.0,0.0,0.0
146426,Ajayi,HUL,DEF,4.0,0.9,a,,,,,,,,,,,,,,,,,,,,,,,,,False,,,,1.0099370333055604,0.0,0.04603779782868016,0.05289571900960875,12.920162047390122,0.20127875497479975,0.0,0.1841646621825304,2.0,150.0,2.0,1.0,0.5602857559410993,,0.5602857559410993,0.5602857559410993,43.70228896340575,1.0,1.4307067206302304,1.946236263934148,1.608094517129556,1.68273971994273,1.578303853988169,1.662254696295126,1.7939054878206862,1.6373139926013254,1.7986636770331375,1.4956035201529727,1.4718089785600066,1.7573617153620047,1.6637882012818275,1.6791492125508256,1.6745612677607125,1.4603465759670082,1.4323131702963972,1.628740580182762,1.978523037493596,1.888120674864333,1.309477881428403,1.946236263934148,1.5675962648485489,1.7455064765045258,1.8134268725738814,1.6327311329002883,1.246512915726046,1.727792651669274,1.8037852729647814,1.3104407350105571,1.5114640996998592,1.7986636770331375,2.0060509038002734,1.4198070848623154,1.8838317952316292,1.7209723732784825,1.563254207001564,1.7491324088761369,9.908335771919958,63.0252188811914,15.75630472029785
193278,Coyle,HUL,DEF,4.0,0.6,a,,,,,,,,,,,,,,,,,,,,,,,,,False,,,,1.0099370333055604,0.0,0.04603779782868016,0.05289571900960875,12.920162047390122,0.20127875497479975,0.0,0.1841646621825304,2.0,168.0,2.0,1.0,0.5602857559410993,,0.5602857559410993,0.5602857559410993,43.70228896340575,1.0,1.4307067206302304,1.946236263934148,1.608094517129556,1.68273971994273,1.578303853988169,1.662254696295126,1.7939054878206862,1.6373139926013254,1.7986636770331375,1.4956035201529727,1.4718089785600066,1.7573617153620047,1.6637882012818275,1.6791492125508256,1.6745612677607125,1.4603465759670082,1.4323131702963972,1.628740580182762,1.978523037493596,1.888120674864333,1.309477881428403,1.946236263934148,1.5675962648485489,1.7455064765045258,1.8134268725738814,1.6327311329002883,1.246512915726046,1.727792651669274,1.8037852729647814,1.3104407350105571,1.5114640996998592,1.7986636770331375,2.0060509038002734,1.4198070848623154,1.8838317952316292,1.7209723732784825,1.563254207001564,1.7491324088761369,9.908335771919958,63.0252188811914,15.75630472029785
433590,Drameh,HUL,DEF,4.0,0.0,i,Hamstring injury - Expected back 29 Aug,0.0,,,,,,,,,,,,,,,,,,,,,,,False,,,,1.0099370333055604,0.0,0.04603779782868016,0.05289571900960875,12.920162047390122,0.20127875497479975,0.0,0.1841646621825304,,,,,0.21498760752296253,,0.21498760752296253,0.21498760752296253,16.769033386791076,0.0,0.0,0.0,0.0,0.0,0.0,0.0,0.0,0.0,0.0,0.0,0.0,0.0,0.0,0.0,0.0,0.0,0.0,0.0,0.0,0.0,0.0,0.0,0.0,0.0,0.0,0.0,0.0,0.0,0.0,0.0,0.0,0.0,0.0,0.0,0.0,0.0,0.0,0.0,0.0,0.0,0.0
232351,Giles,HUL,DEF,4.0,0.8,a,,,,1.0,1.0,,,,,,,,,,,,,,,,,,,,False,,,,1.0099370333055604,0.0,0.04603779782868016,0.05289571900960875,12.920162047390122,0.20127875497479975,0.0,0.1841646621825304,2.0,150.0,2.0,1.0,0.5602857559410993,,0.5602857559410993,0.5602857559410993,43.70228896340575,1.0,1.4307067206302304,1.946236263934148,1.608094517129556,1.68273971994273,1.578303853988169,1.662254696295126,1.7939054878206862,1.6373139926013254,1.7986636770331375,1.4956035201529727,1.4718089785600066,1.7573617153620047,1.6637882012818275,1.6791492125508256,1.6745612677607125,1.4603465759670082,1.4323131702963972,1.628740580182762,1.978523037493596,1.888120674864333,1.309477881428403,1.946236263934148,1.5675962648485489,1.7455064765045258,1.8134268725738814,1.6327311329002883,1.246512915726046,1.727792651669274,1.8037852729647814,1.3104407350105571,1.5114640996998592,1.7986636770331375,2.0060509038002734,1.4198070848623154,1.8838317952316292,1.7209723732784825,1.563254207001564,1.7491324088761369,9.908335771919958,63.0252188811914,15.75630472029785
449428,Jacob,HUL,DEF,4.0,0.0,d,Hip injury - 75% chance of playing,75.0,,,,,,,,,,,,,,,,,,,,,,,False,,,,1.0099370333055604,0.0,0.04603779782868016,0.05289571900960875,12.920162047390122,0.20127875497479975,0.0,0.1841646621825304,,,,,0.21498760752296253,,0.21498760752296253,0.21498760752296253,16.769033386791076,0.75,0.41173304649518694,0.5600936757996281,0.4627822355502036,0.48426385461115345,0.45420898967426904,0.47836861341857784,0.5162554707924247,0.47119110333526826,0.5176247966731196,0.43040924098703615,0.42356157685101214,0.5057387949790813,0.4788099300566321,0.4832305676868556,0.48191023525369764,0.42026289245139536,0.41219535537062196,0.46872382114315003,0.5693852597751867,0.5433689982737989,0.37684544963979766,0.5600936757996281,0.45112752774115333,0.5023270589878168,0.5218733931103524,0.46987223430420866,0.35872520404559466,0.4972293216533006,0.5190987048231589,0.3771225425149429,0.4349736458660056,0.5176247966731196,0.5773073112302659,0.408596316810689,0.542134731703466,0.49526656159961946,0.4498779573857351,0.5033705406184137,2.851450415549019,18.137585433685565,4.534396358421391
661800,McCarthy,HUL,DEF,4.0,0.1,a,,,,,,,,,,,,,,,,,,,,,,,,,False,,,,1.0099370333055604,0.0,0.04603779782868016,0.05289571900960875,12.920162047390122,0.20127875497479975,0.0,0.1841646621825304,2.0,87.0,1.0,0.5,0.3936190892744327,,0.3936190892744327,0.3936190892744327,30.70228896340575,1.0,1.0051183176116358,1.3672947020326682,1.1297390529526272,1.182179752075301,1.1088101366447374,1.1677883522111523,1.2602773439677033,1.1502666912199182,1.2636201276892964,1.0507104442257786,1.0339939996397585,1.2346041472438682,1.1688656896766558,1.1796573030666506,1.176434121626151,1.0259412864988102,1.0062469011029291,1.1442435882722077,1.3899772176406782,1.3264665978023824,0.919951088613874,1.3672947020326682,1.1012877046700338,1.2262754537642822,1.2739917559556035,1.147047082220998,0.8757161385135841,1.213830911804605,1.2672182165303365,0.9206275247825491,1.0618530206886125,1.2636201276892964,1.4093164450802595,0.9974609665922738,1.3234535194274073,1.2090394429151763,1.0982372668582854,1.2288227899811148,6.960930313528122,44.277279931321864,11.069319982830466
160817,McNair,HUL,DEF,4.0,0.1,a,,,,,,,,,,,,,,,,,,,,,,,,,False,,,,1.0099370333055604,0.0,0.04603779782868016,0.05289571900960875,12.920162047390122,0.20127875497479975,0.0,0.1841646621825304,2.0,19.0,0.0,0.0,0.22695242260776594,,0.22695242260776594,0.22695242260776594,17.702288963405742,1.0,0.5795299145930414,0.7883531401311882,0.6513835887756981,0.6816197842078714,0.6393164193013053,0.673322008127178,0.7266492001147199,0.6632193898385105,0.7285765783454551,0.6058173682985845,0.59617902071951,0.7118465791257317,0.6739431780714835,0.6801653935824751,0.6783069754915888,0.5915359970306121,0.5801806319094608,0.659746596361653,0.8014313977877605,0.7648125207404316,0.5304242957993444,0.7883531401311882,0.6349791444915188,0.7070444310240381,0.7345566393373254,0.6613630315417074,0.5049193613011219,0.6998691719399349,0.730651160095891,0.5308143145545409,0.6122419416773651,0.7285765783454551,0.8125819863602458,0.575114848322232,0.7630752436231856,0.6971065125518702,0.633220326715006,0.7085131710860924,4.013524855136282,25.529340981452318,6.3823352453630795
540324,Belloumi,HUL,MID,5.0,0.5,a,,,,3.0,2.0,,,,,,,,,,,,,,,,,,,,False,,,,1.0099370333055604,0.0,0.12874827856853127,0.11056911278528116,17.390485450822368,0.20778653317403828,0.0,0.0906479839263559,2.0,168.0,2.0,1.0,0.5186817831965301,,0.5186817831965301,0.5186817831965301,40.45717908932935,1.0,1.7344743126453204,1.8636109944044161,1.7778312911953436,1.8175610087998155,1.8368513971920273,1.7919113093250802,1.7905212606117473,1.7957169621640559,1.8661835600703032,1.6394019464619833,1.7444685037184002,1.8113767696146572,1.8059312494974975,1.7259496770147946,1.76632219083276,1.6982696217570978,1.7432976857148015,1.8269024207923068,1.8240383681338652,1.8387768554758956,1.6235472460890557,1.8636109944044161,1.7672204617536371,1.7794996430448482,1.8258074929104988,1.761480844052911,1.6880134143626644,1.7839127348742658,1.8125472247531689,1.716802772780093,1.7477078871353944,1.8661835600703032,1.8851639056005836,1.8380374347381392,1.847221656349407,1.8157406575716797,1.773652808318088,1.75591339826168,10.822240313562004,67.85146152249301,13.570292304498603
232905,Millar,HUL,MID,5.0,0.1,a,,,,,,,,,,,,,,,,,,,,,,,,,False,,,,1.0099370333055604,0.0,0.12874827856853127,0.11056911278528116,17.390485450822368,0.20778653317403828,0.0,0.0906479839263559,2.0,75.0,1.0,0.5,0.35201511652986356,,0.35201511652986356,0.35201511652986356,27.457179089329358,1.0,1.1771401986033387,1.2647817267047488,1.2065653921441852,1.2335288630531638,1.246620721178472,1.2161211147148465,1.2151777267346662,1.2187039070375847,1.2665276565445764,1.1126171882624944,1.183922982285331,1.2293317893406537,1.2256360640217614,1.1713547619404956,1.198754481029627,1.1525690667555941,1.1831283801818366,1.2398686234565945,1.2379248693804523,1.2479274769661772,1.101857037472299,1.2647817267047488,1.1993641128947354,1.2076976568385358,1.2391255258996858,1.1954687916029283,1.1456084597744578,1.2106927013627828,1.2301261451775543,1.165147008623572,1.1861214630647994,1.2665276565445764,1.2794090970733778,1.2474256523685174,1.2536587319665753,1.2322934405446877,1.2037295702884605,1.1916903186693006,7.344758016398755,46.04892808720819,9.209785617441637
171270,Dowell,HUL,MID,4.5,0.4,a,,,,,,,,,,,,,,,,,,,,,,,,,False,,,,1.0099370333055604,0.0,0.11094816940872362,0.09941565006145381,16.88536980497547,0.21831626183663344,0.0,0.08950565093928288,2.0,57.0,1.0,0.5,0.3347785503395017,,0.3347785503395017,0.3347785503395017,26.112726926481134,1.0,1.0771850675302657,1.1561752452681335,1.1035907893058843,1.1267493135601934,1.136157973235782,1.1121632916503785,1.1132104281308264,1.113955616140645,1.1554658493010204,1.02487161086122,1.0832550773866778,1.1243232232579172,1.1200065502739365,1.0755936555463106,1.0980523694390179,1.0573099001271484,1.0821342998848862,1.131248174894276,1.1346140419992106,1.1414746378342533,1.013809171207896,1.1561752452681335,1.09714612857506,1.1063803768159712,1.133162435431838,1.094789874154939,1.0492103119728151,1.1085946647375853,1.1256317136066456,1.0659714011506898,1.0855469968392704,1.1554658493010204,1.1690848772565992,1.134947028310733,1.146118394849551,1.1262530967821887,1.1006820818231433,1.0932786235265635,6.712021680550637,42.12978538723863,9.362174530497473
101282,Crooks,HUL,MID,4.5,0.6,a,,,,,,,,,,,,,,,,,,,,,,,,,False,,,,1.0099370333055604,0.0,0.11094816940872362,0.09941565006145381,16.88536980497547,0.21831626183663344,0.0,0.08950565093928288,2.0,168.0,2.0,1.0,0.5014452170061684,,0.5014452170061684,0.5014452170061684,39.11272692648114,1.0,1.6134525327137843,1.7317673016168484,1.653004119494215,1.6876919189618576,1.701784600192415,1.6658443695462617,1.66741281405724,1.6685289876081288,1.7307047388740695,1.5350952645878846,1.622544445581534,1.684058020144661,1.6775923280655185,1.6110688497483396,1.6447084441912554,1.5836826815050282,1.6208656984902654,1.6944305003185842,1.699472035862412,1.709748121244244,1.518525483020478,1.7317673016168484,1.6433510389864523,1.657182479526346,1.6972977592564422,1.6398217432540314,1.5715507819684795,1.66049913194103,1.6860179313343213,1.5966562374749207,1.6259773777275761,1.7307047388740695,1.751103884582995,1.6999707965896813,1.7167037333702255,1.6869486648624645,1.648647336619651,1.6375581292963033,10.053544842525383,63.10374232310686,14.023053849579302
243413,Slater,HUL,MID,4.5,2.5,a,,,,2.0,,,,,,,,,,,,,,,,,,,,,False,,,,1.0099370333055604,0.0,0.11094816940872362,0.09941565006145381,16.88536980497547,0.21831626183663344,0.0,0.08950565093928288,2.0,176.0,2.0,1.0,0.5014452170061684,,0.5014452170061684,0.5014452170061684,39.11272692648114,1.0,1.6134525327137843,1.7317673016168484,1.653004119494215,1.6876919189618576,1.701784600192415,1.6658443695462617,1.66741281405724,1.6685289876081288,1.7307047388740695,1.5350952645878846,1.622544445581534,1.684058020144661,1.6775923280655185,1.6110688497483396,1.6447084441912554,1.5836826815050282,1.6208656984902654,1.6944305003185842,1.699472035862412,1.709748121244244,1.518525483020478,1.7317673016168484,1.6433510389864523,1.657182479526346,1.6972977592564422,1.6398217432540314,1.5715507819684795,1.66049913194103,1.6860179313343213,1.5966562374749207,1.6259773777275761,1.7307047388740695,1.751103884582995,1.6999707965896813,1.7167037333702255,1.6869486648624645,1.648647336619651,1.6375581292963033,10.053544842525383,63.10374232310686,14.023053849579302
465525,Matazo,HUL,MID,4.5,0.0,i,Knee injury - Unknown return date,0.0,,,,,,,,,,,,,,,,,,,,,,,False,,,,1.0099370333055604,0.0,0.11094816940872362,0.09941565006145381,16.88536980497547,0.21831626183663344,0.0,0.08950565093928288,,,,,0.17277591654790336,,0.17277591654790336,0.17277591654790336,13.476521490736463,0.0,0.0,0.0,0.0,0.0,0.0,0.0,0.0,0.0,0.0,0.0,0.0,0.0,0.0,0.0,0.0,0.0,0.0,0.0,0.0,0.0,0.0,0.0,0.0,0.0,0.0,0.0,0.0,0.0,0.0,0.0,0.0,0.0,0.0,0.0,0.0,0.0,0.0,0.0,0.0,0.0,0.0
208481,Ömür,HUL,MID,5.0,0.0,a,,,,,,,,,,,,,,,,,,,,,,,,,False,,,,1.0099370333055604,0.0,0.12874827856853127,0.11056911278528116,17.390485450822368,0.20778653317403828,0.0,0.0906479839263559,1.0,12.0,0.0,0.0,0.19150214451308478,,0.19150214451308478,0.19150214451308478,14.937167272020613,1.0,0.640384068296038,0.6880625337701192,0.6563918685329536,0.6710604502503741,0.6781826412840222,0.6615903423447977,0.6610771234151864,0.6629954248125965,0.6890123489706491,0.6052824653520538,0.644074016709829,0.6687771715532873,0.666766634815331,0.6372366934366827,0.6521426015020814,0.6270169592686117,0.6436417397998093,0.6745093865486911,0.673451951636075,0.6788935384130071,0.5994287623295251,0.6880625337701192,0.6524742514911007,0.6570078395721013,0.6741051289783536,0.6503551311865463,0.6232302719889837,0.6586371941718684,0.6692093144901375,0.6338595712138699,0.6452700272337217,0.6890123489706491,0.6960200692924381,0.6786205373908676,0.6820114375366219,0.6703883596251613,0.6548491337430904,0.648299578354306,3.995671904478305,25.051391452051657,5.010278290410332
490161,Kamara,HUL,MID,5.0,0.0,u,Has joined Portsmouth permanently,0.0,,,,,,,,,,,,,,,,,,,,,,,False,,,,1.0099370333055604,0.0,0.12874827856853127,0.11056911278528116,17.390485450822368,0.20778653317403828,0.0,0.0906479839263559,,,,,0.18514127924968465,,0.18514127924968465,0.18514127924968465,14.441019781475402,0.0,0.0,0.0,0.0,0.0,0.0,0.0,0.0,0.0,0.0,0.0,0.0,0.0,0.0,0.0,0.0,0.0,0.0,0.0,0.0,0.0,0.0,0.0,0.0,0.0,0.0,0.0,0.0,0.0,0.0,0.0,0.0,0.0,0.0,0.0,0.0,0.0,0.0,0.0,0.0,0.0,0.0
553783,Zambrano,HUL,MID,4.5,0.2,i,Thigh injury - Unknown return date,0.0,,,,,,,,,,,,,,,,,,,,,,,False,,,,1.0099370333055604,0.0,0.11094816940872362,0.09941565006145381,16.88536980497547,0.21831626183663344,0.0,0.08950565093928288,,,,,0.17277591654790336,,0.17277591654790336,0.17277591654790336,13.476521490736463,0.0,0.0,0.0,0.0,0.0,0.0,0.0,0.0,0.0,0.0,0.0,0.0,0.0,0.0,0.0,0.0,0.0,0.0,0.0,0.0,0.0,0.0,0.0,0.0,0.0,0.0,0.0,0.0,0.0,0.0,0.0,0.0,0.0,0.0,0.0,0.0,0.0,0.0,0.0,0.0,0.0,0.0
169432,McBurnie,HUL,FWD,5.5,1.5,a,,,1.0,,,,,,,,,,,,,,,,,,,,,,False,,,,1.0099370333055604,0.0,0.4096861515378287,0.05841178602042822,19.08985528118189,0.18716775058486243,0.0,0.0010279605263157892,2.0,176.0,2.0,1.0,0.5097533424239735,,0.5097533424239735,0.5097533424239735,39.760760709069935,1.0,1.8944945829324624,1.9928319429853962,1.9301006982640536,1.9861417062687878,2.0547565418352187,1.9417236017894544,1.897869765208548,1.9566999412262631,2.046282914168516,1.6903708398851929,1.903080081155908,1.950832929844692,1.968919791458407,1.806288986900181,1.8874716805001959,1.8157148193241228,1.911314434257741,2.0206610251281303,1.9030507077418004,1.962871002201366,1.7090724014645458,1.9928319429853962,1.920988482358188,1.8914697773733546,1.961545743904527,1.8905772620630044,1.8490915187078594,1.905771791005063,1.9383594841658964,1.890157940680538,1.8985445938578376,2.046282914168516,2.015420562181494,2.099335089625596,1.9810696070660665,1.9708335323711994,1.9348764975889199,1.8436136548106916,11.800049074075375,73.26132078945513,13.320240143537296
213292,Akintola,HUL,MID,5.0,0.0,a,,,,,,,,,,,,,,,,,,,,,,,,,False,,,,1.0099370333055604,0.0,0.12874827856853127,0.11056911278528116,17.390485450822368,0.20778653317403828,0.0,0.0906479839263559,,,,,0.18514127924968465,,0.18514127924968465,0.18514127924968465,14.441019781475402,1.0,0.6191133050593328,0.6652081000444102,0.6345893960523162,0.6487707515188404,0.6556563744573353,0.6396151992573816,0.6391190272202228,0.6409736110193024,0.6661263665302714,0.5851776241337351,0.6226806894948002,0.6465633133727192,0.6446195578884654,0.616070472253356,0.6304812711225954,0.6061901930414483,0.6222627709366836,0.6521051292092034,0.651082817668292,0.6563436586870229,0.5795183555720472,0.6652081000444102,0.6308019051467538,0.6351849072224837,0.6517142993106194,0.6287531727679768,0.6025292829829664,0.6367601417751788,0.6469811024076703,0.6128055232884037,0.6238369737701152,0.6661263665302714,0.6729013209742482,0.656079725567089,0.659357994812528,0.6481209848102744,0.6330979041775672,0.6267658964275792,3.8629531263896166,24.219293586555914,4.843858717311183
470294,Gyabi,HUL,MID,4.5,0.1,i,Thigh injury - Unknown return date,0.0,,,,0.0,0.0,0.0,0.0,0.0,0.0,0.0,0.0,0.0,0.0,0.0,0.0,4.5,2.0,,,,,,False,,,LEE,0.998193150012714,0.0,0.11094816940872362,0.09941565006145381,16.88536980497547,0.21831626183663344,0.0,0.08950565093928288,,,,,0.17277591654790336,,0.17277591654790336,0.17277591654790336,13.476521490736463,0.0,0.0,0.0,0.0,0.0,0.0,0.0,0.0,0.0,0.0,0.0,0.0,0.0,0.0,0.0,0.0,0.0,0.0,0.0,0.0,0.0,0.0,0.0,0.0,0.0,0.0,0.0,0.0,0.0,0.0,0.0,0.0,0.0,0.0,0.0,0.0,0.0,0.0,0.0,0.0,0.0,0.0
500957,Destan,HUL,FWD,4.5,1.5,u,Has joined Konyaspor permanently,0.0,,,,,,,,,,,,,,,,,,,,,,,False,,,,1.0099370333055604,0.0,0.38444429049184453,0.057349547188785474,18.480036098490043,0.19957079834822258,0.0,0.0010279605263157892,,,,,0.1607725138052258,,0.1607725138052258,0.1607725138052258,12.540256076807614,0.0,0.0,0.0,0.0,0.0,0.0,0.0,0.0,0.0,0.0,0.0,0.0,0.0,0.0,0.0,0.0,0.0,0.0,0.0,0.0,0.0,0.0,0.0,0.0,0.0,0.0,0.0,0.0,0.0,0.0,0.0,0.0,0.0,0.0,0.0,0.0,0.0,0.0,0.0,0.0,0.0,0.0
534392,Burstow,HUL,FWD,4.5,0.2,u,Has joined Sheffield Wednesday on loan for the rest of the season,0.0,,,,,,,,,,,,,,,,,,,,,,,False,,,,1.0099370333055604,0.0,0.38444429049184453,0.057349547188785474,18.480036098490043,0.19957079834822258,0.0,0.0010279605263157892,,,,,0.1607725138052258,,0.1607725138052258,0.1607725138052258,12.540256076807614,0.0,0.0,0.0,0.0,0.0,0.0,0.0,0.0,0.0,0.0,0.0,0.0,0.0,0.0,0.0,0.0,0.0,0.0,0.0,0.0,0.0,0.0,0.0,0.0,0.0,0.0,0.0,0.0,0.0,0.0,0.0,0.0,0.0,0.0,0.0,0.0,0.0,0.0,0.0,0.0,0.0,0.0
462635,Gelhardt,HUL,MID,5.0,0.0,i,Ankle injury - Expected back 5 Sep,0.0,,,,0.0,0.0,0.0,0.0,0.0,0.0,0.0,0.0,0.0,0.0,0.0,0.0,4.5,2.0,,,,,,False,,,LEE,0.998193150012714,0.0,0.12874827856853127,0.11056911278528116,17.390485450822368,0.20778653317403828,0.0,0.0906479839263559,,,,,0.18514127924968465,,0.18514127924968465,0.18514127924968465,14.441019781475402,0.0,0.0,0.0,0.0,0.0,0.0,0.0,0.0,0.0,0.0,0.0,0.0,0.0,0.0,0.0,0.0,0.0,0.0,0.0,0.0,0.0,0.0,0.0,0.0,0.0,0.0,0.0,0.0,0.0,0.0,0.0,0.0,0.0,0.0,0.0,0.0,0.0,0.0,0.0,0.0,0.0,0.0
169359,Targett,HUL,DEF,4.0,2.8,a,,,,,,0.0,0.0,0.0,0.0,0.0,0.0,0.0,0.0,0.0,0.0,0.0,0.0,4.0,4.0,,,,,,False,,,NEW,1.0234140482398681,0.0,0.04603779782868016,0.05289571900960875,12.920162047390122,0.20127875497479975,0.0,0.1841646621825304,1.0,30.0,0.0,0.0,0.23096793398942256,,0.23096793398942256,0.23096793398942256,18.01549885117496,1.0,0.588885040503071,0.8012623370942157,0.6619590985604414,0.6926500988298054,0.6495000952798914,0.684269051230194,0.7386025064922673,0.6739662609504637,0.7403516728996531,0.6159296134068517,0.6058164403237892,0.7234622132197267,0.6848623059840694,0.691427264743754,0.6894198289466755,0.6012162476322562,0.5895232093467478,0.6703405227966339,0.8147004278563372,0.77734806994695,0.539175843641056,0.8012623370942157,0.6452774429284592,0.7186600221188733,0.7465587614684277,0.6721716499406718,0.5130193404437501,0.7113373500146879,0.7426173510944519,0.5393137101101159,0.6221700537941518,0.7403516728996531,0.8258875545221888,0.5840988218785043,0.7755540207439384,0.7084327359321579,0.6434676384821061,0.7202232097233299,4.078525721497619,25.94507182287453,6.486267955718633
445028,Morita,HUL,MID,5.0,0.0,d,Calf injury - 50% chance of playing,50.0,,,,,,,,,,,,,,,,,,,,,,,False,,,,1.0099370333055604,0.0,0.12874827856853127,0.11056911278528116,17.390485450822368,0.20778653317403828,0.0,0.0906479839263559,,,,,0.18514127924968465,,0.18514127924968465,0.18514127924968465,14.441019781475402,0.5,0.3095566525296664,0.3326040500222051,0.3172946980261581,0.3243853757594202,0.32782818722866763,0.3198075996286908,0.3195595136101114,0.3204868055096512,0.3330631832651357,0.29258881206686754,0.3113403447474001,0.3232816566863596,0.3223097789442327,0.308035236126678,0.3152406355612977,0.30309509652072414,0.3111313854683418,0.3260525646046017,0.325541408834146,0.32817182934351147,0.2897591777860236,0.3326040500222051,0.3154009525733769,0.31759245361124183,0.3258571496553097,0.3143765863839884,0.3012646414914832,0.3183800708875894,0.32349055120383513,0.3064027616442018,0.3119184868850576,0.3330631832651357,0.3364506604871241,0.3280398627835445,0.329678997406264,0.3240604924051372,0.3165489520887836,0.3133829482137896,1.9314765631948083,12.109646793277957,2.4219293586555914
473284,Tzolakis,HUL,GKP,4.5,0.5,a,,,,,,,,,,,,,,,,,,,,,,,,,False,,,,1.0099370333055604,0.0,0.00017090365306558279,0.0015287329548684496,13.687822974951251,0.07062094801579323,2.770091475922773,0.0,2.0,180.0,2.0,1.0,0.06812453669384731,2.0,0.06812453669384731,0.06812453669384731,5.313713862120091,1.0,0.2014488017887584,0.24513481156351086,0.2131235314863489,0.22560775847597875,0.21757563631775992,0.21694295148898732,0.23524783025464444,0.21477959578977857,0.22547573327827816,0.2182444647131431,0.2040177301081348,0.23154263576888412,0.21652951708289145,0.2285904487787596,0.21894775195626526,0.2141179582120661,0.20127326840300586,0.2129291569339232,0.24959860938419373,0.2411669073334249,0.19681562010917306,0.24513481156351086,0.21035230756325937,0.23179117304888014,0.2284295601453511,0.22386668965189904,0.19114573148272543,0.23024055002696545,0.23520743681172984,0.19413280836117036,0.21591756878367566,0.22547573327827816,0.24948105794328276,0.1974523798278894,0.24046967961193008,0.22087703096525194,0.2185616878679328,0.2256922717164737,1.319833491121344,8.413339197878118,1.869630932861804
552946,Hjertø-Dahl,HUL,MID,5.0,0.1,a,,,,,,,,,,,,,,,,,,,,,,,,,False,,,,1.0099370333055604,0.0,0.12874827856853127,0.11056911278528116,17.390485450822368,0.20778653317403828,0.0,0.0906479839263559,2.0,150.0,2.0,1.0,0.5186817831965301,,0.5186817831965301,0.5186817831965301,40.45717908932935,1.0,1.7344743126453204,1.8636109944044161,1.7778312911953436,1.8175610087998155,1.8368513971920273,1.7919113093250802,1.7905212606117473,1.7957169621640559,1.8661835600703032,1.6394019464619833,1.7444685037184002,1.8113767696146572,1.8059312494974975,1.7259496770147946,1.76632219083276,1.6982696217570978,1.7432976857148015,1.8269024207923068,1.8240383681338652,1.8387768554758956,1.6235472460890557,1.8636109944044161,1.7672204617536371,1.7794996430448482,1.8258074929104988,1.761480844052911,1.6880134143626644,1.7839127348742658,1.8125472247531689,1.716802772780093,1.7477078871353944,1.8661835600703032,1.8851639056005836,1.8380374347381392,1.847221656349407,1.8157406575716797,1.773652808318088,1.75591339826168,10.822240313562004,67.85146152249301,13.570292304498603
608227,Stroud,HUL,MID,5.0,0.1,a,,,,,,,,,,,,,,,,,,,,,,,,,False,,,,1.0099370333055604,0.0,0.12874827856853127,0.11056911278528116,17.390485450822368,0.20778653317403828,0.0,0.0906479839263559,1.0,60.0,1.0,1.0,0.40230353824130777,,0.40230353824130777,0.40230353824130777,31.379675982822008,1.0,1.3453049163700426,1.445466799188166,1.3789337547892973,1.4097491920832472,1.4247113360328747,1.38985459545809,1.3887764362980457,1.3928063621328377,1.4474621502941298,1.2715642326914773,1.3530566797070565,1.4049525298789436,1.4007288380477085,1.3386929797501694,1.370006987071898,1.3172235845841032,1.3521485617805284,1.4169946424123272,1.414773206156942,1.426204773252826,1.2592669007542039,1.445466799188166,1.3707037101523603,1.3802277733452426,1.416145386904922,1.3662519083271172,1.3092685943427087,1.3836506860348248,1.4058603663575528,1.3315983948682852,1.3555692325913036,1.4474621502941298,1.4621838166630856,1.4256312586458249,1.432754787888427,1.4083372787220187,1.3756928111115747,1.3619336476645287,8.394020593921717,52.62741806183698,10.525483612367395
597462,Herrington,HUL,DEF,4.0,0.4,a,,,,,,,,,,,,,,,,,,,,,,,,,False,,,,1.0099370333055604,0.0,0.04603779782868016,0.05289571900960875,12.920162047390122,0.20127875497479975,0.0,0.1841646621825304,1.0,30.0,0.0,0.0,0.23096793398942256,,0.23096793398942256,0.23096793398942256,18.01549885117496,1.0,0.5897836450503748,0.8023016187179649,0.6629086396409788,0.6936798096969115,0.6506279634949582,0.6852352195222701,0.7395059394260035,0.6749538537311237,0.7414674191178878,0.6165362075586196,0.6067273269049941,0.7244414129134847,0.6858673799418155,0.6921996862679497,0.6903083868404816,0.6020021533352803,0.5904458756291788,0.6714196154740244,0.8156112724172354,0.778344490774408,0.539809191419386,0.8023016187179649,0.6462139484760833,0.7195542995131738,0.7475532864400012,0.6730646505420581,0.5138529933761912,0.7122520872369106,0.743578706828698,0.5402061108488848,0.6230744521078965,0.7414674191178878,0.8269591504251473,0.585290462191703,0.7765764756903353,0.7094405476029821,0.6444240116098567,0.7210490262660426,4.084536896123458,25.98103635486715,6.495259088716788
606930,Mendy,HUL,DEF,4.0,0.6,a,,,,,,,,,,,,,,,,,,,,,,,,,False,,,,1.0099370333055604,0.0,0.04603779782868016,0.05289571900960875,12.920162047390122,0.20127875497479975,0.0,0.1841646621825304,1.0,30.0,0.0,0.0,0.23096793398942256,,0.23096793398942256,0.23096793398942256,18.01549885117496,1.0,0.5897836450503748,0.8023016187179649,0.6629086396409788,0.6936798096969115,0.6506279634949582,0.6852352195222701,0.7395059394260035,0.6749538537311237,0.7414674191178878,0.6165362075586196,0.6067273269049941,0.7244414129134847,0.6858673799418155,0.6921996862679497,0.6903083868404816,0.6020021533352803,0.5904458756291788,0.6714196154740244,0.8156112724172354,0.778344490774408,0.539809191419386,0.8023016187179649,0.6462139484760833,0.7195542995131738,0.7475532864400012,0.6730646505420581,0.5138529933761912,0.7122520872369106,0.743578706828698,0.5402061108488848,0.6230744521078965,0.7414674191178878,0.8269591504251473,0.585290462191703,0.7765764756903353,0.7094405476029821,0.6444240116098567,0.7210490262660426,4.084536896123458,25.98103635486715,6.495259088716788
469266,Gourna-Douath,HUL,MID,5.0,0.0,a,,,,,,,,,,,,,,,,,,,,,,,,,False,,,,1.0099370333055604,0.0,0.12874827856853127,0.11056911278528116,17.390485450822368,0.20778653317403828,0.0,0.0906479839263559,1.0,30.0,0.0,0.0,0.19150214451308478,,0.19150214451308478,0.19150214451308478,14.937167272020613,1.0,0.640384068296038,0.6880625337701192,0.6563918685329536,0.6710604502503741,0.6781826412840222,0.6615903423447977,0.6610771234151864,0.6629954248125965,0.6890123489706491,0.6052824653520538,0.644074016709829,0.6687771715532873,0.666766634815331,0.6372366934366827,0.6521426015020814,0.6270169592686117,0.6436417397998093,0.6745093865486911,0.673451951636075,0.6788935384130071,0.5994287623295251,0.6880625337701192,0.6524742514911007,0.6570078395721013,0.6741051289783536,0.6503551311865463,0.6232302719889837,0.6586371941718684,0.6692093144901375,0.6338595712138699,0.6452700272337217,0.6890123489706491,0.6960200692924381,0.6786205373908676,0.6820114375366219,0.6703883596251613,0.6548491337430904,0.648299578354306,3.995671904478305,25.051391452051657,5.010278290410332
219924,Diop,IPS,DEF,4.0,18.1,a,,,,,,812.0,8.0,31.0,3.435960591133005,0.0886699507389162,0.0055418719211822,0.0942118226600985,1.376600985221675,3.0,11.416256157635468,0.2216748768472906,0.0,4.3,54.0,13.0,1.0,0.0769230769230769,7.536945812807882,0.2216748768472906,True,13.0,8.0,FUL,0.9237133199263733,9.022222222222222,0.07296139854703415,0.028452090638830585,12.746205544207065,0.20658150068717185,0.0,0.13264317512482693,2.0,134.0,1.0,0.5,0.3866681500759426,,0.5182470974443636,0.3866681500759426,33.054852548028784,1.0,1.4107396349811165,1.1908753676644828,1.135072392371368,1.370113625625142,1.4621462322439547,1.3457292809365875,1.1481880721371274,1.3048648081002556,1.5072367794343446,1.1397509560411352,1.5512659742057242,1.2622653083926831,1.5072367794343446,1.3457223244871945,1.3562386953469032,1.3572455493413047,1.2850829323402575,1.0458335221775517,1.1642022791676045,1.4066092186833203,1.3036924148458564,1.4066092186833203,1.4021550380341175,1.3064793459747484,1.0320643372440708,1.3196491505884678,1.1628038721540648,1.2305934189442267,1.2769075066605018,1.2326714649304793,1.5232847704151968,1.132692260844885,1.2501909955749846,1.2837062669796786,1.3921026029269832,0.9967102515790421,1.463814265200655,1.3017505102496434,7.914676533822651,49.3142974249433,12.328574356235825
212314,Lukić,IPS,MID,5.0,0.1,a,,,,4.0,,1730.0,20.0,67.0,3.485549132947977,0.1160115606936416,0.0993641618497109,0.2153757225433526,1.4379190751445088,4.0,16.335260115606935,0.4682080924855492,0.0,4.9,54.0,26.0,3.0,0.1153846153846153,9.520231213872831,0.3121387283236994,True,26.0,17.0,FUL,0.9237133199263733,19.22222222222222,0.12640564283374245,0.1061347406654709,16.82371462882329,0.3893696290799904,0.0,0.10952363917954588,,,,,0.40256631897169176,,0.6394084242348497,0.40256631897169176,36.61069919558143,1.0,1.72524098572851,1.6581484965089652,1.6560383813989008,1.7129394980240793,1.7438683660858454,1.7183825987181642,1.6112625734005555,1.7105724481575153,1.7577978953547608,1.7488983427220979,1.7768480315273834,1.6847723724016104,1.7577978953547608,1.6869912769056794,1.6588699511782834,1.6820958248915197,1.7013885484719746,1.6332998201855355,1.5526875409203569,1.7652895208379316,1.6317769793486547,1.7652895208379316,1.7125656079916527,1.6714573423448358,1.542304770910397,1.7213691750897868,1.6561005684646715,1.6820202828119866,1.6680190768748506,1.6756001801807714,1.7178543878420547,1.6474611186113386,1.7433949683728422,1.73216808044772,1.6913080157843512,1.6067336436123145,1.735443184558322,1.696895226863447,10.214618326464466,64.24095249972235,12.84819049994447
108813,Walton,IPS,GKP,4.5,0.6,a,,,,,,,,,,,,,,,,,,,,,,,,,False,,,,1.0099370333055604,0.0,0.00017090365306558279,0.0015287329548684496,13.687822974951251,0.07062094801579323,2.770091475922773,0.0,,,,,0.009052889418893224,3.0,0.009052889418893224,0.009052889418893224,0.7061253746736714,1.0,0.030355399806910537,0.028692714382473367,0.02674667205474282,0.03076908818910311,0.0319553794238148,0.02935176418869462,0.028453568895509283,0.02877403457269758,0.032575316464590616,0.026238924282337556,0.033152877645522556,0.028321422159252322,0.032575316464590616,0.03059605746027069,0.029991648790656193,0.030802115650594524,0.028541492162471573,0.025797795213946623,0.029001929425408753,0.02996287357058044,0.03037677987168146,0.02996287357058044,0.031256093902363585,0.029095387406199377,0.02615430696822868,0.02998041804975484,0.027111376308697227,0.029044084371053814,0.029749052020714394,0.02795316154496785,0.03316849874545577,0.026769998221901695,0.02891305058971362,0.028295592239309303,0.03126146168010859,0.02540085047158719,0.03204803217081029,0.028828974776946927,0.17787101804573927,1.1180263837142437,0.24845030749205416
112520,Palmer,IPS,GKP,4.0,5.2,a,,,,,,,,,,,,,,,,,,,,,,,,,False,,,,1.0099370333055604,0.0,0.00013212214651043744,0.0011313976123006986,12.866935659988142,0.06734305438832919,2.9028711226076327,0.0,1.0,66.0,1.0,1.0,0.5556174014562343,1.0,0.5556174014562343,0.5556174014562343,43.33815731358627,1.0,1.8597879950867615,1.766485451182765,1.6452307347571586,1.8889378919769417,1.9595689189680365,1.7997382512252342,1.7525903645407552,1.7652770954352113,1.9966087986641445,1.6153112843751762,2.0311696905240235,1.7383716249191303,1.9966087986641445,1.8787011928277557,1.8381050539711181,1.8909491405996028,1.7514399548284578,1.5897542972748953,1.7847546944923385,1.836209485184724,1.8657765628201861,1.836209485184724,1.9179115471689385,1.7845051303708195,1.6106660416547978,1.8421628507659402,1.6667160013144782,1.7870365742438616,1.8285702782927167,1.7165075987730976,2.032202353752007,1.6466156778091194,1.779259696533522,1.736760949574194,1.9182649980993836,1.56679496616577,1.9651167635523972,1.7685736286008835,10.919749243196897,68.65525182417521,17.163812956043802
50093,Button,IPS,GKP,4.0,0.5,a,,,,,,,,,,,,,,,,,,,,,,,,,False,,,,1.0099370333055604,0.0,0.00013212214651043744,0.0011313976123006986,12.866935659988142,0.06734305438832919,2.9028711226076327,0.0,,,,,0.00903258452315725,4.0,0.00903258452315725,0.00903258452315725,0.7045415928062655,1.0,0.030234280310058936,0.028717475559470462,0.026746256745813442,0.03070816558941085,0.03185640306286356,0.029258061088699803,0.028491585325972374,0.028697831510534604,0.03245855454913054,0.026259860956636644,0.03302040552086373,0.028260433516996485,0.03245855454913054,0.03054174918477555,0.029881784153847173,0.030740862141271277,0.028472883296598653,0.025844385045451182,0.029014475768490814,0.029850968190852332,0.030331635511827347,0.029850968190852332,0.031179185735253304,0.029010418643901734,0.026184343977880345,0.029947751116780594,0.027095539337886533,0.029051571927958264,0.02972677880844441,0.027904993489986967,0.033037193364200294,0.026768771546724662,0.028925144452755375,0.02823424902177662,0.03118493173132122,0.025471138818290565,0.03194659349786116,0.028751422730633695,0.17752064235631707,1.1161176079712047,0.2790294019928012
183015,Kipré,IPS,DEF,4.0,0.6,a,,,,,,,,,,,,,,,,,,,,,,,,,False,,,,1.0099370333055604,0.0,0.04603779782868016,0.05289571900960875,12.920162047390122,0.20127875497479975,0.0,0.1841646621825304,1.0,46.0,1.0,1.0,0.4417693277176456,,0.4417693277176456,0.4417693277176456,34.45800756197636,1.0,1.4298353328944782,1.191746304655223,1.1293380558285824,1.3856295565611627,1.4853476050176264,1.3569375988987316,1.15144159611213,1.3118495113448727,1.5345517475341224,1.1194773643938811,1.5817138839281613,1.2679366309170246,1.5345517475341224,1.362315193755639,1.3791409832656703,1.3762820390766184,1.290975353387747,1.0332451189073064,1.1792406903515515,1.4181949745597497,1.3239612303193633,1.4181949745597497,1.4222332067788848,1.3203437667946487,1.0324859363381111,1.3267922429229635,1.1604793734138796,1.232581326146478,1.2873618993106377,1.2360049148342747,1.5600089470047238,1.1280714161157048,1.244447543270797,1.2842154623852833,1.414443278166885,0.9828398579341138,1.4887292642011958,1.3106403864298748,7.978834453855804,49.693586315851974,12.423396578962993
216616,O'Shea,IPS,DEF,4.0,3.1,a,,,,,,,,,,,,,,,,,,,,,,,,,False,,,,1.0099370333055604,0.0,0.04603779782868016,0.05289571900960875,12.920162047390122,0.20127875497479975,0.0,0.1841646621825304,2.0,136.0,2.0,1.0,0.5602857559410993,,0.5602857559410993,0.5602857559410993,43.70228896340575,1.0,1.8134268725738814,1.5114640996998592,1.4323131702963972,1.7573617153620047,1.8838317952316292,1.7209723732784825,1.4603465759670082,1.6637882012818275,1.946236263934148,1.4198070848623154,2.0060509038002734,1.608094517129556,1.946236263934148,1.727792651669274,1.7491324088761369,1.7455064765045258,1.6373139926013254,1.3104407350105571,1.4956035201529727,1.7986636770331375,1.6791492125508256,1.7986636770331375,1.8037852729647814,1.6745612677607125,1.309477881428403,1.68273971994273,1.4718089785600066,1.563254207001564,1.6327311329002883,1.5675962648485489,1.978523037493596,1.4307067206302304,1.578303853988169,1.628740580182762,1.7939054878206862,1.246512915726046,1.888120674864333,1.662254696295126,10.119370026442255,63.02521888119141,15.756304720297852
455084,Davis,IPS,DEF,4.0,5.2,a,,,,2.0,2.0,,,,,,,,,,,,,,,,,,,,False,,,,1.0099370333055604,0.0,0.04603779782868016,0.05289571900960875,12.920162047390122,0.20127875497479975,0.0,0.1841646621825304,2.0,136.0,2.0,1.0,0.5602857559410993,,0.5602857559410993,0.5602857559410993,43.70228896340575,1.0,1.8134268725738814,1.5114640996998592,1.4323131702963972,1.7573617153620047,1.8838317952316292,1.7209723732784825,1.4603465759670082,1.6637882012818275,1.946236263934148,1.4198070848623154,2.0060509038002734,1.608094517129556,1.946236263934148,1.727792651669274,1.7491324088761369,1.7455064765045258,1.6373139926013254,1.3104407350105571,1.4956035201529727,1.7986636770331375,1.6791492125508256,1.7986636770331375,1.8037852729647814,1.6745612677607125,1.309477881428403,1.68273971994273,1.4718089785600066,1.563254207001564,1.6327311329002883,1.5675962648485489,1.978523037493596,1.4307067206302304,1.578303853988169,1.628740580182762,1.7939054878206862,1.246512915726046,1.888120674864333,1.662254696295126,10.119370026442255,63.02521888119141,15.756304720297852
449429,Greaves,IPS,DEF,4.0,1.0,a,,,,,,,,,,,,,,,,,,,,,,,,,False,,,,1.0099370333055604,0.0,0.04603779782868016,0.05289571900960875,12.920162047390122,0.20127875497479975,0.0,0.1841646621825304,2.0,126.0,1.0,0.5,0.3936190892744327,,0.3936190892744327,0.3936190892744327,30.70228896340575,1.0,1.2739917559556035,1.0618530206886125,1.0062469011029291,1.2346041472438682,1.3234535194274073,1.2090394429151763,1.0259412864988102,1.1688656896766558,1.3672947020326682,0.9974609665922738,1.4093164450802595,1.1297390529526272,1.3672947020326682,1.213830911804605,1.2288227899811148,1.2262754537642822,1.1502666912199182,0.9206275247825491,1.0507104442257786,1.2636201276892964,1.1796573030666506,1.2636201276892964,1.2672182165303365,1.176434121626151,0.919951088613874,1.182179752075301,1.0339939996397585,1.0982372668582854,1.147047082220998,1.1012877046700338,1.3899772176406782,1.0051183176116358,1.1088101366447374,1.1442435882722077,1.2602773439677033,0.8757161385135841,1.3264665978023824,1.1677883522111523,7.109188787333597,44.277279931321864,11.069319982830466
222018,Johnson,IPS,DEF,4.0,0.1,a,,,,,,,,,,,,,,,,,,,,,,,,,False,,,,1.0099370333055604,0.0,0.04603779782868016,0.05289571900960875,12.920162047390122,0.20127875497479975,0.0,0.1841646621825304,1.0,44.0,0.0,0.0,0.23096793398942256,,0.23096793398942256,0.23096793398942256,18.01549885117496,1.0,0.7475532864400012,0.6230744521078965,0.5904458756291788,0.7244414129134847,0.7765764756903353,0.7094405476029821,0.6020021533352803,0.6858673799418155,0.8023016187179649,0.585290462191703,0.8269591504251473,0.6629086396409788,0.8023016187179649,0.7122520872369106,0.7210490262660426,0.7195542995131738,0.6749538537311237,0.5402061108488848,0.6165362075586196,0.7414674191178878,0.6921996862679497,0.7414674191178878,0.743578706828698,0.6903083868404816,0.539809191419386,0.6936798096969115,0.6067273269049941,0.6444240116098567,0.6730646505420581,0.6462139484760833,0.8156112724172354,0.5897836450503748,0.6506279634949582,0.6714196154740244,0.7395059394260035,0.5138529933761912,0.778344490774408,0.6852352195222701,4.171532050383879,25.98103635486715,6.495259088716788
176420,Furlong,IPS,DEF,4.0,0.6,a,,,,,,,,,,,,,,,,,,,,,,,,,False,,,,1.0099370333055604,0.0,0.04603779782868016,0.05289571900960875,12.920162047390122,0.20127875497479975,0.0,0.1841646621825304,2.0,52.0,0.0,0.0,0.22695242260776594,,0.22695242260776594,0.22695242260776594,17.702288963405742,1.0,0.7345566393373254,0.6122419416773651,0.5801806319094608,0.7118465791257317,0.7630752436231856,0.6971065125518702,0.5915359970306121,0.6739431780714835,0.7883531401311882,0.575114848322232,0.8125819863602458,0.6513835887756981,0.7883531401311882,0.6998691719399349,0.7085131710860924,0.7070444310240381,0.6632193898385105,0.5308143145545409,0.6058173682985845,0.7285765783454551,0.6801653935824751,0.7285765783454551,0.730651160095891,0.6783069754915888,0.5304242957993444,0.6816197842078714,0.59617902071951,0.633220326715006,0.6613630315417074,0.6349791444915188,0.8014313977877605,0.5795299145930414,0.6393164193013053,0.659746596361653,0.7266492001147199,0.5049193613011219,0.7648125207404316,0.673322008127178,4.099007548224939,25.52934098145233,6.382335245363082
501390,Núñez,IPS,MID,5.0,0.1,a,,,,1.0,1.0,,,,,,,,,,,,,,,,,,,,False,,,,1.0099370333055604,0.0,0.12874827856853127,0.11056911278528116,17.390485450822368,0.20778653317403828,0.0,0.0906479839263559,2.0,136.0,2.0,1.0,0.5186817831965301,,0.5186817831965301,0.5186817831965301,40.45717908932935,1.0,1.8258074929104988,1.7477078871353944,1.7432976857148015,1.8113767696146572,1.847221656349407,1.8157406575716797,1.6982696217570978,1.8059312494974975,1.8636109944044161,1.8380374347381392,1.8851639056005836,1.7778312911953436,1.8636109944044161,1.7839127348742658,1.75591339826168,1.7794996430448482,1.7957169621640559,1.716802772780093,1.6394019464619833,1.8661835600703032,1.7259496770147946,1.8661835600703032,1.8125472247531689,1.76632219083276,1.6235472460890557,1.8175610087998155,1.7444685037184002,1.773652808318088,1.761480844052911,1.7672204617536371,1.8240383681338652,1.7344743126453204,1.8368513971920273,1.8269024207923068,1.7905212606117473,1.6880134143626644,1.8387768554758956,1.7919113093250802,10.79115214929644,67.85146152249301,13.570292304498603
241117,Matusiwa,IPS,MID,5.0,0.0,i,Muscular injury - Unknown return date,0.0,,,,,,,,,,,,,,,,,,,,,,,False,,,,1.0099370333055604,0.0,0.12874827856853127,0.11056911278528116,17.390485450822368,0.20778653317403828,0.0,0.0906479839263559,,,,,0.18514127924968465,,0.18514127924968465,0.18514127924968465,14.441019781475402,0.0,0.0,0.0,0.0,0.0,0.0,0.0,0.0,0.0,0.0,0.0,0.0,0.0,0.0,0.0,0.0,0.0,0.0,0.0,0.0,0.0,0.0,0.0,0.0,0.0,0.0,0.0,0.0,0.0,0.0,0.0,0.0,0.0,0.0,0.0,0.0,0.0,0.0,0.0,0.0,0.0,0.0
149929,Burns,IPS,MID,5.0,0.0,u,Has joined Leicester City permanently,0.0,,,,,,,,,,,,,,,,,,,,,,,False,,,,1.0099370333055604,0.0,0.12874827856853127,0.11056911278528116,17.390485450822368,0.20778653317403828,0.0,0.0906479839263559,,,,,0.18514127924968465,,0.18514127924968465,0.18514127924968465,14.441019781475402,0.0,0.0,0.0,0.0,0.0,0.0,0.0,0.0,0.0,0.0,0.0,0.0,0.0,0.0,0.0,0.0,0.0,0.0,0.0,0.0,0.0,0.0,0.0,0.0,0.0,0.0,0.0,0.0,0.0,0.0,0.0,0.0,0.0,0.0,0.0,0.0,0.0,0.0,0.0,0.0,0.0,0.0
231899,Taylor,IPS,MID,4.5,0.1,i,Knee injury - Unknown return date,0.0,,,,,,,,,,,,,,,,,,,,,,,False,,,,1.0099370333055604,0.0,0.11094816940872362,0.09941565006145381,16.88536980497547,0.21831626183663344,0.0,0.08950565093928288,,,,,0.17277591654790336,,0.17277591654790336,0.17277591654790336,13.476521490736463,0.0,0.0,0.0,0.0,0.0,0.0,0.0,0.0,0.0,0.0,0.0,0.0,0.0,0.0,0.0,0.0,0.0,0.0,0.0,0.0,0.0,0.0,0.0,0.0,0.0,0.0,0.0,0.0,0.0,0.0,0.0,0.0,0.0,0.0,0.0,0.0,0.0,0.0,0.0,0.0,0.0,0.0
443261,Clarke,IPS,MID,5.5,0.3,a,,,1.0,3.0,3.0,,,,,,,,,,,,,,,,,,,,False,,,,1.0099370333055604,0.0,0.14654838772833892,0.12172257550910852,17.895601096669267,0.19725680451144315,0.0,0.09179031691342893,2.0,88.0,0.0,0.0,0.20258501605355858,,0.20258501605355858,0.20258501605355858,15.80163125217757,1.0,0.7407326917435717,0.7085385175823616,0.7071586039203833,0.7348089682754751,0.7496203800751687,0.7370500070508627,0.6870068032326881,0.7331673361952625,0.75633725095037,0.7492062390299172,0.7653613567451536,0.721150651145368,0.75633725095037,0.722873189284366,0.7102696302414785,0.7207658228225264,0.7288500213424776,0.6962426906167631,0.6606515469538975,0.7587760971169888,0.69756509748165,0.7587760971169888,0.7349314646630238,0.7155117502279132,0.6549608237463178,0.7381717042212966,0.7073949747008813,0.7196467653491486,0.7137041541594716,0.7167618324122691,0.7384723212027313,0.7032611321067289,0.7475469809733951,0.7427463775451236,0.7252423181439248,0.6838964472776751,0.7458337784922366,0.7269618145798824,4.3779091686478235,27.51629088967612,5.002961979941113
229164,Ogbene,IPS,MID,5.0,0.0,a,,,,,,,,,,,,,,,,,,,,,,,,,False,,,,1.0099370333055604,0.0,0.12874827856853127,0.11056911278528116,17.390485450822368,0.20778653317403828,0.0,0.0906479839263559,,,,,0.18514127924968465,,0.18514127924968465,0.18514127924968465,14.441019781475402,1.0,0.6517142993106194,0.6238369737701152,0.6222627709366836,0.6465633133727192,0.659357994812528,0.6481209848102744,0.6061901930414483,0.6446195578884654,0.6652081000444102,0.656079725567089,0.6729013209742482,0.6345893960523162,0.6652081000444102,0.6367601417751788,0.6267658964275792,0.6351849072224837,0.6409736110193024,0.6128055232884037,0.5851776241337351,0.6661263665302714,0.616070472253356,0.6661263665302714,0.6469811024076703,0.6304812711225954,0.5795183555720472,0.6487707515188404,0.6226806894948002,0.6330979041775672,0.6287531727679768,0.6308019051467538,0.651082817668292,0.6191133050593328,0.6556563744573353,0.6521051292092034,0.6391190272202228,0.6025292829829664,0.6563436586870229,0.6396151992573816,3.8518563370129395,24.21929358655592,4.843858717311184
531442,Fatawu,IPS,MID,5.5,0.3,a,,,,,,,,,,,,,,,,,,,,,,,,,False,,,,1.0099370333055604,0.0,0.14654838772833892,0.12172257550910852,17.895601096669267,0.19725680451144315,0.0,0.09179031691342893,,,,,0.19750664195146597,,0.19750664195146597,0.19750664195146597,15.405518072214345,1.0,0.7221641036436038,0.6907769687367448,0.6894316465659864,0.7163888752835581,0.7308289965921568,0.7185737359984928,0.6697850085241598,0.7147883954168889,0.7373774898461292,0.7304252371792679,0.7461753805631369,0.7030729430215074,0.7373774898461292,0.7047523008046954,0.6924646860951277,0.7026977615236213,0.710579306435721,0.6787893719178884,0.6440904222867548,0.7397551993430534,0.6800786288642574,0.7397551993430534,0.7165083009480383,0.6975753973184773,0.6385423533678414,0.7196673146141999,0.6896620920353556,0.7016067564333972,0.6958131138266509,0.698794142609739,0.7199603957693286,0.6856318760547664,0.728807573181907,0.7241273106386598,0.7070620406586935,0.6667526225564534,0.7271373170315357,0.7087384329878467,4.268164326820543,26.826516187864826,4.877548397793604
543968,Emersonn,IPS,FWD,5.5,0.4,a,,,2.0,,,,,,,,,,,,,,,,,,,,,,False,,,,1.0099370333055604,0.0,0.4096861515378287,0.05841178602042822,19.08985528118189,0.18716775058486243,0.0,0.0010279605263157892,2.0,92.0,2.0,1.0,0.5097533424239735,,0.5097533424239735,0.5097533424239735,39.760760709069935,1.0,1.961545743904527,1.8985445938578376,1.911314434257741,1.950832929844692,1.9810696070660665,1.9708335323711994,1.8157148193241228,1.968919791458407,1.9928319429853962,2.099335089625596,2.015420562181494,1.9301006982640536,1.9928319429853962,1.905771791005063,1.8436136548106916,1.8914697773733546,1.9566999412262631,1.890157940680538,1.6903708398851929,2.046282914168516,1.806288986900181,2.046282914168516,1.9383594841658964,1.8874716805001959,1.7090724014645458,1.9861417062687878,1.903080081155908,1.9348764975889199,1.8905772620630044,1.920988482358188,1.9030507077418004,1.8944945829324624,2.0547565418352187,2.0206610251281303,1.897869765208548,1.8490915187078594,1.962871002201366,1.9417236017894544,11.674140841302062,73.26132078945513,13.320240143537296
222625,Hirst,IPS,FWD,5.0,0.4,a,,,3.0,,,,,,,,,,,,,,,,,,,,,,False,,,,1.0099370333055604,0.0,0.39706522101483666,0.05788066660460685,18.78494568983597,0.1933692744665425,0.0,0.0010279605263157892,1.0,24.0,0.0,0.0,0.17115595202789194,,0.17115595202789194,0.17115595202789194,13.350164258175571,1.0,0.6473250618387107,0.6267789389068591,0.6309434773396035,0.6438313669703422,0.6536922423159617,0.6503540231110029,0.5997662458254464,0.6497299082174681,0.6575282103829762,0.6922613341732068,0.664894878237767,0.6370701097807236,0.6575282103829762,0.6291358939930691,0.6088646972527257,0.6244716786568041,0.6457447342183844,0.6240438585624543,0.5588886934567804,0.6749598005038131,0.5966922652461424,0.6749598005038131,0.6397634896679376,0.6231678073816211,0.5649877024898253,0.6553463704336935,0.628258065549991,0.6386276076986797,0.6241806089021817,0.6340984067555449,0.6282484862045864,0.6254581372661521,0.6777232452280726,0.6666039136417494,0.6265588617753153,0.6106511545626598,0.6477572590265895,0.6408606057396222,3.85292511048248,24.181757152201257,4.836351430440251
481624,Philogene,IPS,MID,5.5,0.2,a,,,4.0,5.0,,,,,,,,,,,,,,,,,,,,,False,,,,1.0099370333055604,0.0,0.14654838772833892,0.12172257550910852,17.895601096669267,0.19725680451144315,0.0,0.09179031691342893,,,,,0.19750664195146597,,0.19750664195146597,0.19750664195146597,15.405518072214345,1.0,0.7221641036436038,0.6907769687367448,0.6894316465659864,0.7163888752835581,0.7308289965921568,0.7185737359984928,0.6697850085241598,0.7147883954168889,0.7373774898461292,0.7304252371792679,0.7461753805631369,0.7030729430215074,0.7373774898461292,0.7047523008046954,0.6924646860951277,0.7026977615236213,0.710579306435721,0.6787893719178884,0.6440904222867548,0.7397551993430534,0.6800786288642574,0.7397551993430534,0.7165083009480383,0.6975753973184773,0.6385423533678414,0.7196673146141999,0.6896620920353556,0.7016067564333972,0.6958131138266509,0.698794142609739,0.7199603957693286,0.6856318760547664,0.728807573181907,0.7241273106386598,0.7070620406586935,0.6667526225564534,0.7271373170315357,0.7087384329878467,4.268164326820543,26.826516187864826,4.877548397793604
172453,Szmodics,IPS,MID,5.0,0.0,u,Has joined Derby County on loan for the rest of the season,0.0,,,,,,,,,,,,,,,,,,,,,,,False,,,,1.0099370333055604,0.0,0.12874827856853127,0.11056911278528116,17.390485450822368,0.20778653317403828,0.0,0.0906479839263559,,,,,0.18514127924968465,,0.18514127924968465,0.18514127924968465,14.441019781475402,0.0,0.0,0.0,0.0,0.0,0.0,0.0,0.0,0.0,0.0,0.0,0.0,0.0,0.0,0.0,0.0,0.0,0.0,0.0,0.0,0.0,0.0,0.0,0.0,0.0,0.0,0.0,0.0,0.0,0.0,0.0,0.0,0.0,0.0,0.0,0.0,0.0,0.0,0.0,0.0,0.0,0.0
147675,Akpom,IPS,FWD,5.0,0.5,a,,,,,,,,,,,,,,,,,,,,,,,,,False,,,,1.0099370333055604,0.0,0.39706522101483666,0.05788066660460685,18.78494568983597,0.1933692744665425,0.0,0.0010279605263157892,2.0,88.0,0.0,0.0,0.16389993840956837,,0.16389993840956837,0.16389993840956837,12.784195195946333,1.0,0.6198822565577212,0.600207169345229,0.6041951556497888,0.6165366739649867,0.6259795057371945,0.6227828075469896,0.5743396568230901,0.6221851514830382,0.629652851142222,0.6629134931622144,0.636707215266744,0.6100620546261913,0.629652851142222,0.6024642032893421,0.5830523870021173,0.5979977234662028,0.6183689256067988,0.5975880404473913,0.535195074141756,0.6463454435606288,0.5713959950827258,0.6463454435606288,0.6126412509228881,0.5967491287245973,0.5410355207813947,0.6275635084750812,0.6016235896498515,0.6115535237209058,0.5977189933706948,0.6072163344684783,0.6016144164127936,0.598942361986804,0.6489917343541304,0.6383437975423452,0.599996422199845,0.5847631089466384,0.6202961311068377,0.6136918556751432,3.68958356880191,23.15659175694365,4.63131835138873
557012,Walle Egeli,IPS,FWD,4.5,2.1,a,,,,,,,,,,,,,,,,,,,,,,,,,False,,,,1.0099370333055604,0.0,0.38444429049184453,0.057349547188785474,18.480036098490043,0.19957079834822258,0.0,0.0010279605263157892,2.0,112.0,1.0,0.5,0.3180465343951633,,0.3180465343951633,0.3180465343951633,24.807629682822736,1.0,1.1820214667957545,1.1449705939273178,1.1524805160931262,1.17572127844205,1.193503418654774,1.1874835999386033,1.0962585395648883,1.1863581320509464,1.2004208290902973,1.2630551547070539,1.2137051589396397,1.1635286871004007,1.2004208290902973,1.1492208966995456,1.1126657988930788,1.140809905972577,1.1791716581994856,1.1400384169681113,1.022543951123661,1.2318552574544237,1.0907152229974948,1.2318552574544237,1.168385665524922,1.1384586317680057,1.0335423087727569,1.1964863118654037,1.1476379065581617,1.166337326839511,1.1402850191844403,1.1581698078921991,1.1476206321015683,1.1425887891539028,1.2368385839679998,1.2167870665915426,1.1445737283070194,1.1158873216540786,1.1828008490235016,1.1703640975740601,7.036180873851626,44.16556861693703,9.814570803763784
462387,Al-Hamadi,IPS,FWD,5.0,0.1,a,,,,,,,,,,,,,,,,,,,,,,,,,False,,,,1.0099370333055604,0.0,0.39706522101483666,0.05788066660460685,18.78494568983597,0.1933692744665425,0.0,0.0010279605263157892,,,,,0.1697543036416469,,0.1697543036416469,0.1697543036416469,13.240835684048458,1.0,0.6420239191232395,0.6216460546697511,0.6257764884248345,0.6385588351896136,0.6483389568141302,0.6450280753062023,0.5948545767854561,0.6444090714802232,0.6521435109666001,0.6865921945937338,0.6594498509275121,0.6318529480009594,0.6521435109666001,0.6239837079306148,0.6038785182140513,0.6193576892788455,0.6404565332886504,0.6189333727339646,0.554311783182888,0.6694323484698793,0.5918057699723417,0.6694323484698793,0.6345242709773401,0.6180644958039205,0.5603608455674666,0.6499795387713027,0.6231130682928693,0.6333976910925865,0.6190690031833774,0.6289055811598296,0.6231035673956511,0.6203360694772384,0.6721731625009475,0.6611448905183916,0.6214277798170801,0.6056503456792391,0.642452576916293,0.6356124024303003,3.8213723295277706,23.983725354373806,4.796745070874762
461587,McAteer,IPS,MID,4.5,1.4,a,,,,,,,,,,,,,,,,,,,,,,,,,False,,,,1.0099370333055604,0.0,0.11094816940872362,0.09941565006145381,16.88536980497547,0.21831626183663344,0.0,0.08950565093928288,2.0,54.0,1.0,0.5,0.3347785503395017,,0.3347785503395017,0.3347785503395017,26.112726926481134,1.0,1.133162435431838,1.0855469968392704,1.0821342998848862,1.1243232232579172,1.146118394849551,1.1262530967821887,1.0573099001271484,1.1200065502739365,1.1561752452681335,1.134947028310733,1.1690848772565992,1.1035907893058843,1.1561752452681335,1.1085946647375853,1.0932786235265635,1.1063803768159712,1.113955616140645,1.0659714011506898,1.02487161086122,1.1554658493010204,1.0755936555463106,1.1554658493010204,1.1256317136066456,1.0980523694390179,1.013809171207896,1.1267493135601934,1.0832550773866778,1.1006820818231433,1.094789874154939,1.09714612857506,1.1346140419992106,1.0771850675302657,1.136157973235782,1.131248174894276,1.1132104281308264,1.0492103119728151,1.1414746378342533,1.1121632916503785,6.697538447045651,42.12978538723862,9.362174530497471
232457,Mehmeti,IPS,MID,5.0,0.1,a,,,,,,,,,,,,,,,,,,,,,,,,,False,,,,1.0099370333055604,0.0,0.12874827856853127,0.11056911278528116,17.390485450822368,0.20778653317403828,0.0,0.0906479839263559,2.0,68.0,1.0,0.5,0.35201511652986356,,0.35201511652986356,0.35201511652986356,27.457179089329358,1.0,1.2391255258996858,1.1861214630647994,1.1831283801818366,1.2293317893406537,1.2536587319665753,1.2322934405446877,1.1525690667555941,1.2256360640217614,1.2647817267047488,1.2474256523685174,1.2794090970733778,1.2065653921441852,1.2647817267047488,1.2106927013627828,1.1916903186693006,1.2076976568385358,1.2187039070375847,1.165147008623572,1.1126171882624944,1.2665276565445764,1.1713547619404956,1.2665276565445764,1.2301261451775543,1.198754481029627,1.101857037472299,1.2335288630531638,1.183922982285331,1.2037295702884605,1.1954687916029283,1.1993641128947354,1.2379248693804523,1.1771401986033387,1.246620721178472,1.2398686234565945,1.2151777267346662,1.1456084597744578,1.2479274769661772,1.2161211147148465,7.323659330998238,46.04892808720819,9.209785617441637
546600,Van Oevelen,IPS,GKP,4.5,0.0,a,,,,,,,,,,,,,,,,,,,,,,,,,False,,,,1.0099370333055604,0.0,0.00017090365306558279,0.0015287329548684496,13.687822974951251,0.07062094801579323,2.770091475922773,0.0,2.0,46.0,0.0,0.0,0.01043736100815419,5.0,0.01043736100815419,0.01043736100815419,0.8141141586360269,1.0,0.03499769539550101,0.03308073306283083,0.030837079642158025,0.03547464974565711,0.036842362229988844,0.03384057231763598,0.03280501470757226,0.03317448966841253,0.037557107147053674,0.030251681261987844,0.03822299560219174,0.032652658578104385,0.037557107147053674,0.03527515717496924,0.0345783154055272,0.03551272814502973,0.03290638420805313,0.029743089681450254,0.033437236813504405,0.03454513954905502,0.03502234514477622,0.03454513954905502,0.03603613395330964,0.03354498745967589,0.030154123298554478,0.034565367131031345,0.03125755864986439,0.033485838576501566,0.03429861795754884,0.032228079330693056,0.03824100565973283,0.03086397311409922,0.033334765607769955,0.032622878450812166,0.03604232263313811,0.029285439600400146,0.03694918449678588,0.03323783195826922,0.2050730923937718,1.289007790055755,0.28644617556794555
442967,Maeda,IPS,MID,5.5,0.4,a,,,,,,,,,,,,,,,,,,,,,,,,,False,,,,1.0099370333055604,0.0,0.14654838772833892,0.12172257550910852,17.895601096669267,0.19725680451144315,0.0,0.09179031691342893,2.0,92.0,2.0,1.0,0.535918349386892,,0.535918349386892,0.535918349386892,41.80163125217757,1.0,1.9595340723085588,1.8743676122590731,1.8707171890124283,1.943863455768946,1.983045560736091,1.949791899169223,1.8174076206538876,1.9395206826859872,2.0008143692225544,1.9819499921214518,2.0246867363721295,1.9077317471442836,2.0008143692225544,1.9122885490943533,1.8789470972424613,1.9067137223979709,1.9280996590843396,1.841840234765329,1.747687432469467,2.0072660922447416,1.8453385295457319,2.0072660922447416,1.9441875076810753,1.892814600106915,1.732633194759125,1.9527592365755195,1.8713424842143909,1.9037533680455883,1.8880327859321624,1.8961215671960348,1.9535544886609228,1.8604068180785613,1.9775605912852954,1.9648610762102998,1.9185558419703668,1.8091794858101162,1.9730284858820744,1.923104597399996,11.58131978925432,72.79158884557474,13.234834335559043
240514,Scherpen,IPS,GKP,4.5,0.5,a,,,,,,0.0,0.0,0.0,0.0,0.0,0.0,0.0,0.0,0.0,0.0,0.0,0.0,4.0,36.0,,,,,,False,,,BHA,1.047737340289852,0.0,0.00017090365306558279,0.0015287329548684496,13.687822974951251,0.07062094801579323,2.770091475922773,0.0,1.0,68.0,1.0,1.0,0.05565123733414609,2.0,0.05565123733414609,0.05565123733414609,4.340796512063395,1.0,0.18659562199086566,0.17637538170422662,0.16441221297174816,0.1891388537615757,0.19643098231706976,0.180425800322836,0.1749064040171344,0.17687432303497116,0.2002417885992359,0.16128834202644216,0.20379194785342633,0.17409248885544665,0.2002417885992359,0.1880757900630261,0.18436113090134595,0.18934269640782397,0.17544497157278602,0.158579428560677,0.17827907887859454,0.1841814693984877,0.18672917483834525,0.1841814693984877,0.19213281654984912,0.17885090318490304,0.16077350468269835,0.1842901434412146,0.16665428851323122,0.178534877735252,0.18286916283868032,0.17182878824942488,0.20388951213380516,0.1645558368868472,0.17772772919194152,0.17393246554793573,0.19216636758767694,0.1561398334968266,0.1970007995039607,0.17721243118708552,1.093378853068322,6.872550606805122,1.527233468178916
216055,Florentino,IPS,MID,5.0,0.1,a,,,,,,2100.0,25.0,84.0,3.6,0.0274285714285714,0.0222857142857142,0.0497142857142857,1.9825714285714289,0.0,15.3,0.2571428571428572,0.0,5.0,90.0,31.0,14.0,0.4516129032258064,13.414285714285716,1.2,True,31.0,23.0,BUR,1.0099370333055604,23.333333333333332,0.05907582444775496,0.04784755837957577,15.988688241353568,0.24253744370424699,0.0,0.3920204446958235,,,,,0.48639786531213486,,0.6969241811016085,0.48639786531213486,42.570612441714935,1.0,2.1618663804430494,2.104632437484446,2.0972527361019604,2.1510552995305505,2.176987911730921,2.1500666937143045,2.0793130757537903,2.141354004535604,2.1893690823576883,2.1383316315744825,2.203842166679026,2.124864502756825,2.1893690823576883,2.1367478451022976,2.1262816621763996,2.136242662155456,2.134879760783249,2.077781439672935,2.0559513556760294,2.1782030480807233,2.1076647642294013,2.1782030480807233,2.1553216087412403,2.1249010651771245,2.036332615159834,2.147884912995165,2.1004425029335145,2.119732872466503,2.119572124771592,2.1172289471794565,2.175067222375645,2.093251399449368,2.1485439772777446,2.147875740490141,2.1449524413970895,2.061216350286887,2.1736918373002037,2.1351155115768683,12.841861459005232,81.04139172055594,16.208278344111186
474120,Enciso,IPS,MID,5.5,0.0,a,,,,,,0.0,0.0,0.0,0.0,0.0,0.0,0.0,0.0,0.0,0.0,0.0,0.0,5.4,36.0,,,,,,False,,,BHA,1.047737340289852,0.0,0.14654838772833892,0.12172257550910852,17.895601096669267,0.19725680451144315,0.0,0.09179031691342893,,,,,0.19750664195146597,,0.19750664195146597,0.19750664195146597,15.405518072214345,1.0,0.7162823131176838,0.6854282026569694,0.6839748405996141,0.7105977210678746,0.724782023425276,0.7126133656641138,0.6651370279802419,0.7088442163851979,0.7312310008357418,0.7233776728598031,0.7398377793869042,0.6974571949094811,0.7312310008357418,0.6993423886545114,0.6875806660293553,0.6974088522898783,0.704738514070736,0.6735115615454534,0.6405029208796224,0.7331564856623283,0.675510396056746,0.7331564856623283,0.7108226789562829,0.6923203141874303,0.6347966264442622,0.7135774286930864,0.6842749532337606,0.6959506024273809,0.6905317557642536,0.693255488865558,0.7145735054830031,0.6803173752991759,0.7221371679417335,0.7177453722581443,0.701718984001155,0.661822256743537,0.7212443140901416,0.7030243487072008,4.233678466531531,26.613815803671706,4.838875600667583
572584,Ouattara,IPS,DEF,4.0,0.1,a,,,,,,,,,,,,,,,,,,,,,,,,,False,,,,1.0099370333055604,0.0,0.04603779782868016,0.05289571900960875,12.920162047390122,0.20127875497479975,0.0,0.1841646621825304,,,,,0.21498760752296253,,0.21498760752296253,0.21498760752296253,16.769033386791076,1.0,0.6958311908138032,0.5799648611546742,0.5495938071608293,0.6743183933054416,0.7228463089379548,0.6603554154661593,0.5603505232685272,0.6384132400755095,0.7467915677328375,0.5447950890809187,0.7697430816403545,0.6170429807336048,0.7467915677328375,0.6629724288710674,0.6711607208245516,0.6697694119837558,0.6282548044470243,0.5028300566865905,0.5738789879827149,0.6901663955641594,0.6443074235824742,0.6901663955641594,0.6921316064308786,0.6425469803382635,0.5024605995197302,0.6456851394815379,0.5647487691346829,0.5998372765143135,0.6264963124056115,0.6015033703215378,0.7591803463669156,0.5489773953269159,0.6056119862323587,0.6249650948575334,0.6883406277232329,0.4783002720607929,0.7244919976983986,0.6378248178914371,3.8829099768388624,24.18344724491409,6.045861811228522
153682,Wilson,LEE,MID,6.5,7.2,a,,,,2.0,,2674.0,32.0,168.0,5.654450261780105,0.1979057591623036,0.1605459985041136,0.3584517576664173,1.351009723261032,21.0,21.43979057591623,0.2356020942408377,0.0,5.8,54.0,36.0,1.0,0.0277777777777777,5.957367240089753,0.0673148840688107,True,36.0,30.0,FUL,0.9237133199263733,29.711111111111112,0.1880358942082112,0.15245436494708417,20.709517042020348,0.22803641462757113,0.0,0.03582753461298732,4.0,222.0,4.0,1.0,0.7726771462590973,,0.9305718831012026,0.7726771462590973,63.74250161873591,1.0,3.5473101828529203,3.534678512970518,3.4052383618806967,3.3871982628715136,3.462877007405169,3.0452301691585815,3.3905721908309294,3.4807604621224626,3.261566143130423,3.4366007755387775,3.5324750370735445,3.712603479626675,3.2263775493891016,3.712603479626675,3.377310437122715,3.576818003421789,3.4896997676261314,3.6068236865049705,3.5175109845085237,3.2812231834013788,3.6559141883493385,3.3580958819901485,3.6068236865049705,3.7063295829419656,3.573490615642213,3.486545135201749,3.426587426371957,3.712603479626675,3.4130783494248056,3.612010320655405,3.559946412903263,3.4282273290529766,3.4170331957364772,3.6068236865049705,3.076271727677723,3.3621724452679955,3.585417618351163,3.497140824549574,20.3825324971394,132.06998958381686,20.318459935971823
201595,Perri,LEE,GKP,4.5,0.6,a,,,,,,1440.0,16.0,43.0,2.6875,0.0,0.0,0.0,1.6675,3.0,9.5625,0.125,2.375,4.4,2.0,,,,,,True,16.0,16.0,LEE,0.998193150012714,16.0,6.408886989959356e-05,0.0005534225511296742,11.055834729448968,0.10592926555228066,2.467157546124139,0.0,,,,,0.05593080921105181,2.0,0.05593080921105181,0.05593080921105181,4.362603118462041,1.0,0.18899694321808344,0.1774909151549172,0.18082633101754592,0.18698882625196978,0.17358460562355935,0.1687938178277562,0.16556086169290116,0.19628962143296685,0.17802382538998912,0.1811529327921942,0.17533215835238994,0.18675646337619345,0.16499229338767724,0.18675646337619345,0.17380312547877497,0.18280868380849977,0.1838116177676377,0.19242386851545415,0.17939126075105202,0.1559308920211781,0.19616215257189498,0.15876334947418116,0.19242386851545415,0.16181943817946048,0.18838741061375064,0.17603829820622152,0.18385677911401072,0.18675646337619345,0.1678997855056224,0.16809232279595177,0.17902308415544685,0.1690184966117272,0.16539578107850905,0.19242386851545415,0.1613293384236126,0.16662112169960824,0.18930307989434647,0.18059310754580013,1.076681439093832,6.763623253514179,1.5030273896698176
434752,Bijol,LEE,DEF,5.0,0.3,a,,,,,,1888.0,21.0,99.0,4.719279661016949,0.0429025423728813,0.0357521186440678,0.0786546610169491,1.500635593220339,6.0,15.397245762711863,0.1906779661016949,0.0,3.9,2.0,25.0,11.0,0.44,10.963983050847457,1.048728813559322,True,25.0,21.0,LEE,0.998193150012714,20.977777777777778,0.04631014669250623,0.04086986305931308,15.079442827348627,0.19036919442206568,0.0,0.4038780750765068,3.0,122.0,2.0,0.6666666666666666,0.588465299906081,,0.6937284578008178,0.588465299906081,48.216082866358526,1.0,2.556932591383377,2.4081000172200575,2.402899525636232,2.5219758526132074,2.332041172008566,2.129454134345572,2.18361240704153,2.650689929523005,2.3293786983706224,2.4448620302520063,2.339025924899308,2.583343840129369,2.095517874394379,2.583343840129369,2.2825313730282764,2.4977547212770204,2.466491790436883,2.6195954351978328,2.434071157245403,1.9820257705357012,2.6837244335027943,2.053065249982866,2.6195954351978328,2.179527390018298,2.5529958376903075,2.375777281064237,2.4546345103923506,2.583343840129369,2.228321945570325,2.2294489947052174,2.436852848473868,2.209580927332724,2.185990443816744,2.6195954351978328,2.0453496320379414,2.152927909677202,2.595110827808465,2.417480421157531,14.351403293207012,90.46697144942364,18.093394289884728
214225,Rodon,LEE,DEF,4.5,2.7,a,,,,,,2952.0,33.0,109.0,3.3231707317073176,0.0426829268292682,0.0170731707317073,0.0597560975609756,1.479878048780488,5.0,11.371951219512196,0.0914634146341463,0.0,3.9,2.0,35.0,15.0,0.4285714285714285,9.207317073170731,0.9146341463414634,True,35.0,32.0,LEE,0.998193150012714,32.8,0.04514620440469937,0.02437053454757311,11.935508413323863,0.11069794636512723,0.0,0.4029322031066271,4.0,285.0,4.0,1.0,0.7958327813009523,,0.8747801497220049,0.7958327813009523,63.811799046737434,1.0,3.231910032294946,3.030972723647867,3.0295513333441804,3.1915526139764996,2.9312056282588492,2.675412387923822,2.73375182818808,3.3618732725453464,2.9363113837086967,3.0849809639680696,2.9376438743425206,3.260465937951931,2.6218550320975975,3.260465937951931,2.8679632561312345,3.1504825786894726,3.111950684486266,3.314204297489754,3.0668598461370746,2.466504916250998,3.398967781777749,2.5589931592008055,3.314204297489754,2.7147516403122887,3.225434267206998,2.989331723989074,3.098645325819609,3.260465937951931,2.7931703158913006,2.7861619098727366,3.068781685458326,2.7672065790163063,2.73582986090864,3.314204297489754,2.5605626760661737,2.6935403875703083,3.2819651664043215,3.045293140104544,18.090604719446166,113.87342868191573,25.30520637375905
226182,Bogle,LEE,DEF,4.5,0.5,a,,,,,,2795.0,32.0,96.0,3.0912343470483004,0.0669767441860465,0.1001431127012522,0.1671198568872987,1.2857602862254025,1.0,10.014311270125225,0.1932021466905187,0.0,4.4,2.0,34.0,7.0,0.2058823529411764,7.148479427549194,0.4508050089445438,True,34.0,31.0,LEE,0.998193150012714,31.055555555555557,0.0645737873610402,0.09075066937658276,10.881134251415427,0.19245600542041166,0.0,0.21300550818429276,4.0,283.0,4.0,1.0,0.7862543192501146,,0.8652016876711672,0.7862543192501146,63.064679006772096,1.0,2.9996962269498106,2.805854373904917,2.7766590697592424,2.9268430842250757,2.695380656716075,2.3616992504388588,2.491454667302216,3.108757522745466,2.656980308308805,2.8361551265168905,2.716469490981099,3.062451573126584,2.349321051723047,3.062451573126584,2.6167100942375594,2.928646143107108,2.873241202840256,3.0906982512552617,2.8363239472525907,2.212263758012397,3.181755130820755,2.3173321548687027,3.0906982512552617,2.5409198439427465,2.999184174339571,2.7558489633792833,2.8469983326087767,3.062451573126584,2.5530252300669245,2.588986311038151,2.8472830422477706,2.531482756972817,2.499111207391301,3.0906982512552617,2.258558013113486,2.446943014018633,3.0554641399977007,2.8114138738293404,16.566132661993983,104.8862116368029,23.308047030400644
243526,Gudmundsson,LEE,DEF,4.5,0.1,i,Hamstring injury - Expected back 30 Aug,0.0,,,,2637.0,31.0,68.0,2.3208191126279862,0.0375426621160409,0.0986348122866894,0.1361774744027303,1.4013651877133106,8.0,9.761092150170647,0.136518771331058,0.0,3.8,2.0,32.0,5.0,0.15625,7.474402730375426,0.341296928327645,True,32.0,28.0,LEE,0.998193150012714,29.3,0.04133954798154787,0.08912380186436952,10.72302260760358,0.14789480460314186,0.0,0.17158474545715033,1.0,35.0,0.0,0.0,0.49749034790731816,,0.602753505802055,0.49749034790731816,41.12003661045503,0.0,0.0,0.0,0.0,0.0,0.0,0.0,0.0,0.0,0.0,0.0,0.0,0.0,0.0,0.0,0.0,0.0,0.0,0.0,0.0,0.0,0.0,0.0,0.0,0.0,0.0,0.0,0.0,0.0,0.0,0.0,0.0,0.0,0.0,0.0,0.0,0.0,0.0,0.0,0.0,0.0,0.0
220627,Justin,LEE,DEF,4.5,0.6,a,,,,,,1893.0,21.0,94.0,4.469096671949287,0.0870047543581616,0.0551505546751188,0.1421553090332805,1.569413629160063,9.0,16.069730586370838,0.190174326465927,0.0,4.0,2.0,29.0,5.0,0.1724137931034483,9.033280507131536,0.4754358161648177,True,29.0,20.0,LEE,0.998193150012714,21.033333333333335,0.07825367875011721,0.05491335738947126,15.56723570368359,0.19000492118360013,0.0,0.1862920093534775,4.0,283.0,4.0,1.0,0.6871208669918224,,0.9239629722549803,0.6871208669918224,58.80595394115162,1.0,2.9672125411950625,2.794528984408085,2.768225157593901,2.9019234067682884,2.695815451105886,2.3970376194399723,2.5133874517087036,3.0639320557112755,2.661197892761742,2.8213207873319686,2.714753721575422,3.0235338912652776,2.3859846024516242,3.0235338912652776,2.625422627851973,2.9040564072878383,2.8544889502271538,3.04832193831127,2.8216593078436807,2.262821674309198,3.129398536261317,2.3572075357296622,3.04832193831127,2.5577502050025873,2.966834760863092,2.749828804225012,2.8309556822515223,3.0235338912652776,2.568516583351521,2.600824971840626,2.831522116312373,2.549246763046954,2.5202551011165144,3.04832193831127,2.3045999136843465,2.4735030067663812,3.0169286362165177,2.7994083477329554,16.524743160511196,104.62611709270281,23.25024824282285
437738,Bornauw,LEE,DEF,4.5,0.0,a,,,,,,429.0,5.0,25.0,5.244755244755245,0.0419580419580419,0.002097902097902,0.044055944055944,1.8272727272727276,0.0,15.314685314685317,0.2097902097902098,0.0,3.8,2.0,12.0,1.0,0.0833333333333333,10.27972027972028,0.4195804195804196,True,12.0,4.0,LEE,0.998193150012714,4.766666666666667,0.050284475695436315,0.03480296158284462,14.645071273912293,0.19711301919299157,0.0,0.14001224040953955,3.0,205.0,3.0,1.0,0.5495366151617144,,0.760062930951188,0.5495366151617144,47.49543492998214,1.0,2.176265173923142,2.0352320810625026,2.028971227212161,2.141496678177973,1.9623795109856965,1.7658488411781843,1.8206740541979596,2.2641520596453284,1.9578150095080635,2.069043070978725,1.9697065962211593,2.203007061565622,1.7352787335791282,2.203007061565622,1.9145371579070465,2.1205871122424815,2.0900779894014376,2.2361455372241497,2.0596637506728177,1.627548990835492,2.2972658768538667,1.6960353623059445,2.2361455372241497,1.8197698879299604,2.1728211014368,2.0040997591353027,2.078191444097991,2.203007061565622,1.8633997657175074,1.8663941499534513,2.062738038456961,1.8457316770425076,1.8231894894041607,2.2361455372241497,1.6860958406560733,1.7912101288576965,2.212771800475713,2.043734952487374,12.11019351253966,76.3201851089099,16.96004113531331
522047,Muharemović,LEE,DEF,5.0,2.6,a,,,,,,,,,,,,,,,,,,,,,,,,,False,,,,1.0099370333055604,0.0,0.058479217467673726,0.057292558383621406,14.876423012426306,0.18645691577625517,0.0,0.2745899071385076,4.0,290.0,4.0,1.0,0.7042500194477659,,0.7042500194477659,0.7042500194477659,54.93150151692574,1.0,2.715377276050648,2.541134000740518,2.52715898174464,2.664858490243341,2.4481657730492588,2.186797166099713,2.2710450742934336,2.82071531375904,2.4327301639846532,2.577971106196915,2.4605650240917605,2.7562458144717175,2.1585327632859395,2.7562458144717175,2.385287774151819,2.6481781845492414,2.606421736416985,2.79209229535581,2.5703400855081537,2.030189100216343,2.8699066061105825,2.1173886752954014,2.79209229535581,2.2857934848371113,2.7123809072125282,2.500541266414085,2.588749146918114,2.7562458144717175,2.3244183893823345,2.337981938344358,2.5761750517777524,2.3035573483023604,2.2754409124324857,2.79209229535581,2.0909760477424304,2.233627478276408,2.7622268565572416,2.549765388968073,15.083491687928117,95.21941184243624,19.04388236848725
466525,Stach,LEE,MID,6.0,1.0,a,,,,1.0,1.0,2369.0,28.0,137.0,5.204727733220768,0.1094132545377796,0.1698184888138454,0.2792317433516251,1.2935837906289571,14.0,20.894892359645414,0.1139721401435204,0.0,4.8,2.0,29.0,10.0,0.3448275862068966,10.105529759392148,0.7598142676234698,True,29.0,27.0,LEE,0.998193150012714,26.322222222222223,0.11919515213424049,0.15876662823904292,20.219521152676286,0.13400957955518816,0.0,0.30013589867844204,4.0,168.0,3.0,0.75,0.6429784601457574,,0.6956100390931259,0.6429784601457574,51.31021462821119,1.0,2.9677126272726606,2.951284953011624,2.8785823345201735,2.8760205418686495,2.9065232600747177,2.660945630139627,2.857474289823377,2.9367086921219303,2.793735045854764,2.8987240796661813,2.9458855303393956,3.0617476788187923,2.760612329714333,3.0617476788187923,2.855705959974657,2.9804194430902267,2.9297601981623917,3.005028221069798,2.9432844119717756,2.7855350768493863,3.036674381840697,2.8322693460238253,3.005028221069798,3.0342618148317295,2.9820831180920666,2.922394305416493,2.8937400195719936,3.0617476788187923,2.8725994640495416,2.984111805326258,2.967183018388267,2.8800255063652718,2.872434649186441,3.005028221069798,2.673749604051785,2.839862522764941,2.991473483038695,2.930869667317793,17.241069346887453,110.84297481038742,18.47382913506457
435997,Okafor,LEE,MID,6.0,0.6,a,,,,,,1553.0,19.0,109.0,6.31680618158403,0.3042498390212492,0.0764971023824855,0.3807469414037347,1.4221506761107532,11.0,20.51513200257566,0.1738570508692852,0.0,5.5,2.0,28.0,0.0,0.0,6.548615582743078,0.0,True,28.0,18.0,LEE,0.998193150012714,17.255555555555556,0.25582658378472023,0.09103832583827709,19.717598258080535,0.18211860591551973,0.0,0.014845778051337364,2.0,68.0,1.0,0.5,0.4734083785383138,,0.7365662732751559,0.4734083785383138,42.71532721019901,1.0,2.411073828434346,2.4050617660975147,2.3155348777162277,2.3008473132637755,2.356694612376134,2.07104116277032,2.30914842688776,2.3631838149582,2.2173762339499326,2.3364890415298474,2.404752716903589,2.525049629750423,2.1969379317940896,2.525049629750423,2.29831766311701,2.4326116912870126,2.3728609661947933,2.4511009236271266,2.392708555531444,2.2365890287714416,2.483865016278092,2.2887193234964522,2.4511009236271266,2.527705679686728,2.429279029897629,2.3723121731625425,2.329376460383442,2.525049629750423,2.3239895318469928,2.4616449583978155,2.422040233526366,2.334783351372458,2.327421487218104,2.4511009236271266,2.0938629563662365,2.289990585321165,2.4367426096655485,2.37890377878984,13.860253560658318,89.85031846712546,14.975053077854243
427637,Aaronson,LEE,MID,5.5,0.9,a,,,,,3.0,2449.0,30.0,126.0,4.63046141282156,0.1664761126990608,0.1322988975091874,0.2987750102082482,1.3623111474071048,5.0,16.39036341363822,0.1102490812576561,0.0,5.4,2.0,37.0,3.0,0.081081081081081,7.937933850551245,0.2204981625153123,True,37.0,28.0,LEE,0.998193150012714,27.211111111111112,0.16304633163227167,0.1300505252857065,16.7554751784844,0.1306265671334731,0.0,0.08150596404059227,4.0,176.0,3.0,0.75,0.6437256608388083,,0.8805677661019662,0.6437256608388083,55.421127861216526,1.0,2.878771417803665,2.8650887199995467,2.775945044683075,2.7675636275539994,2.8132729412706574,2.5197726396997715,2.758972221590679,2.8363435881426584,2.674783465641355,2.7988929428900153,2.861348951297446,2.9932446553228504,2.643416633945398,2.9932446553228504,2.752872179381875,2.8970282888810464,2.83610867772975,2.9218339777790403,2.854142419212905,2.6780470736316917,2.957817062790709,2.7328876869458365,2.9218339777790403,2.9761289726899767,2.896623039031645,2.830949093749628,2.7923386967480166,2.9932446553228504,2.77579836083522,2.91268171232627,2.883401248462263,2.785653140689542,2.777247892371445,2.9218339777790403,2.5386776659068913,2.738527055011957,2.906274086026566,2.839593980106266,16.620414391010716,107.30220642635346,19.50949207751881
199598,Ampadu,LEE,MID,5.5,1.5,a,,,,,,3119.0,35.0,134.0,3.8666239179224102,0.0712728438602116,0.0634818852196216,0.1347547290798332,1.404103879448541,11.0,16.90926579031741,0.288554023725553,0.0,4.9,2.0,35.0,19.0,0.5428571428571428,12.003847386983006,1.0965052901571015,True,35.0,35.0,LEE,0.998193150012714,34.65555555555556,0.08629690673161473,0.07453246017983944,17.113337025427732,0.27193425143161665,0.0,0.47572576716452364,4.0,271.0,4.0,1.0,0.7904770648023959,,0.7904770648023959,0.7904770648023959,61.65721105458688,1.0,3.2388228492469406,3.2122007183539947,3.1608463133742486,3.1712195206223894,3.1734493047284715,2.9822846518928756,3.1252254219351343,3.227181407224887,3.094233742986839,3.179139162879886,3.201689685407055,3.3071683431280627,3.0493411035835263,3.3071683431280627,3.1331171237221485,3.2415760321265368,3.203012273623913,3.271438740358732,3.2091916149832103,3.0574797747836353,3.300347416544978,3.0962152870314332,3.271438740358732,3.249194162061193,3.2484357301006184,3.188807476296307,3.1766487030066597,3.3071683431280627,3.1399067171578614,3.2183180504179885,3.2261755369358682,3.1434099651169647,3.135950579912491,3.271438740358732,2.9838765730475836,3.110113103236572,3.259399565305571,3.1988558608797133,18.938823358218922,121.07148667898788,22.012997577997798
180135,Longstaff,LEE,MID,5.0,0.2,a,,,,3.0,2.0,1003.0,10.0,56.0,5.024925224327019,0.1103688933200398,0.1677966101694915,0.2781655034895314,1.4249252243270192,5.0,24.49651046859422,0.1794616151545364,0.0,4.8,2.0,23.0,2.0,0.0869565217391304,9.870388833499502,0.3589232303090728,True,23.0,9.0,LEE,0.998193150012714,11.144444444444444,0.12750657280479916,0.1488276927628577,21.78067373222116,0.188018335023782,0.0,0.08637091219811965,4.0,172.0,3.0,0.75,0.4612673635493778,,0.8296884161809568,0.4612673635493778,44.08411751474621,1.0,2.497533469970137,2.487709933034155,2.423946131661633,2.417980499388704,2.450629203436137,2.24064774068906,2.4117553929927094,2.467210030092389,2.3515698218274133,2.440370446071627,2.4850186700560672,2.579419977677295,2.3290812539060974,2.579419977677295,2.407414236952769,2.5105773888051854,2.4669953095665735,2.5283509647124336,2.479886531254062,2.3538292010282613,2.554105285267147,2.3930701558844665,2.5283509647124336,2.5670837864297025,2.510301296624999,2.463282876464054,2.435684740104222,2.579419977677295,2.4238006942703305,2.5217114624872132,2.500815401346635,2.430845520908171,2.424828225362614,2.5283509647124336,2.254152298620818,2.3971246416019523,2.517215116497455,2.4694763447946086,14.518446978179826,93.40896593456654,18.681793186913307
492859,Gnonto,LEE,MID,5.0,0.1,d,Hamstring injury - 25% chance of playing,25.0,,,,521.0,4.0,32.0,5.527831094049904,0.0690978886756238,0.1330134357005758,0.2021113243761996,2.071209213051824,0.0,23.147792706333973,0.5182341650671786,0.0,5.1,2.0,23.0,0.0,0.0,10.191938579654511,0.0,True,23.0,2.0,LEE,0.998193150012714,5.788888888888889,0.1168362811786213,0.12685746545560345,20.159630008555244,0.3335661492715362,0.0,0.01740539495674035,3.0,57.0,1.0,0.3333333333333333,0.2551466935347189,,0.7551466935347189,0.2551466935347189,30.90144209570807,0.25,0.4049699162053628,0.40381065688794127,0.3938142835623474,0.3925701395658531,0.39817831179603136,0.3657078531125567,0.39242825549183813,0.3999559407884654,0.3826370762374103,0.396286072510429,0.40355855053555656,0.41775867092259616,0.37965654270508814,0.41775867092259616,0.39151591471211855,0.40717260951711115,0.40041065097003115,0.4096425702977436,0.40251717334754245,0.3837763367784035,0.41351391861207704,0.38978307694062064,0.4096425702977436,0.41680239150936516,0.4069851914767029,0.4000568913126129,0.39552536684192574,0.41775867092259616,0.3942152632640835,0.4095739690048946,0.4057956248012669,0.3953638694034881,0.39447370937791876,0.4096425702977436,0.36801394622695366,0.39020231521258464,0.4079592736856838,0.40092486648211173,2.359051161130093,15.170359682537395,3.034071936507479
221399,Harrison,LEE,MID,5.0,0.0,u,Has joined New England Revolution permanently,0.0,,,,262.0,1.0,12.0,4.122137404580153,0.0961832061068702,0.0790076335877862,0.1751908396946564,1.3122137404580152,0.0,17.51908396946565,0.0,0.0,5.1,2.0,11.0,0.0,0.0,8.244274809160306,0.0,True,11.0,1.0,LEE,0.998193150012714,2.911111111111111,0.13665358955465276,0.1108249639820813,17.869756456840186,0.14659428843785788,0.0,0.029691556102674717,,,,,0.2096421475875899,,0.47280004232443196,0.2096421475875899,22.141561196042534,0.0,0.0,0.0,0.0,0.0,0.0,0.0,0.0,0.0,0.0,0.0,0.0,0.0,0.0,0.0,0.0,0.0,0.0,0.0,0.0,0.0,0.0,0.0,0.0,0.0,0.0,0.0,0.0,0.0,0.0,0.0,0.0,0.0,0.0,0.0,0.0,0.0,0.0,0.0,0.0,0.0,0.0
200617,James,LEE,MID,5.0,0.1,a,,,,,,547.0,6.0,23.0,3.784277879341865,0.1497257769652651,0.1168190127970749,0.2665447897623401,2.36764168190128,0.0,15.30164533820841,0.0,0.0,5.2,2.0,19.0,0.0,0.0,5.758683729433272,0.0,True,19.0,3.0,LEE,0.998193150012714,6.0777777777777775,0.15066600232254856,0.11999219781405196,16.833544467732487,0.1136192511807233,0.0,0.02019025814981881,4.0,172.0,3.0,0.75,0.41485459457492685,,0.8359072261538742,0.41485459457492685,41.62181627158114,1.0,2.141038254344789,2.1329951369108366,2.0709606899653883,2.0639287054422395,2.097639206559058,1.895136827162669,2.0611884572533916,2.1105030542889827,2.0012206915826254,2.0865297145641404,2.131051999241722,2.2205100733804057,1.9815090592263573,2.2205100733804057,2.05604355378731,2.154355691228618,2.1122358619690447,2.1703891140678806,2.1251175567968077,2.006540063291291,2.1947841322135226,2.0441396983096616,2.1703891140678806,2.2123956188583853,2.1535140268737356,2.109531589442995,2.081867246820919,2.2205100733804057,2.072504091847788,2.167795366638016,2.1454684420945878,2.0795334886429826,2.073890838101009,2.1703891140678806,1.9090263956529694,2.0472238779861875,2.159803742709324,2.115147621322052,12.401698820384983,79.96731826347427,15.993463652694853
486520,Gruev,LEE,MID,5.0,0.0,i,Knee injury - Unknown return date,0.0,,,,1318.0,15.0,56.0,3.8239757207890746,0.0334597875569044,0.0587253414264036,0.092185128983308,1.7255690440060698,3.0,16.7298937784522,0.2048558421851289,0.0,4.7,2.0,23.0,1.0,0.0434782608695652,7.784522003034902,0.1365705614567526,True,23.0,14.0,LEE,0.998193150012714,14.644444444444444,0.07511963932417519,0.08122184231128744,17.177674602854296,0.20311854330028278,0.0,0.05188815357743,,,,,0.3614742653667811,,0.598316370629939,0.3614742653667811,33.4055190143984,0.0,0.0,0.0,0.0,0.0,0.0,0.0,0.0,0.0,0.0,0.0,0.0,0.0,0.0,0.0,0.0,0.0,0.0,0.0,0.0,0.0,0.0,0.0,0.0,0.0,0.0,0.0,0.0,0.0,0.0,0.0,0.0,0.0,0.0,0.0,0.0,0.0,0.0,0.0,0.0,0.0,0.0
248056,Tanaka,LEE,MID,5.0,0.3,a,,,,4.0,,1307.0,14.0,67.0,4.613618974751339,0.0991583779648049,0.0957153787299158,0.1948737566947207,1.4798010711553171,4.0,19.83167559296098,0.0688599846977811,0.0,4.8,2.0,28.0,4.0,0.1428571428571428,10.122417750573833,0.5508798775822494,True,28.0,12.0,LEE,0.998193150012714,14.522222222222222,0.11770785640980218,0.10519492581667678,19.180118816288633,0.11541963060975644,0.0,0.1324928368748667,3.0,100.0,2.0,0.6666666666666666,0.4486551263279327,,0.86970775790688,0.4486551263279327,44.25825774831559,1.0,2.4446892811723666,2.4336094627137763,2.3806127311832297,2.378019146632732,2.4014055216200196,2.223446063587203,2.3664604643962743,2.421477427276611,2.3191612587459165,2.3950527750991846,2.430072725180736,2.513121735000496,2.296297663541216,2.513121735000496,2.3646265950490184,2.4543228338523324,2.417560368758516,2.471517579279767,2.427619962421261,2.3150293697853783,2.4941954016058077,2.3487552240498397,2.471517579279767,2.495384197039325,2.4551967431884405,2.412727542922899,2.3913582343912747,2.513121735000496,2.3772477234119265,2.4585561541757084,2.445034773477121,2.3827647996577044,2.377356449785757,2.471517579279767,2.233223748177852,2.3537815961938025,2.4617837283805954,2.41866357610884,14.261782206909327,91.52941148642343,18.305882297284686
177815,Calvert-Lewin,LEE,FWD,6.0,27.8,a,,,1.0,,,2721.0,30.0,142.0,4.696802646085998,0.514994487320838,0.0350606394707828,0.5500551267916207,1.1821389195148844,20.0,15.611907386990076,0.0992282249173098,0.0,5.8,2.0,35.0,0.0,0.0,3.472987872105844,0.0,True,35.0,30.0,LEE,0.998193150012714,30.233333333333334,0.49222860175112804,0.039906570057329525,16.42939541990462,0.11903305358764077,0.0,0.00017550545571245183,4.0,217.0,4.0,1.0,0.7352181497304607,,0.8667970970988818,0.7352181497304607,60.241752521081196,1.0,3.3091715245425224,3.338843149886156,3.1632591222783013,3.1008187446672677,3.2636775482380864,2.7523021795597393,3.207913097457881,3.1869254021577422,2.989187405796624,3.1931312682252218,3.3567265117438803,3.527397699939746,3.008449622315041,3.527397699939746,3.1614352172499984,3.368591581216882,3.25908086449694,3.370398385208069,3.307320899047511,3.1123485714687416,3.4165594937699106,3.1987853179067143,3.370398385208069,3.639062101601456,3.346361392924501,3.282856971667461,3.1763378558958864,3.527397699939746,3.225983883694806,3.4969447714807185,3.3645635327509824,3.2519631863377088,3.243315578470099,3.370398385208069,2.8176358511426067,3.1777169060392376,3.3490426120566905,3.2845710494046827,18.92807226917207,124.04427147093543,20.674045245155906
174594,Nmecha,LEE,FWD,5.5,0.6,a,,,2.0,,,1065.0,10.0,73.0,6.169014084507042,0.6126760563380281,0.1335211267605633,0.7461971830985915,1.8456338028169013,8.0,22.64788732394366,0.0,0.0,5.0,2.0,31.0,0.0,0.0,4.816901408450704,0.0,True,31.0,9.0,LEE,0.998193150012714,11.833333333333334,0.5293885818630988,0.10314762328698644,21.385742095177477,0.07820321422693105,0.0,0.00019447901849217633,4.0,123.0,2.0,0.5,0.3671745147961244,,0.8671745147961244,0.3671745147961244,39.639612154097705,1.0,2.704255866266157,2.7269430214954613,2.592690110035703,2.5449477122724513,2.669470818582932,2.278469239286637,2.626832886333666,2.6107855314730815,2.4595935234107738,2.6155305848759416,2.7406167788912654,2.871113295173287,2.4743215637911966,2.871113295173287,2.591295538082822,2.7496889031791327,2.665956158487044,2.751070399546192,2.702840863636864,2.5537635074094767,2.7863655417357656,2.6198537151835213,2.751070399546192,2.956492764101848,2.7326915285248945,2.6841355547243295,2.6026902113563595,2.871113295173287,2.6406499498657348,2.8478287495127264,2.7466090260319027,2.660513926475802,2.6539018983249165,2.751070399546192,2.3284238720960926,2.6037446438085374,2.7347416095012917,2.685446151877303,15.51677676793934,101.45864283479008,18.44702596996183
235826,Piroe,LEE,FWD,5.0,0.5,a,,,3.0,,,244.0,2.0,17.0,6.270491803278688,0.3319672131147541,0.0479508196721311,0.3799180327868852,2.511885245901639,0.0,15.491803278688524,0.0,0.0,4.9,2.0,16.0,0.0,0.0,5.163934426229508,0.0,True,16.0,1.0,LEE,0.998193150012714,2.7111111111111112,0.3874052060431861,0.0556208584722727,18.499532821464516,0.14480574418575926,0.0,0.0003270783492822965,1.0,14.0,0.0,0.0,0.14509202107091293,,0.5398288631761761,0.14509202107091293,20.001388169846997,1.0,1.1961696696923185,1.204265867626782,1.1563560202496979,1.139318542511727,1.1837561860115016,1.0442223331914875,1.1685403012733213,1.162813599976367,1.1088588219969615,1.164506932224102,1.2091455206844408,1.2557148509904492,1.1141147092556978,1.2557148509904492,1.155858349631665,1.2123830228383359,1.182501935158053,1.2128760272683936,1.1956647081293217,1.1424645703701182,1.2254715446174667,1.1660496958854283,1.2128760272683936,1.2861835930164274,1.206317294977084,1.1889894823528635,1.1599246827302254,1.2557148509904492,1.1734710949359919,1.2474054667341787,1.2112839297724236,1.1805598059169495,1.1782002201462018,1.2128760272683936,1.0620492749513066,1.1603009702706892,1.2070488922707432,1.1894571855027547,6.924088619283514,44.98942685967915,8.99788537193583
565297,Mateo Joseph,LEE,FWD,4.5,0.1,i,Knee injury - Unknown return date,0.0,,,,0.0,0.0,0.0,0.0,0.0,0.0,0.0,0.0,0.0,0.0,0.0,0.0,5.0,2.0,,,,,,False,,,LEE,0.998193150012714,0.0,0.38444429049184453,0.057349547188785474,18.480036098490043,0.19957079834822258,0.0,0.0010279605263157892,,,,,0.1607725138052258,,0.1607725138052258,0.1607725138052258,12.540256076807614,0.0,0.0,0.0,0.0,0.0,0.0,0.0,0.0,0.0,0.0,0.0,0.0,0.0,0.0,0.0,0.0,0.0,0.0,0.0,0.0,0.0,0.0,0.0,0.0,0.0,0.0,0.0,0.0,0.0,0.0,0.0,0.0,0.0,0.0,0.0,0.0,0.0,0.0,0.0,0.0,0.0,0.0
432720,Trafford,LEE,GKP,5.0,2.9,a,,,,,,360.0,4.0,13.0,3.25,0.0,0.0,0.0,1.435,0.0,16.75,0.0,3.5,4.5,43.0,,,,,,True,4.0,4.0,MCI,1.2992531305868005,4.0,0.00012817773979918712,0.0011068451022593483,14.945002792231268,0.04519186443789467,2.9343150922482777,0.0,2.0,135.0,2.0,1.0,0.6375365985977611,1.0,0.6375365985977611,0.6375365985977611,49.72785469062537,1.0,2.3803008348322363,2.2553377760500792,2.296107063207095,2.3536145243730897,2.215385854308509,2.175305140371719,2.1347949784495794,2.4563460847925054,2.267514303822627,2.292989380890868,2.240579207421848,2.351427939064212,2.1385976782422706,2.351427939064212,2.2251409292311126,2.310241637370142,2.3267271741409736,2.4159964085151744,2.2748656883252076,2.041802109564954,2.455137360901746,2.0686239964251802,2.4159964085151744,2.098351108666429,2.374000720306788,2.2404203632812476,2.327143321347074,2.351427939064212,2.158059310142023,2.1689069539311747,2.2711055116957,2.1778142534294815,2.1331835057290567,2.4159964085151744,2.0930809355949194,2.1544057251423405,2.377974711088805,2.2937990974471316,13.67605119314273,86.07993028326207,17.215986056652415
116535,A.Becker,LIV,GKP,5.5,3.8,a,,,,,,2340.0,26.0,91.0,3.5,0.0,0.0011538461538461,0.0011538461538461,1.1376923076923076,8.0,14.961538461538462,0.0384615384615384,2.1923076923076925,5.4,14.0,,,,,,True,26.0,26.0,LIV,1.1218192053517662,26.0,4.523920228206605e-05,0.0012730041537385524,14.745295103140448,0.04536183450749219,2.300346503146451,0.0,1.0,45.0,1.0,1.0,0.7700343257918786,1.0,0.7700343257918786,0.7700343257918786,60.06267741176653,1.0,2.682254710541084,2.6391917605378614,3.0241290911648506,2.692936395275109,2.8240536898296966,2.305836875416193,2.6954840810313434,2.479981029635539,2.3845794793160793,2.860490660540499,2.4462349433124357,2.9687980956667586,2.784734472339678,2.786273435970173,2.5940174901556547,2.6693059494774367,3.0241290911648506,2.9054086384606164,2.748935193905128,3.076474340552521,2.56156691925261,2.6604763048192988,2.644378603744265,2.691746348471018,3.0241290911648506,2.748935193905128,3.0749853077784226,2.5966196980218887,2.748935193905128,2.905953843776161,2.751859100133723,2.9771430038317463,2.8444459747199833,2.3474608103326613,2.636404105103179,2.6173671420043676,2.863639198282571,2.392370979630954,16.168402522764797,103.68166624317148,18.851212044212996
449027,Mamardashvili,LIV,GKP,5.0,0.2,a,,,,,,867.0,10.0,34.0,3.5294117647058827,0.0,0.0,0.0,1.3795847750865051,2.0,14.429065743944635,0.0,3.5294117647058827,4.1,14.0,,,,,,True,10.0,9.0,LIV,1.1218192053517662,9.633333333333333,8.722870761381353e-05,0.0007532405232766831,14.25368810057326,0.030754387897244006,3.131102898316408,0.0,5.0,368.0,5.0,1.0,0.07083418936345803,2.0,0.09714997883714224,0.07083418936345803,6.104014138770779,1.0,0.29834777443860705,0.28850219357009926,0.3228174522388685,0.2925531148215563,0.30809144346414447,0.26541252491375467,0.29921984464362117,0.276931617965217,0.2704182568552411,0.3107048068844084,0.27458488207977944,0.31865969303772784,0.29960113943354894,0.30542747895925654,0.28514802425537666,0.29076479558327356,0.3228174522388685,0.3139712884771623,0.29683407931325717,0.3268009649169301,0.28277011626998927,0.29691685524806516,0.288890464877325,0.2989628457653382,0.3228174522388685,0.29683407931325717,0.32668609362580014,0.285339580755204,0.29683407931325717,0.31401102040019646,0.2970612849242463,0.3192830918193195,0.3095499207555788,0.26801447072014756,0.2953657831231154,0.28687545692237576,0.3109315474200615,0.27094732072099487,1.7757245034470301,11.335700292303837,2.2671400584607673
155503,Woodman,LIV,GKP,4.0,1.1,a,,,,,,212.0,2.0,6.0,2.547169811320755,0.0,0.0,0.0,2.020754716981132,0.0,14.433962264150942,0.0,3.820754716981132,3.9,14.0,,,,,,True,3.0,2.0,LIV,1.1218192053517662,2.3555555555555556,0.00014853214483167605,0.0012826102043348672,14.13154830001048,0.052368254928032446,2.9174466734207507,0.0,1.0,23.0,0.0,0.0,0.010257745822864529,3.0,0.036573535296548734,0.010257745822864529,1.3790515426044858,1.0,0.06904025989738592,0.06662308045337319,0.07209205695485782,0.06717595436763604,0.07020067802581474,0.06355776712265808,0.06913262235710735,0.06505918735919573,0.06418695434189745,0.07053954580855243,0.06474744761489695,0.07155398137176013,0.06814287827040666,0.0698862957075071,0.06617174935378345,0.0669252091166496,0.07209205695485782,0.07095119975151827,0.06776865245907146,0.07260353524015017,0.06584278970471476,0.06886009118504818,0.06667384448909074,0.06908131672574669,0.07209205695485782,0.06776865245907146,0.07259769907603067,0.06619071649307061,0.06776865245907146,0.07095289110616249,0.06778439901185032,0.07163270088670798,0.07039097684090265,0.06389113708494878,0.0686749033095466,0.06640102809425207,0.0705631050116787,0.06428642802142613,0.40868979682172585,2.5999045014432576,0.6499761253608144
586268,Pecsi,LIV,GKP,4.0,0.1,u,Has joined TSV Hartberg on loan for the rest of the season,0.0,,,,0.0,0.0,0.0,0.0,0.0,0.0,0.0,0.0,0.0,0.0,0.0,0.0,3.8,14.0,,,,,,False,,,LIV,1.1218192053517662,0.0,0.00013212214651043744,0.0011313976123006986,12.866935659988142,0.06734305438832919,2.9028711226076327,0.0,,,,,0.00903258452315725,4.0,0.00903258452315725,0.00903258452315725,0.7045415928062655,0.0,0.0,0.0,0.0,0.0,0.0,0.0,0.0,0.0,0.0,0.0,0.0,0.0,0.0,0.0,0.0,0.0,0.0,0.0,0.0,0.0,0.0,0.0,0.0,0.0,0.0,0.0,0.0,0.0,0.0,0.0,0.0,0.0,0.0,0.0,0.0,0.0,0.0,0.0,0.0,0.0,0.0
432987,Jaros,LIV,GKP,4.0,0.0,i,Knee injury - Unknown return date,0.0,,,,,,,,,,,,,,,,,,,,,,,False,,,,1.0099370333055604,0.0,0.00013212214651043744,0.0011313976123006986,12.866935659988142,0.06734305438832919,2.9028711226076327,0.0,,,,,0.00903258452315725,6.0,0.00903258452315725,0.00903258452315725,0.7045415928062655,0.0,0.0,0.0,0.0,0.0,0.0,0.0,0.0,0.0,0.0,0.0,0.0,0.0,0.0,0.0,0.0,0.0,0.0,0.0,0.0,0.0,0.0,0.0,0.0,0.0,0.0,0.0,0.0,0.0,0.0,0.0,0.0,0.0,0.0,0.0,0.0,0.0,0.0,0.0,0.0,0.0,0.0
464353,Davies,LIV,GKP,4.0,0.1,a,,,,,,,,,,,,,,,,,,,,,,,,,False,,,,1.0099370333055604,0.0,0.00013212214651043744,0.0011313976123006986,12.866935659988142,0.06734305438832919,2.9028711226076327,0.0,1.0,14.0,0.0,0.0,0.010344480231840337,5.0,0.010344480231840337,0.010344480231840337,0.8068694580835463,1.0,0.037043493989651836,0.03599613540779035,0.04100342865912632,0.036634096242752275,0.03864480989187341,0.03222877147358534,0.037187617393258696,0.03414555542567699,0.03307319260139999,0.03907035994559595,0.03376336920486936,0.04034422881106052,0.037735650244483346,0.0382142835516439,0.035465722522344464,0.03635131698004174,0.04100342865912632,0.03959521679307883,0.03730590232155192,0.041629580146302504,0.03508501724661117,0.03679961278716629,0.03605692066573413,0.03714038848910774,0.04100342865912632,0.03730590232155192,0.04161381680147427,0.03549442036281291,0.03730590232155192,0.039600790892705795,0.037337315876114496,0.040442918123357,0.03888297100100673,0.032673218695271164,0.03653460087627522,0.035738569454901115,0.03910578272218847,0.03316776915777681,0.2215507356647795,1.4177255067199475,0.35443137667998686
97032,Virgil,LIV,DEF,6.5,18.1,a,,,,,,3420.0,38.0,175.0,4.605263157894737,0.0992105263157894,0.0378947368421052,0.1371052631578947,1.253421052631579,10.0,15.605263157894736,0.1052631578947368,0.0,6.1,14.0,38.0,19.0,0.5,9.921052631578949,1.0,True,38.0,38.0,LIV,1.1218192053517662,38.0,0.09156445955895075,0.04074603933784742,15.368885723122034,0.11992339590646066,0.0,0.4663686438039025,2.0,149.0,2.0,1.0,0.893177631051191,,0.893177631051191,0.893177631051191,69.6678552219929,1.0,3.8208160521492327,3.8360956539673787,4.377254399340256,3.927581472133188,3.890014918197389,3.12461361316229,3.7529837205195156,3.5066944108982976,3.1805585877400566,4.066999142574027,3.437613614488853,4.276102162285839,4.070441590572569,3.962212702527103,3.7975677509216457,3.8257946707681163,4.377254399340256,4.135191052401857,4.076036689254171,4.392779665321195,3.666455454750626,3.6566884301906146,3.8245069404956094,3.5554288176087794,4.377254399340256,4.076036689254171,4.478002627241195,3.734264263653514,4.076036689254171,4.104566382389426,3.928978298209423,4.27589542552488,4.0036802817059876,3.2417217083603473,3.544402810415679,3.7898107656431423,4.026244478640951,3.487624355572523,22.976376108949733,147.68220508681458,22.72033924412532
216094,Frimpong,LIV,DEF,5.5,3.3,a,,,,,,1032.0,12.0,63.0,5.494186046511628,0.0436046511627907,0.1351744186046511,0.1787790697674418,1.131104651162791,1.0,20.66860465116279,0.0872093023255814,0.0,5.7,14.0,21.0,0.0,0.0,2.877906976744186,0.0,True,21.0,10.0,LIV,1.1218192053517662,11.466666666666667,0.04838862019067144,0.1019341340517628,18.02921626354179,0.12927103827211606,0.0,0.056304456569322675,5.0,336.0,4.0,0.8,0.569432309776381,,0.8589059939869074,0.569432309776381,50.784141215189294,1.0,2.372058155578552,2.3838387752528964,2.741074321537411,2.444534337928286,2.4213218000993306,1.9094155200384302,2.3286650407673366,2.1652591099780416,1.9500120784315644,2.536767905968006,2.119158512617803,2.67453454997564,2.539233276238778,2.4669518767070793,2.3575216490170536,2.3780432640718505,2.741074321537411,2.5819769453997528,2.5420027135399454,2.7520709465765236,2.271635530235752,2.26507348028143,2.3764954731395553,2.2007490548811757,2.741074321537411,2.5420027135399454,2.807177156182242,2.3166582614802107,2.5420027135399454,2.562179083946124,2.446945016514155,2.6745741272448966,2.4953938925367587,1.9876007136134453,2.191483910858584,2.3532400905218656,2.5104847203005893,2.1489935312509583,14.272242910434905,91.83927889286672,16.69805070779395
544877,Kerkez,LIV,DEF,5.5,4.3,a,,,,,,2251.0,27.0,85.0,3.3984895601954683,0.05997334517992,0.0275877387827632,0.0875610839626832,1.2034651266103953,4.0,14.273656152820967,0.1599289204797867,0.0,5.6,14.0,34.0,4.0,0.1176470588235294,6.39715681919147,0.3198578409595735,True,34.0,23.0,LIV,1.1218192053517662,25.011111111111113,0.058827621196249166,0.03405876905374906,14.266976403138749,0.16710967992350967,0.0,0.1380055081842928,5.0,280.0,4.0,0.8,0.6781320394097917,,0.967605723620318,0.6781320394097917,59.262720126595326,1.0,2.610037977519934,2.640866672749373,3.0561409370510066,2.712417989041268,2.7053124441061165,2.097267412409152,2.576525673746975,2.3917655579162918,2.1650176274477504,2.820430257248463,2.338505322580637,2.9790703973849038,2.8258525461973596,2.7325200420790448,2.6023425604622124,2.645652160290643,3.0561409370510066,2.8758252934825355,2.8169903694473475,3.0826095070480863,2.514982760719616,2.5067114333198433,2.63606470320024,2.461557198570268,3.0561409370510066,2.8169903694473475,3.131087521750517,2.5669337955539495,2.8169903694473475,2.858425880946046,2.7334840500884643,2.9818379837733366,2.7781673947811463,2.1837376017090464,2.4319875732724,2.606410693435573,2.7981679602828815,2.344662775200799,15.82204343287685,101.95563268780994,18.53738776141999
171287,Gomez,LIV,DEF,5.0,0.0,i,Muscular injury - Unknown return date,0.0,,,,594.0,7.0,33.0,5.0,0.0424242424242424,0.0969696969696969,0.1393939393939394,1.4106060606060609,2.0,14.242424242424244,0.6060606060606061,0.0,4.9,14.0,21.0,0.0,0.0,6.96969696969697,0.0,True,21.0,5.0,LIV,1.1218192053517662,6.6,0.049449667103543635,0.0735834116123961,14.24443447011052,0.3778408364176159,0.0,0.056304456569322675,1.0,10.0,0.0,0.0,0.27241625910890915,,0.6934688906878566,0.27241625910890915,30.511626105231755,0.0,0.0,0.0,0.0,0.0,0.0,0.0,0.0,0.0,0.0,0.0,0.0,0.0,0.0,0.0,0.0,0.0,0.0,0.0,0.0,0.0,0.0,0.0,0.0,0.0,0.0,0.0,0.0,0.0,0.0,0.0,0.0,0.0,0.0,0.0,0.0,0.0,0.0,0.0,0.0,0.0,0.0
492777,Bradley,LIV,DEF,5.0,0.0,i,Knee injury - Unknown return date,0.0,,,,928.0,12.0,42.0,4.073275862068965,0.0174568965517241,0.0814655172413793,0.0989224137931034,1.0445043103448275,2.0,15.226293103448274,0.4849137931034482,0.0,4.9,14.0,15.0,1.0,0.0666666666666666,7.952586206896552,0.1939655172413793,True,15.0,9.0,LIV,1.1218192053517662,10.311111111111112,0.0339665428240633,0.06959259882201972,14.798050299590546,0.35587552126987093,0.0,0.1200104917796053,,,,,0.38192122724219474,,0.5398159640843,0.38192122724219474,33.263539935417505,0.0,0.0,0.0,0.0,0.0,0.0,0.0,0.0,0.0,0.0,0.0,0.0,0.0,0.0,0.0,0.0,0.0,0.0,0.0,0.0,0.0,0.0,0.0,0.0,0.0,0.0,0.0,0.0,0.0,0.0,0.0,0.0,0.0,0.0,0.0,0.0,0.0,0.0,0.0,0.0,0.0,0.0
519440,Lucky,LIV,DEF,4.0,0.1,a,,,,,,0.0,0.0,0.0,0.0,0.0,0.0,0.0,0.0,0.0,0.0,0.0,0.0,4.0,14.0,,,,,,False,,,LIV,1.1218192053517662,0.0,0.04603779782868016,0.05289571900960875,12.920162047390122,0.20127875497479975,0.0,0.1841646621825304,,,,,0.21498760752296253,,0.21498760752296253,0.21498760752296253,16.769033386791076,1.0,0.7037017952403609,0.7149642140673015,0.8417701823550592,0.7368621230922827,0.7369446154537423,0.5513936295509124,0.6953772707377803,0.6398988247404054,0.5738370764711547,0.7698955097290296,0.6238215665873076,0.8182080721977232,0.7718440124801202,0.7423163739949241,0.7023731022885552,0.7177069214207156,0.8417701823550592,0.787141959418512,0.7677577177331637,0.8515005356895328,0.6772050432453198,0.674624389636284,0.7139185328878634,0.6641480529408728,0.8417701823550592,0.7677577177331637,0.8645123294622792,0.6929423631726104,0.7677577177331637,0.7824735370227365,0.7453552059975581,0.8193731747538281,0.7576627738780087,0.5769484886689297,0.6531266473601353,0.7046069458410409,0.7640487134353902,0.6227255236173671,4.285636559759659,27.680043025345253,6.920010756336313
606702,Jacquet,LIV,DEF,5.0,2.3,a,,100.0,,,,,,,,,,,,,,,,,,,,,,,False,,,,1.0099370333055604,0.0,0.058479217467673726,0.057292558383621406,14.876423012426306,0.18645691577625517,0.0,0.2745899071385076,1.0,45.0,1.0,1.0,0.4752884508413119,,0.4752884508413119,0.4752884508413119,37.072499165622325,1.0,1.765919099192063,1.7804932332071117,2.065529597750505,1.8290715308268484,1.8168329173055833,1.4084177263143158,1.7366218772750397,1.6087944782506178,1.445814506326582,1.9028146422374557,1.57250201321067,2.0123703053977398,1.905597873817105,1.8450520166107829,1.757173020822411,1.7794481261891804,2.065529597750505,1.939809127109781,1.9039596778906833,2.078882687431764,1.6928330031460437,1.6874404906556104,1.775807849573963,1.6453627795863448,2.065529597750505,1.9039596778906833,2.1178599328040524,1.7284199132055393,1.9039596778906833,1.9258089773421625,1.8367443338049614,2.013292358121653,1.8716761159317212,1.46849786154546,1.6323870852867104,1.7565291602392759,1.8844943322558625,1.587956926495619,10.666264104596426,68.71919412844359,13.743838825688718
647681,Leoni,LIV,DEF,4.0,0.1,i,Knee injury - Unknown return date,0.0,,,,0.0,0.0,0.0,0.0,0.0,0.0,0.0,0.0,0.0,0.0,0.0,0.0,4.9,14.0,,,,,,False,,,LIV,1.1218192053517662,0.0,0.04603779782868016,0.05289571900960875,12.920162047390122,0.20127875497479975,0.0,0.1841646621825304,,,,,0.21498760752296253,,0.21498760752296253,0.21498760752296253,16.769033386791076,0.0,0.0,0.0,0.0,0.0,0.0,0.0,0.0,0.0,0.0,0.0,0.0,0.0,0.0,0.0,0.0,0.0,0.0,0.0,0.0,0.0,0.0,0.0,0.0,0.0,0.0,0.0,0.0,0.0,0.0,0.0,0.0,0.0,0.0,0.0,0.0,0.0,0.0,0.0,0.0,0.0,0.0
214285,Tsimikas,LIV,DEF,5.0,0.1,a,,,,,,0.0,0.0,0.0,0.0,0.0,0.0,0.0,0.0,0.0,0.0,0.0,0.0,4.8,14.0,,,,,,False,,,LIV,1.1218192053517662,0.0,0.058479217467673726,0.057292558383621406,14.876423012426306,0.18645691577625517,0.0,0.2745899071385076,5.0,260.0,4.0,0.8,0.6359141402127567,,0.6359141402127567,0.6359141402127567,49.601302936595026,1.0,2.3246320618079817,2.349620213027458,2.7284886183469514,2.414526952842164,2.4047553953787366,1.8573600357732563,2.2912248932347454,2.1229499806359042,1.9138918038073598,2.5128123635671815,2.074790676609388,2.6579321396256,2.5173466224367673,2.4338229228873507,2.316018154535007,2.3520009286326773,2.7284886183469514,2.5629118546897196,2.5112231651802905,2.750691595312958,2.234558759014514,2.22717757757217,2.3446132306332785,2.1809359970927797,2.7284886183469514,2.5112231651802905,2.7974129936945205,2.281749624257844,2.5112231651802905,2.546136275672389,2.4306955456192902,2.660044942823151,2.473327259419837,1.9358391046310985,2.157519991310993,2.3181243582269833,2.4911683470081942,2.0859644733079477,14.079383277176548,90.74169242567098,18.148338485134197
489580,Ramsay,LIV,DEF,4.0,0.2,a,,,,,,0.0,0.0,0.0,0.0,0.0,0.0,0.0,0.0,0.0,0.0,0.0,0.0,3.7,14.0,,,,,,False,,,LIV,1.1218192053517662,0.0,0.04603779782868016,0.05289571900960875,12.920162047390122,0.20127875497479975,0.0,0.1841646621825304,5.0,200.0,2.0,0.4,0.40713162115085055,,0.40713162115085055,0.40713162115085055,31.756266449766343,1.0,1.3326314758508646,1.3539596207049929,1.5940977385966668,1.3954286677067005,1.3955848871708854,1.044198709301591,1.3168669525134737,1.211804944902506,1.0867008657474009,1.4579854653215822,1.1813587240670456,1.549477119684637,1.4616754318876028,1.4057576259091806,1.3301152707462398,1.359153607949204,1.5940977385966668,1.4906458363172714,1.4539370332701336,1.6125245426951853,1.282453394801142,1.277566295960511,1.3519793676164695,1.2577267898993563,1.5940977385966668,1.4539370332701336,1.6371655569090535,1.3122558594566132,1.4539370332701336,1.4818050366074276,1.4115123976092439,1.551683526360535,1.4348197878412916,1.092593085800193,1.236855062579132,1.3343455999145093,1.446913126404029,1.179283098609633,8.115901099331701,52.4189320504459,13.104733012611476
494595,Wirtz,LIV,MID,7.5,14.6,a,,,4.0,3.0,2.0,2374.0,27.0,125.0,4.7388374052232525,0.2589300758213985,0.1948609941027801,0.4537910699241785,1.2885846672283068,17.0,19.751474304970515,0.037910699241786,0.0,8.3,14.0,33.0,1.0,0.0303030303030303,6.672283066554339,0.075821398483572,True,33.0,27.0,LIV,1.1218192053517662,26.377777777777776,0.23390233514630543,0.17799939063684672,19.34327758261702,0.07561589891595877,0.0,0.038583498813986414,3.0,177.0,3.0,1.0,0.760747465936189,,0.9186422027782943,0.760747465936189,62.81198655354906,1.0,3.8328471486585225,3.6439603182548734,3.8159647801768606,3.6609512505300867,3.4257930185238723,3.351160647097037,3.6210280859024118,3.489497680292335,3.12978671895052,3.695790982042243,3.465984451416793,3.7798055201609224,3.6682244157974915,3.738727308951374,3.721805682203992,3.51094784353486,3.8159647801768606,3.6856988811152536,3.805505375037583,3.6686343224619757,3.5413485210557316,3.5457256009898317,3.598306784629837,3.1802805980403783,3.8159647801768606,3.805505375037583,3.870311709559671,3.5660470555264587,3.805505375037583,3.6130350600327596,3.4561795095340098,3.7493471772099,3.610331977803946,3.4329395540336463,3.3898714479575687,3.617287413080781,3.5899051552104626,3.805891812862843,21.73067716324125,137.52186411906573,18.336248549208765
243298,Gakpo,LIV,MID,7.0,3.7,a,,,3.0,2.0,,2736.0,32.0,131.0,4.309210526315789,0.2746710526315789,0.1536184210526315,0.4282894736842105,1.1493421052631578,5.0,14.769736842105264,0.0986842105263157,0.0,7.3,14.0,36.0,1.0,0.0277777777777777,5.0,0.0657894736842105,True,36.0,31.0,LIV,1.1218192053517662,30.4,0.24898548175424448,0.1471151952055566,15.44215880804892,0.11977881691145142,0.0,0.03582753461298732,2.0,132.0,2.0,1.0,0.771925060609646,,0.9035040079780671,0.771925060609646,63.10489156965765,1.0,3.5869031852380333,3.3993700654831636,3.5720231904631774,3.416543846036533,3.1828978967480905,3.106450848593951,3.3763284890860477,3.244936017209355,2.886711576060719,3.4516099911617704,3.22137698220597,3.5357601050818785,3.424248059937872,3.493894008337833,3.4765532078089465,3.2672461476162744,3.5720231904631774,3.441822910017067,3.5605883761521375,3.4257907926805937,3.2969236157887214,3.3012399426827903,3.353995015188546,2.937990808589951,3.5720231904631774,3.5605883761521375,3.6263477330346805,3.3216669872130704,3.5605883761521375,3.3695628978033003,3.213203945352833,3.5055156026712524,3.3665329289746193,3.1879979269797114,3.146105986072722,3.3727317842081765,3.34632573168661,3.559128737626407,20.26418903256295,128.2415484730234,18.320221210431917
424876,Szoboszlai,LIV,MID,7.0,41.3,a,,,2.0,1.0,1.0,3232.0,36.0,160.0,4.455445544554456,0.132549504950495,0.1901918316831683,0.3227413366336633,1.2706373762376235,21.0,21.72029702970297,0.2227722772277227,0.0,7.1,14.0,36.0,10.0,0.2777777777777778,9.412128712871286,0.556930693069307,True,36.0,36.0,LIV,1.1218192053517662,35.91111111111111,0.13598021886201134,0.1778416281959524,21.042029564933465,0.21861224474847574,0.0,0.2501132488987017,5.0,355.0,5.0,1.0,0.845258972860838,,0.845258972860838,0.845258972860838,65.93019988314536,1.0,3.8856449108872657,3.7500769894382215,3.9073839452819485,3.767753402410332,3.595861574261176,3.5000157466558504,3.728692872583157,3.6198097920426893,3.3419970502248395,3.801326148327217,3.599077130487398,3.874899971520955,3.7816683152944073,3.8259413742635773,3.8040709144835043,3.653446679033224,3.9073839452819485,3.7982701816615485,3.880975399078871,3.802400821128926,3.6661722665787475,3.6687850243067297,3.716434052477322,3.3988822156877654,3.9073839452819485,3.880975399078871,3.9529959873777156,3.6878910717629494,3.880975399078871,3.744013215524231,3.6201418761369437,3.852959360866025,3.735842155125427,3.5650851692332877,3.5497852558310514,3.7281164228097805,3.7224992112721655,3.8480820604605106,22.406736568934793,141.95371725323744,20.279102464748206
611922,Ngumoha,LIV,MID,6.0,1.2,a,,,,,,547.0,5.0,43.0,7.074954296160878,0.2204753199268739,0.3307129798903108,0.5511882998171846,1.46764168190128,4.0,30.93235831809872,0.0,0.0,4.3,14.0,19.0,0.0,0.0,4.93601462522852,0.0,True,19.0,5.0,LIV,1.1218192053517662,6.0777777777777775,0.18121059585056754,0.21233631778248135,23.581768619271557,0.1136192511807233,0.0,0.02019025814981881,5.0,228.0,4.0,0.8,0.4852545136105582,,0.8536755662421371,0.4852545136105582,45.95511521951828,1.0,2.9641295911846166,2.838563616773718,2.9505913009620546,2.8494837538423,2.6933709865507063,2.6466493585320205,2.8236558332049957,2.737208959553802,2.4994277739415076,2.8720581604968056,2.7218418759452097,2.9270004820439,2.853724078625389,2.9010249633216127,2.890441134248516,2.7502207865011052,2.9505913009620546,2.8650628765958763,2.9449309159036394,2.8525987804948962,2.7710521106710737,2.773998016994558,2.8082745377255924,2.531582598252091,2.9505913009620546,2.9449309159036394,2.9862676168471167,2.7871978859844435,2.9449309159036394,2.816902212322118,2.713401948102637,2.9067582154906995,2.815531431941636,2.700577388750835,2.6708794337113355,2.8210249638443394,2.8018622026223365,2.9474563759239722,16.942788607845415,107.22579660163883,17.87096610027314
223541,Chiesa,LIV,MID,5.5,0.2,a,,,,,,317.0,1.0,37.0,10.50473186119874,0.4116719242902208,0.173186119873817,0.5848580441640379,1.8454258675078865,0.0,38.32807570977918,0.8517350157728707,0.0,6.3,14.0,26.0,0.0,0.0,8.517350157728707,0.0,True,26.0,1.0,LIV,1.1218192053517662,3.522222222222222,0.23094872222051016,0.13792682220868258,24.212247676583466,0.39918571962003513,0.0,0.015773639179545947,4.0,161.0,3.0,0.75,0.40576899098719293,,0.9057689909871929,0.40576899098719293,42.64998129700105,1.0,2.716060147958536,2.596537644481354,2.696823220745448,2.6059040169897543,2.457889012244455,2.4213465346436758,2.583271171617935,2.503701132923265,2.2810482925851803,2.6257849311454793,2.4897970606688746,2.675592961064324,2.6083093974688163,2.65452067699579,2.6462704197466875,2.5126651720102977,2.696823220745448,2.618340923470507,2.6949805844564443,2.6034047126437043,2.5341995443483425,2.5371028427564006,2.5678707701943937,2.3077832542330654,2.696823220745448,2.6949805844564443,2.7295433478318163,2.5488194286389945,2.6949805844564443,2.572892989390957,2.476492353165849,2.6563399641735836,2.572756913557411,2.471483272047287,2.440286581057647,2.580371477237554,2.5594984062151562,2.7036062138812476,15.494560577063222,98.03490298299401,17.82452781508982
441266,Gravenberch,LIV,MID,6.0,1.9,a,,,,,,2991.0,34.0,144.0,4.332998996990972,0.0568706118355065,0.0680040120361083,0.1248746238716148,1.155767301905717,17.0,20.190571715145435,0.1504513540621865,0.0,5.4,14.0,36.0,7.0,0.1944444444444444,8.966900702106319,0.4212637913741223,True,36.0,33.0,LIV,1.1218192053517662,33.233333333333334,0.07520717460055752,0.07855837095941896,19.765050078312328,0.1600527058059758,0.0,0.17868467747013017,3.0,194.0,3.0,1.0,0.7772066629279624,,0.856154031349015,0.7772066629279624,62.35896181364422,1.0,3.0754623241631736,3.0184784627766863,3.1323328540266706,3.0336369997475807,2.956994596108968,2.8570964277407476,3.0025460345775796,2.9363621374769653,2.79189651908312,3.059828058017155,2.922209927792079,3.1094697230607315,3.0517446058462516,3.061431916644085,3.0385272226632223,2.9762195358639048,3.1323328540266706,3.064447197933146,3.0945833223373187,3.0892748577410916,2.9687476102639927,2.969100349090355,3.0031014611668208,2.844913940619692,3.1323328540266706,3.0945833223373187,3.160819070452527,2.9835052647077442,3.0945833223373187,3.0386737949414258,2.9706846901084294,3.1001344849208885,3.026454218078537,2.8934354148927848,2.909013971279415,3.0052762039719685,3.0227036697051526,3.0339902527773623,18.074001664563827,114.65692947330555,19.109488245550924
243016,Mac Allister,LIV,MID,5.5,1.8,a,,,5.0,,,2654.0,31.0,108.0,3.6623963828183874,0.1319140919366993,0.057309721175584,0.1892238131122833,1.253692539562924,9.0,16.6164280331575,0.2373775433308214,0.0,6.1,14.0,37.0,4.0,0.1081081081081081,7.765636774679729,0.2712886209495102,True,37.0,29.0,LIV,1.1218192053517662,29.488888888888887,0.13606811646196473,0.07120038963556721,16.911114653413474,0.22938814204089403,0.0,0.1047617779940807,1.0,69.0,1.0,1.0,0.6784144567861449,,0.8889407725756185,0.6784144567861449,57.54790657668772,1.0,2.820943107942512,2.73652677945884,2.8516854402404466,2.7503194617824933,2.6417021817108948,2.560533012268913,2.720708169826914,2.6455487959000727,2.4625769298543707,2.7755788418028726,2.630678829936725,2.8281386410631106,2.7634028429113093,2.7877550065390806,2.7691940311841816,2.6757645486987367,2.8516854402404466,2.7758039607437706,2.825635288310398,2.7866995542365465,2.6790671865770532,2.6804253963240834,2.7151323481039964,2.508490298147152,2.8516854402404466,2.825635288310398,2.8834447262217875,2.6946200350281058,2.825635288310398,2.740949273631203,2.6580771278411337,2.814435840910778,2.732694634434918,2.604290698095811,2.602697211930643,2.7214206753357537,2.725055876286477,2.7882955226325223,16.361709983404097,103.71293373301529,18.856897042366416
206915,C.Jones,LIV,MID,5.5,0.1,d,Hip injury - 75% chance of playing,75.0,,,,1923.0,18.0,81.0,3.7909516380655215,0.1034321372854914,0.1296411856474258,0.2330733229329173,1.4714508580343213,6.0,20.920436817472694,0.093603744149766,0.0,5.4,14.0,34.0,4.0,0.1176470588235294,11.09204368174727,0.374414976599064,True,34.0,18.0,LIV,1.1218192053517662,21.366666666666667,0.11649406921780892,0.12766935854347472,20.124139553771112,0.12257116581383898,0.0,0.11261891134363673,3.0,135.0,3.0,1.0,0.6237907912928139,,0.98,0.6237907912928139,56.49228431239757,0.75,2.356730022666087,2.2881403730516574,2.3722756031812318,2.297819824730582,2.210434136534324,2.156263280625356,2.2766597710780503,2.2196263180403752,2.076431104932396,2.31595635271845,2.208618808777944,2.3549633447036493,2.3060276985354315,2.327577449908041,2.3152061052810713,2.2390945376205442,2.3722756031812318,2.31497257045114,2.3563758807134048,2.3192620462654996,2.2443116833696206,2.2455625769370804,2.2710012522511027,2.107984356187713,2.3722756031812318,2.3563758807134048,2.396239909828345,2.255836312933941,2.3563758807134048,2.2872389768656833,2.2230504842010057,2.3438518957247894,2.2822680570613825,2.1900408760038474,2.184396552366724,2.2766512675720745,2.275694269014335,2.3352788749596964,13.681663240789238,86.68914554288187,15.761662825978522
158983,Endo,LIV,MID,5.0,0.0,a,,100.0,,,,170.0,1.0,12.0,6.352941176470589,0.0211764705882352,0.0264705882352941,0.0476470588235294,2.175882352941177,0.0,25.94117647058824,0.5294117647058824,0.0,4.9,14.0,8.0,0.0,0.0,12.176470588235295,0.0,True,8.0,1.0,LIV,1.1218192053517662,1.8888888888888888,0.12650991566592024,0.10407878048359982,19.514720045637144,0.26287145083817576,0.0,0.036054032410390735,1.0,45.0,1.0,1.0,0.38453497932643166,,0.5687455056422211,0.38453497932643166,34.046359966409035,1.0,1.708485594804895,1.6548914284057463,1.7227791711619458,1.6628022710642079,1.5943239244384995,1.5493153804687003,1.6456084984882822,1.6001258587915757,1.4869914986483186,1.677516916704951,1.5912803372428004,1.7088376717646463,1.6697669934002375,1.6862041556938479,1.6759208562715895,1.6164944500417333,1.7227791711619458,1.6770137173322752,1.709157065855728,1.6814038796057804,1.619994403206418,1.620938292209998,1.6414437923782386,1.5129553844385277,1.7227791711619458,1.709157065855728,1.7419231257173153,1.6292525758972187,1.709157065855728,1.6552099610875344,1.6043387052255358,1.7001503999300882,1.6509307307402061,1.5761125297054346,1.5726920297045373,1.6457355334118982,1.6458777005005996,1.6905691936683682,9.892597770343995,62.690916502043024,12.538183300408605
591386,Nyoni,LIV,MID,5.0,0.0,a,,,,,,21.0,0.0,6.0,12.0,0.74,0.04,0.78,1.7,0.0,22.0,0.0,0.0,4.3,14.0,6.0,0.0,0.0,25.714285714285715,0.0,True,6.0,0.0,LIV,1.1218192053517662,0.23333333333333334,0.16806184202789343,0.12006763108016714,18.110797355758514,0.19427205296353092,0.0,0.04206303781212252,6.0,273.0,4.0,0.6666666666666666,0.41695812599057247,,0.5748528628326777,0.41695812599057247,35.99641803779097,1.0,1.9020698139123633,1.8280296940771916,1.9088879269753307,1.8368652245222996,1.7434517946825328,1.6974182271747749,1.8170861267994176,1.7597818633142506,1.6109873927454876,1.85392178517776,1.7490345696705871,1.8921220522085644,1.8431667046937974,1.8682911407649758,1.857798630273128,1.7754291293745108,1.9088879269753307,1.85162761420122,1.897286932442722,1.8514383176888614,1.7837368369989883,1.785242731908609,1.80978653341499,1.6389728895029416,1.9088879269753307,1.897286932442722,1.9328125582037805,1.7950024920113552,1.897286932442722,1.8223095144831192,1.7563434676567429,1.8801511858707973,1.8187771844935106,1.7320039675939474,1.7213172707620077,1.8164565339109175,1.8112932199817329,1.8842746276821025,10.916722681344492,69.14552567401144,13.829105134802287
535928,Bajcetic,LIV,MID,5.0,0.0,i,Hamstring injury - Expected back 23 Aug,0.0,,,,0.0,0.0,0.0,0.0,0.0,0.0,0.0,0.0,0.0,0.0,0.0,0.0,4.2,14.0,,,,,,False,,,LIV,1.1218192053517662,0.0,0.12874827856853127,0.11056911278528116,17.390485450822368,0.20778653317403828,0.0,0.0906479839263559,,,,,0.18514127924968465,,0.18514127924968465,0.18514127924968465,14.441019781475402,0.0,0.0,0.0,0.0,0.0,0.0,0.0,0.0,0.0,0.0,0.0,0.0,0.0,0.0,0.0,0.0,0.0,0.0,0.0,0.0,0.0,0.0,0.0,0.0,0.0,0.0,0.0,0.0,0.0,0.0,0.0,0.0,0.0,0.0,0.0,0.0,0.0,0.0,0.0,0.0,0.0,0.0
551499,Munoz,LIV,MID,6.5,0.7,a,,,,,,,,,,,,,,,,,,,,,,,,,False,,,,1.0099370333055604,0.0,0.18214860604795427,0.1440295009567632,18.905832388363066,0.17619734718625288,0.0,0.09407498288757496,3.0,104.0,1.0,0.3333333333333333,0.36703192991144634,,0.36703192991144634,0.36703192991144634,28.628490533092815,1.0,1.633360924345066,1.5592776973447395,1.634507203486945,1.5671993902219246,1.4742536206172174,1.4352814409306136,1.5491534472250492,1.4942435097054136,1.3486551245026575,1.582829562704976,1.4841365262452824,1.6188265879767878,1.5720468870825273,1.5982468663993243,1.5893786836097472,1.506841740352189,1.634507203486945,1.5798320646850486,1.62606823822701,1.5768969123725416,1.516678791404446,1.5182742079129437,1.5411708515786093,1.3731959135131753,1.634507203486945,1.62606823822701,1.6573382691750738,1.5272817344355416,1.62606823822701,1.5508497342618828,1.486738495536352,1.6068621701312906,1.5483599514094848,1.4688185672127991,1.4555085340187692,1.5481700381913663,1.5406507051427956,1.6186092964665195,9.303880276946506,58.91069457185403,9.063183780285236
491501,McConnell,LIV,MID,4.5,0.2,a,,,,,,0.0,0.0,0.0,0.0,0.0,0.0,0.0,0.0,0.0,0.0,0.0,0.0,4.4,14.0,,,,,,False,,,LIV,1.1218192053517662,0.0,0.11094816940872362,0.09941565006145381,16.88536980497547,0.21831626183663344,0.0,0.08950565093928288,4.0,192.0,2.0,0.5,0.3832682749203919,,0.3832682749203919,0.3832682749203919,29.89492544379057,1.0,1.3838607926680453,1.342978860620892,1.4049395852232855,1.3506608450323254,1.297489251735269,1.2504487859540059,1.334417496015659,1.2953707245399078,1.203168021852435,1.3644602896807825,1.287464145805175,1.3923417797060071,1.3585868509846422,1.3692232033481784,1.3584560003690993,1.3133394167329635,1.4049395852232855,1.3653349753905637,1.388867576224556,1.3736063844551647,1.3132760676491033,1.3138371491514764,1.3324575009037791,1.2291782980799624,1.4049395852232855,1.388867576224556,1.4215282165860053,1.3215381219700844,1.388867576224556,1.3480703786236714,1.3058713460974654,1.3856910238738112,1.3429333936563277,1.272805856502169,1.2748886386203846,1.3351480628586379,1.3394749868143285,1.3647189996611109,8.030378121233824,50.924047350282954,11.316454966729545
219168,Isak,LIV,FWD,9.0,15.5,a,,,1.0,,,694.0,8.0,41.0,5.31700288184438,0.335878962536023,0.0103746397694524,0.3462536023054754,1.0867435158501442,4.0,18.155619596541783,0.0,0.0,10.3,14.0,14.0,0.0,0.0,3.890489913544669,0.0,True,14.0,8.0,LIV,1.1218192053517662,7.711111111111111,0.3716821913901212,0.0347372755072637,18.84975222057411,0.09872187934587831,0.0,0.00035978618421052624,3.0,188.0,3.0,1.0,0.5916496181190806,,0.7495443549611858,0.5916496181190806,49.6223544238146,1.0,2.733258927601637,2.5824111280491637,2.6510426579477526,2.584851502943609,2.4033726485427778,2.429607837640118,2.574096167940069,2.4984532761760616,2.2510574726566537,2.5952812601557818,2.4875051722918093,2.63542599833808,2.573007848639376,2.6421601408841386,2.6483908052411724,2.4785496680920116,2.6510426579477526,2.5787204718343584,2.6810634697301006,2.531841591106001,2.521289811885546,2.525858897942764,2.547730938035448,2.2494700345609644,2.6510426579477526,2.6810634697301006,2.6810331954955076,2.532909578584783,2.6810634697301006,2.5249629390632453,2.4226225443642755,2.6112640104904186,2.5354543285234143,2.4819751484484343,2.4158871709566982,2.5668285507415165,2.5164657806574895,2.748714841039405,15.384544702725057,97.10677807195626,10.78964200799514
510663,Ekitiké,LIV,FWD,7.5,0.2,i,Achilles injury - Unknown return date,0.0,,,,1797.0,21.0,125.0,6.2604340567612695,0.5058430717863105,0.1227045075125208,0.6285475792988314,1.3076794657762938,22.0,21.68614357262104,0.0,0.0,9.0,14.0,28.0,0.0,0.0,4.257095158597664,0.0,True,28.0,19.0,LIV,1.1218192053517662,19.966666666666665,0.47733755209599976,0.10425844559684973,21.066169900632424,0.055459967181196626,0.0,0.00021163893188854487,,,,,0.47775916140287544,,0.7146012666660333,0.47775916140287544,42.475740905213755,0.0,0.0,0.0,0.0,0.0,0.0,0.0,0.0,0.0,0.0,0.0,0.0,0.0,0.0,0.0,0.0,0.0,0.0,0.0,0.0,0.0,0.0,0.0,0.0,0.0,0.0,0.0,0.0,0.0,0.0,0.0,0.0,0.0,0.0,0.0,0.0,0.0,0.0,0.0,0.0,0.0,0.0
514514,Koumas,LIV,MID,5.0,0.0,a,,,,,,,,,,,,,,,,,,,,,,,,,False,,,,1.0099370333055604,0.0,0.12874827856853127,0.11056911278528116,17.390485450822368,0.20778653317403828,0.0,0.0906479839263559,6.0,290.0,4.0,0.6666666666666666,0.5063701551474824,,0.5063701551474824,0.5063701551474824,39.49687210150363,1.0,1.9709470114800824,1.899536848844293,1.9893140456554828,1.9099676586144967,1.8187878219835083,1.7596641563855708,1.8872666913835234,1.826954552247292,1.6766049679776271,1.9294022151110024,1.815245809152549,1.9708688739604998,1.9190734813507668,1.9411014982756334,1.9275945653010607,1.8483991107292386,1.9893140456554828,1.9286478751555118,1.9715421890467066,1.9341694069028756,1.8532446614671305,1.8545129121412152,1.8816364476549716,1.7107864007530225,1.9893140456554828,1.9715421890467066,2.0146896040830136,1.8655005185817501,1.9715421890467066,1.899638176011726,1.8320822622371955,1.9592953460263733,1.8940612219649362,1.7952416450585371,1.7903714288214336,1.8873937301490062,1.8873020491133135,1.9474396087665076,11.348217542963434,71.91999726179222,14.383999452358443
500058,Danns,LIV,FWD,4.5,0.0,i,Unspecified injury - Unknown return date,0.0,,,,0.0,0.0,0.0,0.0,0.0,0.0,0.0,0.0,0.0,0.0,0.0,0.0,4.3,14.0,,,,,,False,,,LIV,1.1218192053517662,0.0,0.38444429049184453,0.057349547188785474,18.480036098490043,0.19957079834822258,0.0,0.0010279605263157892,,,,,0.1607725138052258,,0.1607725138052258,0.1607725138052258,12.540256076807614,0.0,0.0,0.0,0.0,0.0,0.0,0.0,0.0,0.0,0.0,0.0,0.0,0.0,0.0,0.0,0.0,0.0,0.0,0.0,0.0,0.0,0.0,0.0,0.0,0.0,0.0,0.0,0.0,0.0,0.0,0.0,0.0,0.0,0.0,0.0,0.0,0.0,0.0,0.0,0.0,0.0,0.0
444884,Elliott,LIV,MID,5.5,0.1,a,,,,,,110.0,1.0,5.0,4.090909090909091,0.2372727272727272,0.0654545454545454,0.3027272727272727,1.4236363636363636,0.0,13.909090909090908,0.0,0.0,5.1,7.0,5.0,0.0,0.0,4.909090909090908,0.0,True,5.0,0.0,AVL,0.9670199126229554,1.2222222222222223,0.16276364450923977,0.1148555597956673,17.455543181466336,0.17344047138069446,0.0,0.04588695034049729,5.0,200.0,3.0,0.6,0.40326950698873326,,0.5348484543571543,0.40326950698873326,34.34975838722646,1.0,1.865269113022408,1.7853203899203982,1.867318226835597,1.794000763623962,1.6936213741042572,1.650549435887614,1.7742764209179565,1.7146716740106736,1.5570853008152403,1.8110739504763758,1.7036719669314864,1.8502394351807012,1.7994406151509452,1.827563169554609,1.8177595751090407,1.7287049134115955,1.867318226835597,1.8079395663390045,1.8577577304255781,1.8051648789505028,1.7391026849220106,1.7408117345319736,1.765758921995146,1.5840642831690805,1.867318226835597,1.8577577304255781,1.8921153861490223,1.7506408672499096,1.8577577304255781,1.7766120936713452,1.7071540091490738,1.8373258217360298,1.7737757246329897,1.6868947584324676,1.6729053608447622,1.7732657216658145,1.765487712590299,1.8489125871434597,10.656079303394236,67.47640808307365,12.268437833286118
445087,Araujo,LIV,DEF,5.5,1.6,a,,,,,,,,,,,,,,,,,,,,,,,,,False,,,,1.0099370333055604,0.0,0.06469992728717051,0.059490978070627726,15.8545534949444,0.17904599617698289,0.0,0.31980252961649613,1.0,45.0,1.0,1.0,0.49204801240314494,,0.49204801240314494,0.49204801240314494,38.379744967445305,1.0,1.9275400382833354,1.939050449876463,2.235765454124068,1.9893995873058976,1.9724253116883668,1.5502308514937102,1.8934349031003206,1.759306059762475,1.5847116609384422,2.065990379956963,1.7214741999159995,2.1803612876149425,2.0683434984762354,2.007302754984584,1.9164727527954153,1.9355052244019342,2.235765454124068,2.10389659007081,2.0692102749800974,2.2467623256887337,1.8468495511013803,1.841375252814298,1.9333773461849695,1.7912587312851462,2.235765454124068,2.0692102749800974,2.2906523357640753,1.883966906498523,2.0692102749800974,2.0881278097745994,1.993495388824163,2.180742807553921,2.032334944860318,1.6136715122267935,1.7817723789178386,1.9138717892300667,2.0451548070918903,1.7436691513261304,11.61441169277184,74.75745577712122,13.592264686749314
114283,Grealish,MCI,MID,6.5,0.1,a,,100.0,,,,1627.0,18.0,79.0,4.370006146281499,0.11339889366933,0.1864167178856791,0.2998156115550092,1.427719729563614,12.0,19.692685925015365,0.1659496004917025,0.0,6.3,11.0,20.0,0.0,0.0,7.467732022126612,0.0,True,20.0,18.0,EVE,0.9163869945969229,18.07777777777778,0.12505062843743883,0.16677891547950735,19.172603681558183,0.17637647688367122,0.0,0.01941370975944116,,,,,0.4641508321070889,,0.5167824110544573,0.4641508321070889,37.36165964119504,1.0,2.1356559157352204,2.0910235459644326,2.143358236849825,2.003105468544241,2.0681766983649803,2.013527026121253,2.143358236849825,2.0860206846909484,1.9632892878165953,2.1227837476570843,2.0625365298556986,1.798331653169329,2.0941593724866037,2.0461358524211617,1.9284547216609067,2.143358236849825,2.1649307912495117,2.13979395113227,1.9792706654111634,2.042739241936323,2.0521141067147886,2.031555555872903,1.7621745810206741,2.0451855231483203,2.191977541907611,1.9505456643159056,2.1608251870292854,2.0270126312447467,2.1608251870292854,1.9494533591702827,1.9386885681104686,1.9938260302232786,2.113953278765801,2.0369443449897884,1.9650963168664377,2.1608251870292854,2.0082213304226144,2.0786339271873033,12.454846891579951,77.79786818581599,11.968902797817844
204936,Donnarumma,MCI,GKP,5.5,9.5,a,,,,,,3060.0,34.0,135.0,3.9705882352941178,0.0,0.0038235294117647,0.0038235294117647,1.1323529411764706,5.0,16.676470588235293,0.2352941176470588,2.294117647058824,5.6,43.0,,,,,,True,34.0,34.0,MCI,1.2992531305868005,34.0,3.662221137119631e-05,0.0034114795530264756,16.174762702542267,0.20338815174416036,2.362185264451889,0.0,2.0,180.0,2.0,1.0,0.8789412133068216,1.0,0.8789412133068216,0.8789412133068216,68.55741463793208,1.0,2.928483130517576,3.4097135121132602,3.325721498506513,3.188110326926499,3.3643956571449425,3.3032305104120323,3.325721498506513,3.45889371598095,3.025919463020545,3.5374837530381,3.263526198869136,3.22132395024564,3.154256888627463,3.227319018698628,2.876118047204528,3.325721498506513,3.213519442650576,3.528519586657335,3.23683396363361,3.3917360080622085,3.2040668551131035,3.412721513392966,2.9169539554592805,3.4591830783941644,3.6442760849003304,3.327498547468082,3.588880650821867,3.2096240339250426,3.588880650821867,2.9878885628999345,3.3685411519671207,3.1173977102708545,3.3282471389416854,3.179765074481327,2.9853504183678994,3.588880650821867,3.156516430634801,3.6450306791928715,19.51965463562082,125.0162508571976,22.730227428581383
122074,Bettinelli,MCI,GKP,4.5,0.0,a,,,,,,0.0,0.0,0.0,0.0,0.0,0.0,0.0,0.0,0.0,0.0,0.0,0.0,3.8,43.0,,,,,,False,,,MCI,1.2992531305868005,0.0,0.00017090365306558279,0.0015287329548684496,13.687822974951251,0.07062094801579323,2.770091475922773,0.0,,,,,0.009052889418893224,3.0,0.009052889418893224,0.009052889418893224,0.7061253746736714,1.0,0.031237388509135714,0.035971364692005736,0.034945613413134353,0.033938593714537765,0.035318385945215004,0.03498681503590428,0.034945613413134353,0.03643210425471845,0.032133984853210555,0.037171404317769524,0.034356926455893375,0.034246058226862046,0.033323762083269134,0.034291528256426514,0.030774218197764724,0.034945613413134353,0.0341621866631615,0.03708594309200735,0.03410722014647941,0.03580555392873996,0.0337944034684837,0.036001796740728724,0.031146522122545355,0.03643645066283647,0.03818320614111125,0.034970630412292536,0.037657120387055654,0.033847898150512035,0.037657120387055654,0.031784912273999044,0.03559375741296527,0.03298243612552642,0.035213688258586305,0.03356589108917598,0.03176108782287737,0.037657120387055654,0.033348408483809586,0.038195134925243394,0.20639816130993285,1.3199778638643644,0.293328414192081
472769,O'Reilly,MCI,DEF,6.5,21.5,a,,,,,,2643.0,29.0,160.0,5.448354143019296,0.208399545970488,0.0909194097616345,0.2993189557321225,1.1908059023836548,10.0,19.30760499432463,0.170261066969353,0.0,5.3,43.0,34.0,5.0,0.1470588235294117,6.606129398410896,0.340522133938706,True,34.0,28.0,MCI,1.2992531305868005,29.366666666666667,0.1756101286274327,0.08307719383249731,18.223962799204646,0.17439276213284188,0.0,0.16300550818429274,,,,,0.7049881931466783,,0.8628829299887835,0.7049881931466783,58.46276327596722,1.0,3.312331981678492,3.6797774210514813,3.7495262808410112,3.3188046074219284,3.6920932763264416,3.4657870054999096,3.7495262808410112,3.7250763469245167,3.2082520168363122,3.8519501370569396,3.5855118834877757,3.0998306386700265,3.5132873811175407,3.419906341041265,2.9860060980644616,3.7495262808410112,3.5536417724946086,3.8644253791427285,3.4532278541284804,3.5995637859059255,3.511914945721468,3.607764305337963,2.8267347232076188,3.673726099272724,4.045173941349171,3.5072543848688964,3.951404473329017,3.485870294283257,3.951404473329017,3.1473626855483126,3.44305177879654,3.347287836891161,3.6205648472527745,3.46759919587982,3.164189841670658,3.951404473329017,3.4069769142478754,3.902452410086644,21.218320572819263,134.59019039377387,20.706183137503672
209036,Guéhi,MCI,DEF,6.0,19.8,a,,,,,,3150.0,35.0,179.0,5.114285714285714,0.1157142857142857,0.0677142857142857,0.1834285714285714,1.2737142857142856,14.0,19.65714285714286,0.1714285714285714,0.0,5.1,43.0,35.0,14.0,0.4,8.942857142857143,0.8,True,35.0,35.0,MCI,1.2992531305868005,35.0,0.10446430557469157,0.06521669324513914,18.65043588985148,0.17480177236505096,0.0,0.37854195920418815,,,,,0.7795435364409736,,0.7795435364409736,0.7795435364409736,60.80439584239594,1.0,3.344453334758313,3.79997132203288,3.847247641654144,3.436473645431811,3.8294033124803435,3.6006687730272846,3.847247641654144,3.8563060359478474,3.3339229016274636,3.9808908837912167,3.7084209931566416,3.3142180120220424,3.603648106249378,3.526124843675376,3.099834889526873,3.847247641654144,3.604817776600972,3.984288199611947,3.608333674775766,3.7377985885121703,3.6293397788141957,3.7547263899257954,3.021460767391193,3.823014754758301,4.162211618059318,3.6902713653782806,4.072567211815697,3.615308098571285,4.072567211815697,3.272356664005818,3.622957305134,3.47552162080494,3.715783788307405,3.5875622535665386,3.281830398823272,4.072567211815697,3.535615895467749,4.069594117309346,21.858218029384776,139.3865746699553,23.231095778325884
465351,Matheus N.,MCI,DEF,6.0,2.8,d,Knock - 75% chance of playing,75.0,5.0,,,2861.0,32.0,154.0,4.844459979028312,0.0106955609926599,0.0701502970989164,0.0808458580915763,1.0975533030408948,16.0,21.26529185599441,0.1572876616567633,0.0,5.3,43.0,34.0,8.0,0.2352941176470588,7.266689968542468,0.5033205173016428,True,34.0,30.0,MCI,1.2992531305868005,31.788888888888888,0.01965285187770353,0.06696135237606488,19.854003600593472,0.16377628010409023,0.0,0.23800550818429278,1.0,90.0,1.0,1.0,0.7730563630123198,,0.8783195209070567,0.7730563630123198,62.61418578864516,0.75,2.197975630016377,2.5793446845076438,2.5951843382011113,2.3263088303877195,2.612388576135313,2.4527709595780847,2.5951843382011113,2.6263969789963975,2.2612700818862193,2.7104848927862624,2.5182185069558987,2.3143029880236767,2.4214947272056158,2.3797656111733443,2.0896882851292933,2.5951843382011113,2.3929145495751416,2.7060749901816865,2.473187181478563,2.5499264778632154,2.4595162532936863,2.5681087379203307,2.096453199149058,2.6169082299524655,2.826360298975801,2.5505522136059695,2.767782725212942,2.4588106388170936,2.767782725212942,2.2180538382103094,2.5018050204977538,2.3612706164415984,2.5026109613604905,2.432549447457325,2.219081974795099,2.767782725212942,2.403139760176619,2.799855397585511,14.763973018826249,94.71649173036172,15.786081955060288
171314,Rúben,MCI,DEF,5.5,1.6,a,,,,,,2139.0,24.0,113.0,4.754558204768584,0.0239831697054698,0.0273492286115007,0.0513323983169705,1.096914446002805,4.0,19.06030855539972,0.126227208976157,0.0,5.5,43.0,26.0,8.0,0.3076923076923077,8.036465638148668,0.6732117812061711,True,26.0,23.0,MCI,1.2992531305868005,23.766666666666666,0.031856195373926637,0.03413382401493127,17.847914268529284,0.14217658588763454,0.0,0.297506885230366,1.0,90.0,1.0,1.0,0.6752893483839476,,0.7542367168050003,0.6752893483839476,54.40941127921107,1.0,2.526616783005686,2.972603993144999,2.9897722402827696,2.6795854087727733,3.0117425015351817,2.826854931540115,2.9897722402827696,3.0276422298961476,2.604722405063624,3.12486068002927,2.901989643339165,2.6707061170764193,2.7883428265710943,2.740865287990624,2.4055240886587876,2.9897722402827696,2.7532293300246895,3.1192843632899625,2.851536425126923,2.93948802265416,2.8337566447784734,2.9609877439575443,2.4175445241676803,3.017596263149495,3.2583787248782823,2.9425373469633556,3.1907837326936033,2.833563330280707,3.1907837326936033,2.5546684338953334,2.8859493524901714,2.7206000820899026,2.88248643017436,2.8026744748512527,2.5554772021025545,3.1907837326936033,2.769083419136758,3.230299801051415,17.007175858281524,109.15286673061604,19.845975769202916
477424,Gvardiol,MCI,DEF,5.5,11.8,a,,,,,,1370.0,16.0,79.0,5.189781021897811,0.1478102189781022,0.045985401459854,0.1937956204379562,1.0543795620437957,5.0,19.905109489051096,0.1313868613138686,0.0,5.8,43.0,18.0,3.0,0.1666666666666666,7.817518248175183,0.3941605839416058,True,18.0,14.0,MCI,1.2992531305868005,15.222222222222221,0.11592194381533798,0.04884622146348731,17.95559181517953,0.15142720528839582,0.0,0.18834251364048796,2.0,135.0,2.0,1.0,0.6245393749191802,,0.729802532813917,0.6245393749191802,51.02986071738027,1.0,2.602182268201484,2.967934843417752,3.008375426647771,2.6709440752177476,2.9905868373497944,2.803880281494434,3.008375426647771,3.013053295693962,2.5863804870947242,3.1149648912754366,2.8929126958933358,2.563319134679369,2.8098566413632766,2.745194334842956,2.3954734528391817,3.008375426647771,2.813905969336309,3.11848315012995,2.8085283188050565,2.9156824597539774,2.828712821659614,2.928805910282609,2.3251239557265295,2.984394449476475,3.263927220548154,2.8732318482411836,3.190434046123232,2.8162827585097965,3.190434046123232,2.5360173641790063,2.818486702077307,2.7020633193607857,2.901152400380301,2.7943529081130105,2.544342305192924,3.190434046123232,2.7511850347400975,3.1842060356576325,17.04390373232898,108.6619965898472,19.75672665269949
448514,Aït-Nouri,MCI,DEF,5.5,1.0,a,,,,,,971.0,12.0,60.0,5.561277033985582,0.0491246138002059,0.1863027806385169,0.2354273944387229,1.135427394438723,9.0,21.96704428424305,0.1853759011328527,0.0,5.7,43.0,17.0,2.0,0.1176470588235294,6.951596292481977,0.3707518022657054,True,17.0,10.0,MCI,1.2992531305868005,10.78888888888889,0.051730847175669004,0.13009379234694762,18.67959012047618,0.18715722001936563,0.0,0.15305305771181357,2.0,58.0,1.0,0.5,0.44831242739599947,,0.6325229537117889,0.44831242739599947,39.02100091583533,1.0,1.9283232361861853,2.20289365837619,2.2289067067180666,1.9895189930379573,2.2213550133353843,2.087257983400101,2.2289067067180666,2.2366423632714416,1.9298108066924928,2.309259119061269,2.1495027447964876,1.925246223243357,2.0856072763079108,2.041311787997299,1.7906443237751264,2.2289067067180666,2.08325361941945,2.310598367424931,2.0932748029452766,2.167837588481361,2.1027471982095434,2.1783837731457263,1.7511963415015377,2.21848742426408,2.4142035950387415,2.1433150657051367,2.3622134124319145,2.0954293471939986,2.3622134124319145,1.8934804526640314,2.103689879155022,2.0132983925438133,2.1517453856495266,2.078436874228025,1.8984637747495263,2.3622134124319145,2.0486186622143494,2.363680953149713,12.658255591053884,80.78087538461496,14.68743188811181
578153,Khusanov,MCI,DEF,5.5,1.8,a,,,,,,1427.0,15.0,67.0,4.225648213034337,0.0409950946040644,0.0763139453398738,0.1173090399439383,1.317519271198318,3.0,18.479327259985983,0.1261387526278906,0.0,5.4,43.0,21.0,5.0,0.238095238095238,8.325157673440785,0.6306937631394534,True,21.0,14.0,MCI,1.2992531305868005,15.855555555555556,0.04577403939173556,0.06892808703245851,17.05970512050546,0.1474070139975534,0.0,0.2414896417545078,1.0,90.0,1.0,1.0,0.5817167484978238,,0.7659272748136133,0.5817167484978238,49.426537961777626,1.0,2.367615289555303,2.7409537929629595,2.7645195984027695,2.4761097837591235,2.7703290076807545,2.6035836568775275,2.7645195984027695,2.78690433649483,2.4053182320711386,2.8758084507332673,2.675973693937985,2.4336600892115943,2.5844959896480897,2.5357845855610113,2.228595163809329,2.7645195984027695,2.5665779699969415,2.8739923206317606,2.618766083493168,2.704510538358455,2.616055593613757,2.720890268856268,2.2108138253506895,2.771366072863287,3.000992450608243,2.691324391690275,2.938299480056518,2.6116047813190577,2.938299480056518,2.360115102291949,2.6411369437923065,2.50956867622103,2.6681483552344036,2.5869629895405133,2.363461426555688,2.938299480056518,2.553407789764188,2.957693239616448,15.723111129238438,100.6209781274792,18.29472329590531
494307,Alleyne,MCI,DEF,5.0,0.0,u,Has joined Burnley on loan for the rest of the season,0.0,,,,135.0,2.0,5.0,3.333333333333333,0.1733333333333333,0.04,0.2133333333333333,1.0266666666666666,0.0,18.0,0.0,0.0,3.9,43.0,2.0,1.0,0.5,7.333333333333333,1.3333333333333333,True,2.0,1.0,MCI,1.2992531305868005,1.5,0.0738910673380776,0.05203345363589299,14.838815080380375,0.1596290749154939,0.0,0.315027540921464,1.0,45.0,1.0,1.0,0.4732556219979657,,0.49957141147164996,0.4732556219979657,37.49288588426238,0.0,0.0,0.0,0.0,0.0,0.0,0.0,0.0,0.0,0.0,0.0,0.0,0.0,0.0,0.0,0.0,0.0,0.0,0.0,0.0,0.0,0.0,0.0,0.0,0.0,0.0,0.0,0.0,0.0,0.0,0.0,0.0,0.0,0.0,0.0,0.0,0.0,0.0,0.0,0.0,0.0,0.0
477064,Lewis,MCI,DEF,4.5,0.2,a,,,,,,401.0,4.0,19.0,4.2643391521197005,0.042643391521197,0.3119700748129675,0.3546134663341645,1.528428927680798,2.0,16.159600997506235,0.4488778054862842,0.0,4.6,43.0,11.0,1.0,0.0909090909090909,5.386533665835412,0.4488778054862842,True,11.0,4.0,MCI,1.2992531305868005,4.455555555555556,0.05073761157364527,0.1464661934511048,14.930585989050154,0.2823219081648058,0.0,0.1482482545512772,2.0,135.0,2.0,1.0,0.5189331889994206,,0.7031437153152101,0.5189331889994206,44.52942032090218,1.0,2.029784579524673,2.343470015591609,2.3748551553856707,2.0960554421516506,2.3639902067287832,2.208500174232983,2.3748551553856707,2.382057485440444,2.0263885550899,2.4664809179538763,2.281363822584724,2.016288978377871,2.2089744178900466,2.156741063334423,1.86575672458826,2.3748551553856707,2.2083562011154427,2.4685141826228323,2.214399569303133,2.301825192714125,2.227405795897141,2.313601364123095,1.8155827596547713,2.3600272583768773,2.5889669900381183,2.270984598543264,2.528376282427103,2.2182722308013605,2.528376282427103,1.9843088569724248,2.2251623179860798,2.1230624965320066,2.2854443771017623,2.1990660651445864,1.9904872120907153,2.528376282427103,2.1640093080321643,2.527668976444939,13.416655573615369,85.6426924504224,19.0317094334272
616222,Vitor Reis,MCI,DEF,4.5,0.0,a,,,,,,0.0,0.0,0.0,0.0,0.0,0.0,0.0,0.0,0.0,0.0,0.0,0.0,5.0,43.0,,,,,,False,,,MCI,1.2992531305868005,0.0,0.052258507648176945,0.05509413869661508,13.898292529908215,0.1938678353755275,0.0,0.22937728466051902,2.0,90.0,2.0,1.0,0.5779533194608278,,0.5779533194608278,0.5779533194608278,45.08035891794457,1.0,1.9276818353494631,2.2920413209753145,2.313605832577296,2.0362848166639806,2.3213837238624047,2.160112719355383,2.313605832577296,2.3370856846071075,1.968529264572342,2.4230116079303814,2.2293848842716453,2.0003493201580267,2.1393532851817723,2.093204732239197,1.7981800909247454,2.313605832577296,2.120045055783773,2.4207480695192767,2.1758468876667605,2.2577878357779086,2.1712285445081694,2.274096446455211,1.7849674827159339,2.3230436013206694,2.5436335420381635,2.2474685554528055,2.483107142949928,2.16756782258732,2.483107142949928,1.925012555822296,2.1987870631754265,2.0690707350202917,2.2203461200750048,2.143284193307849,1.927866475226676,2.483107142949928,2.1113655493617602,2.5044959887216693,13.05111024878384,83.7034047372104,18.60075660826898
437730,Semenyo,MCI,MID,8.5,26.5,a,,,3.0,,,3200.0,37.0,202.0,5.68125,0.3121874999999999,0.08775,0.3999374999999999,1.34071875,18.0,19.06875,0.196875,0.0,8.0,43.0,37.0,3.0,0.081081081081081,6.637499999999999,0.1687499999999999,True,37.0,35.0,MCI,1.2992531305868005,35.55555555555556,0.2826514859547624,0.0941148251608173,18.871964500157414,0.1974376508280552,0.0,0.08150596404059227,2.0,131.0,2.0,1.0,0.8550071851729463,,0.9076387641203147,0.8550071851729463,67.84845518033192,1.0,4.029658021356392,3.9384791608438157,4.0394214823134345,3.7719034774818736,3.893862752347437,3.79039653234402,4.0394214823134345,3.9281606816132406,3.695774376177372,3.9980485541523203,3.884247722169497,3.376287462550657,3.9466557566448923,3.8543813402723437,3.6305282102127183,4.0394214823134345,4.083810658764111,4.0309917822510615,3.723911654141446,3.8455513673708017,3.8648890715893582,3.823685596612596,3.3091216504812904,3.84935902625853,4.130155534233634,3.667339594810631,4.070773087149292,3.8163815761240585,4.070773087149292,3.66957127584796,3.64508559525931,3.7535194548685817,3.9838393800192495,3.8359258030062717,3.699789883948175,4.070773087149292,3.780796899157459,3.9114320077012064,23.463721426686973,146.49412556900046,17.234603008117702
209244,Foden,MCI,MID,7.0,4.7,a,,,,3.0,3.0,2078.0,23.0,131.0,5.673724735322425,0.2611645813282002,0.2061597690086621,0.4673243503368623,1.185851780558229,13.0,24.38402309913378,0.1732435033686236,0.0,8.0,43.0,33.0,3.0,0.0909090909090909,6.929740134744947,0.2598652550529355,True,33.0,22.0,MCI,1.2992531305868005,23.08888888888889,0.23291416188086814,0.1846069030130106,22.74056498949859,0.18011279172479494,0.0,0.0898655500960377,2.0,158.0,2.0,1.0,0.6825228392499508,,0.9719965234604772,0.6825228392499508,59.60520251412774,1.0,3.935814273170403,3.844818049906798,3.934616527365128,3.7024527863575116,3.804060265719688,3.7157838215482633,3.934616527365128,3.8343403026706895,3.6360240363876004,3.894532893507043,3.7979590643239227,3.349247616631751,3.8562222961920396,3.774819071064412,3.5817501483503884,3.934616527365128,3.9795011108070315,3.924099727265737,3.6558396584692954,3.7625417338744906,3.782181367580148,3.7425176777867284,3.294490946841025,3.7641616546204864,4.009429905328916,3.603246823751987,3.9579688840649223,3.7388501385787123,3.9579688840649223,3.6136518837899363,3.5846446706033532,3.685155163860297,3.887370790613375,3.7569898971511586,3.6406250826451174,3.9579688840649223,3.708474199377421,3.8146431401442387,22.937545724067792,143.3539964332101,20.479142347601446
466052,Cherki,MCI,MID,7.5,7.9,a,,,,1.0,1.0,1772.0,19.0,135.0,6.856659142212189,0.2173814898419864,0.4505079006772008,0.6678893905191873,1.281433408577878,16.0,29.458239277652368,0.0507900677200902,0.0,6.5,43.0,33.0,2.0,0.0606060606060606,6.856659142212189,0.2031602708803611,True,33.0,16.0,MCI,1.2992531305868005,19.68888888888889,0.19831212878919302,0.35571031887255367,26.146910449685816,0.09388266101363413,0.0,0.06422452445501206,,,,,0.4951185012743521,,0.9424869223269836,0.4951185012743521,48.46134836255736,1.0,3.7215556963414462,3.611750550105059,3.699063955780302,3.4858856672024667,3.569818345842473,3.4921142613322904,3.699063955780302,3.5987609414699975,3.424091537227712,3.653015602489206,3.5691778799772127,3.139726565235694,3.6317519904017765,3.5540780813325497,3.379453179829894,3.699063955780302,3.754350135062048,3.6823262867955044,3.432104635487857,3.5325979421369174,3.556952361350418,3.5118932302731127,3.0972620680265788,3.5303592254748164,3.759067208631315,3.3760769874616643,3.711977372335127,3.514434292656302,3.711977372335127,3.4043629841494907,3.3605684044832107,3.4670314993909255,3.6578734884300963,3.533697327548183,3.4307853830665143,3.711977372335127,3.4876616223531984,3.5692179898700034,21.58018847660404,134.72292735578222,17.96305698077096
248875,Doku,MCI,MID,7.5,5.9,d,Calf injury - 75% chance of playing,75.0,4.0,,,1773.0,19.0,120.0,6.091370558375635,0.1456852791878172,0.2974619289340102,0.4431472081218274,1.177664974619289,15.0,26.7005076142132,0.0,0.0,6.5,43.0,30.0,0.0,0.0,6.395939086294416,0.0,True,30.0,18.0,MCI,1.2992531305868005,19.7,0.14733005412862774,0.24690337530301001,24.186963834984784,0.057743919472914726,0.0,0.014021012604040838,,,,,0.5187476192233822,,0.8345370929075927,0.5187476192233822,47.40968272047644,0.75,2.277971591136651,2.236169580787683,2.2822602070447413,2.1602103028428212,2.215779279507032,2.168600809320097,2.2822602070447413,2.2314358694432794,2.125471694636484,2.2633129862500656,2.2114310591705384,1.9795489364311245,2.23997384391487,2.197852743620368,2.095744671285929,2.2822602070447413,2.3026209580402295,2.2783594473941653,2.1382298776859496,2.193745143491487,2.202616578671766,2.1837513452742243,1.948966393090402,2.195453438638709,2.3235885006443215,2.112360025828485,2.2964976726014408,2.180464816040307,2.2964976726014408,2.1135233467148886,2.1022192546710388,2.1517999249181927,2.256918934507302,2.1894016907876725,2.12732282582499,2.2964976726014408,2.164238670351228,2.2237149553066606,13.340991770639025,83.52907313516752,11.13720975135567
438234,Marmoush,MCI,FWD,7.0,0.8,a,,,2.0,,2.0,691.0,8.0,56.0,7.293777134587554,0.3620839363241678,0.1002894356005788,0.4623733719247467,1.031548480463097,5.0,23.70477568740955,0.3907380607814761,0.0,8.3,43.0,21.0,0.0,0.0,5.07959479015919,0.0,True,21.0,5.0,MCI,1.2992531305868005,7.677777777777778,0.38459150859364377,0.07882247169898715,21.56878075116357,0.2902854269277618,0.0,0.00026650828460038974,1.0,77.0,1.0,1.0,0.4337411470703601,,0.8547937786493074,0.4337411470703601,43.09496736622493,1.0,2.629793300736569,2.498255082787438,2.5648480061900303,2.4304058811423745,2.461114644939138,2.4200674932147757,2.5648480061900303,2.48206957381882,2.389542279520503,2.5138756525250403,2.4724845492353715,2.160280187831907,2.5334822588624237,2.4775500599706892,2.373723282238787,2.5648480061900303,2.633106077231041,2.537490112381523,2.3704348222060387,2.439783872377246,2.470141790127074,2.4212256186383594,2.1520423882664748,2.429530225334299,2.5820638177087134,2.316744801540648,2.552752887272815,2.436848818945853,2.552752887272815,2.3790321033374062,2.3106952580900098,2.4114653464054903,2.544071654422864,2.4551825209584943,2.3996225916470317,2.552752887272815,2.42262031867344,2.436253002183394,15.004484409010326,93.34380206768776,13.334828866812538
220566,Rodrigo,MCI,MID,6.5,0.1,i,Back injury - Unknown return date,0.0,,,,1510.0,17.0,69.0,4.112582781456953,0.0685430463576158,0.1460264900662251,0.214569536423841,1.2361589403973507,6.0,20.86092715231788,0.1788079470198675,0.0,6.3,43.0,21.0,8.0,0.3809523809523809,12.278145695364238,0.9536423841059604,True,21.0,16.0,MCI,1.2992531305868005,16.77777777777778,0.09528871073662282,0.13839915454278195,19.936368089962805,0.18563030997577412,0.0,0.31499097976835067,,,,,0.44230921620037783,,0.5738881635687989,0.44230921620037783,37.39485570573474,0.0,0.0,0.0,0.0,0.0,0.0,0.0,0.0,0.0,0.0,0.0,0.0,0.0,0.0,0.0,0.0,0.0,0.0,0.0,0.0,0.0,0.0,0.0,0.0,0.0,0.0,0.0,0.0,0.0,0.0,0.0,0.0,0.0,0.0,0.0,0.0,0.0,0.0,0.0,0.0,0.0,0.0
510281,Savinho,MCI,MID,6.5,0.1,a,,,,,,817.0,7.0,43.0,4.736842105263158,0.2753977968176254,0.1751529987760098,0.4505507955936352,1.238188494492044,1.0,15.422276621787026,0.2203182374541003,0.0,6.9,43.0,24.0,0.0,0.0,6.499388004895961,0.0,True,24.0,6.0,MCI,1.2992531305868005,9.077777777777778,0.21730242351507414,0.15044249487989841,16.628562680947987,0.21077136710863786,0.0,0.016825215124849004,2.0,160.0,2.0,1.0,0.5168308200473875,,0.98,0.5168308200473875,50.502525922653696,1.0,2.8722085807630617,2.803122675457052,2.8712125862042046,2.695225583377207,2.772208509471534,2.705306151777952,2.8712125862042046,2.7951663637878417,2.644867336406723,2.8407899521177633,2.767604044887153,2.427395684116051,2.811806665290962,2.750088553595421,2.603747515492866,2.8712125862042046,2.905294364803978,2.863211388680473,2.6598462475450795,2.740739947814154,2.7556533948045456,2.7255515757961506,2.3859206748100417,2.7419525556749873,2.927887561535946,2.619947472037814,2.888879251469708,2.722795797526909,2.888879251469708,2.6279119325706914,2.6058529613015473,2.6821012408671137,2.835407939113394,2.7365570039691685,2.6483652307242376,2.888879251469708,2.6997745422765336,2.7801881652349514,16.71928408705101,104.43477312665102,16.066888173330927
433036,Reijnders,MCI,MID,6.0,0.3,a,,,,,,1623.0,19.0,92.0,5.101663585951941,0.255637707948244,0.1303142329020332,0.3859519408502773,1.04362292051756,6.0,18.68761552680221,0.11090573012939,0.0,5.0,43.0,28.0,1.0,0.0357142857142857,5.5452865064695,0.11090573012939,True,28.0,17.0,MCI,1.2992531305868005,18.033333333333335,0.22359958384236833,0.12788310483585308,18.47550185258944,0.13826529716004113,0.0,0.0442575427572197,2.0,135.0,2.0,1.0,0.6038873974020876,,0.893361081612614,0.6038873974020876,53.47163804999441,1.0,3.1091497296235135,3.046400580594623,3.116860297675197,2.9296000996261613,3.01535412435401,2.9427913401713828,3.116860297675197,3.039315722522835,2.8763430863346064,3.0882782053246745,3.008420449773726,2.6535669374595163,3.0517337754058143,2.9872624276560074,2.830458473917858,3.116860297675197,3.1473559168865872,3.1112496231322875,2.8964559950258946,2.9814996055232297,2.9947769173667123,2.966288715922175,2.6062313887243795,2.984317559641138,3.1807293575686617,2.857172921404402,3.139155505931845,2.9609339422264,3.139155505931845,2.857967805786309,2.8415309166108154,2.9168531471171564,3.0778635519914777,2.9745079535404115,2.8790527709429177,3.139155505931845,2.9359791431384092,3.0280750716544538,18.16015617204489,113.54556466778968,18.924260777964946
465694,N.Gonzalez,MCI,MID,5.5,0.1,a,,,,,,1561.0,17.0,63.0,3.632286995515695,0.0392056374119154,0.0645739910313901,0.1037796284433055,1.1732863549007049,1.0,19.42985265855221,0.3459320948110185,0.0,5.9,43.0,25.0,7.0,0.28,11.87700192184497,0.8071748878923767,True,25.0,17.0,MCI,1.2992531305868005,17.344444444444445,0.07461368914628187,0.08282775740044007,18.977685594308227,0.29984900975272966,0.0,0.2420889178627571,2.0,74.0,1.0,0.5,0.44773727293885024,,0.6582635887283239,0.44773727293885024,39.55508623659874,1.0,2.041367468706925,2.054945143441935,2.076758600551424,1.9993474902686459,2.0488964554708278,2.0138515467585076,2.076758600551424,2.057087614780545,1.9785324982817114,2.078857030391605,2.0385606026187557,1.9181134078381135,2.042803567436768,2.0205590183284987,1.951740394137246,2.076758600551424,2.068180845541349,2.085098871925349,2.002175151520162,2.0335421642002967,2.0295153814111,2.0307439287881923,1.8867815983572407,2.040316486604171,2.116246603412925,1.997581341556249,2.0988152397140394,2.0196353281548243,2.0988152397140394,1.9697108359869113,1.9887480792220296,1.9985507486604805,2.057338411386394,2.0213225414344804,1.975935704870151,2.0988152397140394,2.007634394795141,2.0696876828203523,12.235166705198266,77.17012985990429,14.030932701800781
91651,Kovačić,MCI,MID,5.5,0.1,a,,,,,,125.0,1.0,9.0,6.48,0.0936,0.3024,0.396,2.88,0.0,29.52,0.0,0.0,5.8,43.0,6.0,0.0,0.0,12.96,0.0,True,6.0,0.0,MCI,1.2992531305868005,1.3888888888888888,0.14283292892623553,0.14902972145609922,19.701894485937345,0.1703616464449425,0.0,0.04206303781212252,2.0,106.0,2.0,1.0,0.47220431280037567,,0.630099049642481,0.47220431280037567,40.305620608955614,1.0,2.162068418331487,2.140486312725201,2.181667510335418,2.0633318629544117,2.1239700606569794,2.075806771385138,2.181667510335418,2.1383282250531086,2.0302261958352927,2.169968331255253,2.1161726711758306,1.9039311651690873,2.137296074736158,2.09856994187593,1.9976524094653931,2.181667510335418,2.1912512200603276,2.182996541913146,2.049945678452094,2.101954746039344,2.105993737629016,2.0939383502529316,1.868638791906418,2.106300650514438,2.228012218526263,2.030446801674245,2.2016282414748494,2.086486870489862,2.2016282414748494,2.018053841333401,2.019479688311608,2.057321995635942,2.1555154352340713,2.093270242612505,2.0302387958551713,2.2016282414748494,2.0699466395345048,2.139111763993139,12.747330936388636,79.93659970601851,14.533927219276093
575204,Echeverri,MCI,MID,5.0,0.0,a,,,,,,0.0,0.0,0.0,0.0,0.0,0.0,0.0,0.0,0.0,0.0,0.0,0.0,5.4,43.0,,,,,,False,,,MCI,1.2992531305868005,0.0,0.12874827856853127,0.11056911278528116,17.390485450822368,0.20778653317403828,0.0,0.0906479839263559,2.0,30.0,0.0,0.0,0.1853484498631968,,0.1853484498631968,0.1853484498631968,14.45717908932935,1.0,0.6976594153654406,0.6965306889947893,0.7089777290775757,0.6700336454203939,0.6921209968380824,0.6755073668342052,0.7089777290775757,0.69658709715485,0.6593201494172392,0.7072309371027863,0.6884257028734001,0.6225448375028468,0.6933120398708543,0.6812335606868168,0.6474174048417614,0.7089777290775757,0.7089292520242939,0.7110265489834666,0.6681269932755642,0.6846703112277769,0.684561069201675,0.6825596805870312,0.6091518081170609,0.686948526101169,0.7262078293559745,0.6634703871301569,0.7174878297196572,0.6787627379444,0.7174878297196572,0.6551289785762568,0.6595032964260233,0.6687319516923514,0.6998723441803157,0.6804019199937128,0.6587623995434178,0.7174878297196572,0.6730646607082923,0.6994521880923819,4.140829842530487,26.006653402456493,5.201330680491298
155405,Phillips,MCI,MID,5.0,0.0,u,Has joined Sheffield United on loan for the rest of the season,0.0,,,,0.0,0.0,0.0,0.0,0.0,0.0,0.0,0.0,0.0,0.0,0.0,0.0,4.7,43.0,,,,,,False,,,MCI,1.2992531305868005,0.0,0.12874827856853127,0.11056911278528116,17.390485450822368,0.20778653317403828,0.0,0.0906479839263559,,,,,0.18514127924968465,,0.18514127924968465,0.18514127924968465,14.441019781475402,0.0,0.0,0.0,0.0,0.0,0.0,0.0,0.0,0.0,0.0,0.0,0.0,0.0,0.0,0.0,0.0,0.0,0.0,0.0,0.0,0.0,0.0,0.0,0.0,0.0,0.0,0.0,0.0,0.0,0.0,0.0,0.0,0.0,0.0,0.0,0.0,0.0,0.0,0.0,0.0,0.0,0.0
590039,Mukasa,MCI,MID,4.5,0.1,a,,,,,,25.0,0.0,2.0,4.0,0.0,0.42,0.42,0.68,0.0,10.0,0.0,0.0,4.4,43.0,2.0,0.0,0.0,3.6,0.0,True,2.0,0.0,MCI,1.2992531305868005,0.2777777777777778,0.1463004361646564,0.13238941561128037,17.72899441693565,0.19322898153822338,0.0,0.06309455671818379,,,,,0.1866276721998453,,0.23925925114721372,0.1866276721998453,15.71485316843004,1.0,0.8107666957627753,0.8035468326414187,0.8191595515228052,0.7737290410945221,0.7973890443627452,0.7787624133993154,0.8191595515228052,0.8028550867442793,0.7610517539594712,0.815043347023569,0.7941940790190215,0.7134197734204625,0.8019351469434961,0.7871865671840671,0.7483352669934679,0.8191595515228052,0.8222675220907634,0.8199572707717259,0.7690357032452346,0.7889004360034029,0.7901944254065333,0.7859169609127494,0.6995533294575296,0.7907201663648329,0.8373047616025393,0.7618639158810967,0.8271690144271592,0.7828163507108338,0.8271690144271592,0.7563455848490086,0.7575896676717889,0.7715424063333195,0.8090304643264276,0.785314738393764,0.7609563464083334,0.8271690144271592,0.7764209108430571,0.8036210383805054,4.783353578783582,29.996552746051954,6.665900610233767
649208,Monga,MCI,MID,5.0,0.0,a,,,,,,,,,,,,,,,,,,,,,,,,,False,,,,1.0099370333055604,0.0,0.12874827856853127,0.11056911278528116,17.390485450822368,0.20778653317403828,0.0,0.0906479839263559,,,,,0.18514127924968465,,0.18514127924968465,0.18514127924968465,14.441019781475402,1.0,0.7506795006980572,0.7426122127827918,0.7585587155584134,0.7125651307408719,0.7362479576106552,0.7174872911030657,0.7585587155584134,0.7418146268322511,0.6997076873600255,0.7541246262790026,0.7331566586443455,0.6508778447609985,0.7412557113915851,0.7262398065894268,0.6869836526335181,0.7585587155584134,0.7621115193888731,0.7591618706543705,0.7074965973962665,0.7276802099415692,0.7291727430144498,0.7245928237561902,0.6370651672825839,0.7294149063389249,0.7766778459157114,0.7000125649913517,0.7664211779309872,0.7216243893182998,0.7664211779309872,0.6949666948899368,0.6957307406611238,0.7102656085320843,0.748367368798779,0.7242290067455944,0.6996823879621289,0.7664211779309872,0.7151819997632486,0.7422592794364556,4.418150808493856,27.674386112682733,5.534877222536546
223094,Haaland,MCI,FWD,15.5,70.2,a,,,1.0,,,2953.0,34.0,239.0,7.284117846258042,0.7771757534710464,0.0813748730104978,0.8585506264815442,1.1764307483914664,43.0,29.014561462919065,0.0609549610565526,0.0,14.7,43.0,35.0,0.0,0.0,3.1696579749407383,0.0,True,35.0,33.0,MCI,1.2992531305868005,32.81111111111111,0.7044537486048548,0.0768359672113452,27.153158083281184,0.08701136329841322,0.0,0.00017550545571245183,,,,,0.8420426199532716,,0.8946741989006399,0.8420426199532716,66.83721909319729,1.0,5.5459221123230416,5.1955357998336575,5.372923400431575,5.014801774845147,5.096602567615629,4.987262785192443,5.372923400431575,5.152421479967541,4.905950925939319,5.237145256877224,5.126889269851897,4.295251616241846,5.289372560866121,5.140382577387123,4.863812905436688,5.372923400431575,5.554746555576853,5.300048522859902,4.855053235413721,5.0397824976995125,5.12064872061985,4.990347753978676,4.273308090947359,5.0124692374701905,5.418782199559268,4.7120358777838645,5.3407049001158535,5.031964218230478,5.3407049001158535,4.877954333512978,4.695921342746351,4.964348726092424,5.317580174742637,5.080800809927142,4.932802463460698,5.3407049001158535,4.994062900876208,5.030377105058562,31.213048440241494,193.19527130057668,12.464211051650109
215379,Anderson,MCI,MID,6.5,9.4,a,,,,2.0,,3332.0,37.0,180.0,4.861944777911164,0.0794117647058823,0.1293817527010804,0.2087935174069627,1.4491296518607442,16.0,21.473589435774308,0.2160864345738295,0.0,5.7,17.0,38.0,26.0,0.6842105263157895,13.910564225690274,1.404561824729892,True,38.0,37.0,NFO,0.915102797726672,37.022222222222226,0.09219985808061917,0.12814168673010953,20.855898529273706,0.2132170758257592,0.0,0.6023808284942153,,,,,0.7425714850947085,,0.7688872745683927,0.7425714850947085,58.499523205808316,1.0,3.9796861732294846,3.9515692425725537,4.013381689714592,3.833242162455787,3.9272403367798057,3.853317364678034,4.013381689714592,3.9488919351262237,3.782990139780857,3.9972401850453845,3.9144751740088757,3.5945310144082536,3.944993119490921,3.8865695402376734,3.732465977674402,4.013381689714592,4.025431361243585,4.016682626550346,3.8148460459214366,3.89356401601014,3.8985718481043015,3.8817791697717126,3.539396131971367,3.9008520886552236,4.08549967964551,3.786559310548468,4.045306585603106,3.8693697073940228,4.045306585603106,3.7643135484578325,3.7695805958431943,3.8246296315798096,3.9731755080141595,3.8792254844466014,3.7825637666026948,4.045306585603106,3.84398893612928,3.952152091225273,23.558436969430257,148.02545873955634,22.773147498393282
106921,Rulli,MCI,GKP,5.0,0.0,a,,,,,,,,,,,,,,,,,,,,,,,,,False,,,,1.0099370333055604,0.0,0.00017090365306558279,0.0019260682974362002,14.508710289914358,0.07389884164325727,2.637311829237913,0.0,,,,,0.030243981048763982,2.0,0.030243981048763982,0.030243981048763982,2.3590305218035907,1.0,0.1042334391194145,0.12028295807049041,0.11703480103816655,0.11321627288865384,0.11830176963302953,0.11686708163279609,0.11703480103816655,0.12187104741323188,0.10733078955634787,0.12441910361347323,0.11500614511060302,0.11426498637248027,0.11145782319758142,0.1144535334710497,0.10258794765683363,0.11703480103816655,0.11401680349477139,0.12412753511740797,0.11413840864765723,0.11970447913670126,0.11307246364982843,0.12038062544110917,0.10387103316768198,0.12188094619317218,0.1278992559241303,0.11709626706868487,0.1260915887956764,0.113253262284161,0.1260915887956764,0.1061176102473705,0.11895972532877362,0.11026856771898491,0.11766591003630864,0.11228445772123712,0.10603672576210674,0.1260915887956764,0.111532050714715,0.12792588366534985,0.689936322382551,4.413904078557666,0.8827808157115331
166989,Tielemans,MUN,MID,6.0,2.2,a,,100.0,3.0,,,1857.0,21.0,68.0,3.295638126009693,0.0552504038772213,0.1579967689822294,0.2132471728594507,1.5189014539579968,3.0,20.21001615508885,0.0,0.0,5.9,7.0,25.0,2.0,0.08,9.838449111470114,0.1938610662358643,True,25.0,20.0,AVL,0.9670199126229554,20.633333333333333,0.08210858554236282,0.14805204292992,19.59181251091077,0.05586169625377432,0.0,0.08079859528211195,3.0,144.0,1.0,0.3333333333333333,0.4388185361215191,,0.5703974834899401,0.4388185361215191,37.12258265958375,1.0,2.0151935854995857,2.0490875107029076,1.9992778793308759,1.8530163362941492,1.938050251958945,1.932024989494461,1.9331287990674921,2.0319738683478725,1.9733343637606775,1.94968161578272,1.9108309330258757,1.9703786235852994,1.9986193996644177,2.0490875107029076,1.9634842502670333,1.7754706013676906,1.9816861624325002,1.9980632675632544,1.927375240532839,1.9149762075117567,1.9629355521543688,1.9147662272692663,1.9268781536809112,1.8864647805792445,1.9146178158064728,1.9893640659150327,1.7717555136337173,1.9679622250300701,1.9643917136366813,1.843546432818163,2.0490875107029076,2.0151935854995857,1.9384930045254762,2.0151935854995857,1.868504624372546,2.0094168982005414,2.037036112898512,1.990818925727364,11.786650553280925,74.23116812484372,12.37186135414062
532605,Andrey Santos,MUN,MID,5.0,1.2,a,,,,,,1247.0,13.0,47.0,3.392141138732959,0.144346431435445,0.0635124298315958,0.2078588612670409,1.364795509222133,3.0,18.54851643945469,0.2886928628708901,0.0,4.4,8.0,27.0,2.0,0.074074074074074,9.310344827586206,0.2886928628708901,True,27.0,11.0,CHE,1.1739877198508393,13.855555555555556,0.14692111079952666,0.08506869071194906,18.34677216096444,0.256205181111325,0.0,0.07590171071955965,6.0,359.0,6.0,1.0,0.5843777077680409,,0.98,0.5843777077680409,54.28515163501029,1.0,2.8158769652522295,2.8654187385960275,2.7942227209815194,2.596025131990936,2.709437441737799,2.702853905156197,2.703191994027959,2.844857169260002,2.759871568769224,2.728158255514969,2.67290459426891,2.7568380724509645,2.796222467176745,2.8654187385960275,2.745375692253705,2.4848284808853056,2.7724097719224723,2.7939094842688412,2.6949716067754657,2.678307393155879,2.744158039023415,2.6808719546640165,2.6960041782213855,2.6422939100263028,2.680328378702341,2.780309975088006,2.4819271505294194,2.749473682764792,2.748236088096577,2.5803788170936777,2.8654187385960275,2.8158769652522295,2.7128754883152975,2.8158769652522295,2.61324784199498,2.8115126996839837,2.845846643637875,2.784652335182294,16.48383490371471,103.83039004516598,20.766078009033198
59735,Darlow,MUN,GKP,4.5,0.0,d,Unspecified injury - 75% chance of playing,75.0,,,,1980.0,22.0,71.0,3.227272727272727,0.0,0.0022727272727272,0.0022727272727272,1.289090909090909,3.0,15.181818181818182,0.0454545454545454,2.863636363636364,4.0,2.0,,,,,,True,22.0,22.0,LEE,0.998193150012714,22.0,5.127109591967485e-05,0.0021094047075703526,14.878001116892506,0.05141007910849116,2.8070593702326447,0.0,,,,,0.0644246096408206,2.0,0.0644246096408206,0.0644246096408206,5.025119551984007,0.75,0.19844520258691173,0.17758645893491262,0.19532983457034248,0.15318606040397328,0.19179601088420578,0.17300053613397198,0.18838569257363452,0.15778063617860566,0.18520761040470418,0.16891458284023086,0.18398335025553098,0.17008707228142303,0.17959766197507168,0.17758645893491262,0.18928412789218607,0.18001243377122575,0.1713202690668078,0.17961843128855165,0.18944381919219522,0.1776962096408314,0.19177559151007767,0.1604869018682351,0.18027506227452283,0.15535022550496022,0.16244733208190365,0.19579374467042526,0.1572486756392826,0.2013822654113874,0.17160529216544448,0.1771034434877932,0.17758645893491262,0.19844520258691173,0.1669540430145239,0.19844520258691173,0.1872363597415299,0.16879514353441008,0.20132507935661942,0.17436681095492745,1.0893441035143179,6.814885295135009,1.5144189544744464
465247,Lammens,MUN,GKP,5.0,18.3,a,,,,,,2880.0,32.0,109.0,3.40625,0.0,0.0,0.0,1.2265625,11.0,12.90625,0.0,2.46875,5.1,1.0,,,,,,True,32.0,32.0,MUN,1.1849827795535044,32.0,3.8453321939756123e-05,0.0003320535306778044,13.13350083766938,0.013557559331368397,2.5052945276744834,0.0,2.0,151.0,2.0,1.0,0.8569489006764749,1.0,0.8569489006764749,0.8569489006764749,66.84201425276504,1.0,3.4035688436359135,3.032861026561532,3.344904692597731,2.5652061574315517,3.2785986859838703,2.9478904440940044,3.213562831710232,2.6541692517791513,3.151987234014764,2.8701580275618856,3.129147003824484,2.8921959440084484,3.042638192145449,3.032861026561532,3.23036711110887,3.0536733269141445,2.915457447350653,3.071630203443093,3.2338769321956313,3.0365883739339905,3.277896268614761,2.708597596169071,3.056838596161332,2.6080535378117395,2.7466062552370554,3.353809204755701,2.647116814030772,3.4594489564662614,2.921076636811904,2.995540695887174,3.032861026561532,3.4035688436359135,2.832901254352786,3.4035688436359135,3.19235186170771,2.867130068199547,3.4575159894301666,2.97296197825731,18.573029850304604,116.03918718458357,23.207837436916712
451302,Bayindir,MUN,GKP,4.5,0.1,u,Has joined Celta Vigo on loan for the rest of the season,0.0,,,,540.0,6.0,11.0,1.8333333333333333,0.0,0.0083333333333333,0.0083333333333333,1.54,0.0,8.166666666666666,0.0,2.1666666666666665,4.7,1.0,,,,,,True,6.0,6.0,MUN,1.1849827795535044,6.0,0.00010986663411358894,0.004520152944793712,11.524288107626798,0.03873588380390971,2.4436986504985234,0.0,,,,,0.012821249358499176,4.0,0.012821249358499176,0.012821249358499176,1.0000574499629358,0.0,0.0,0.0,0.0,0.0,0.0,0.0,0.0,0.0,0.0,0.0,0.0,0.0,0.0,0.0,0.0,0.0,0.0,0.0,0.0,0.0,0.0,0.0,0.0,0.0,0.0,0.0,0.0,0.0,0.0,0.0,0.0,0.0,0.0,0.0,0.0,0.0,0.0,0.0,0.0,0.0,0.0
21205,Heaton,MUN,GKP,4.0,0.2,i,Hamstring injury - Unknown return date,0.0,,,,0.0,0.0,0.0,0.0,0.0,0.0,0.0,0.0,0.0,0.0,0.0,0.0,3.8,1.0,,,,,,False,,,MUN,1.1849827795535044,0.0,0.00013212214651043744,0.0011313976123006986,12.866935659988142,0.06734305438832919,2.9028711226076327,0.0,3.0,184.0,3.0,1.0,0.022449939201574665,3.0,0.022449939201574665,0.022449939201574665,1.7510952577228238,0.0,0.0,0.0,0.0,0.0,0.0,0.0,0.0,0.0,0.0,0.0,0.0,0.0,0.0,0.0,0.0,0.0,0.0,0.0,0.0,0.0,0.0,0.0,0.0,0.0,0.0,0.0,0.0,0.0,0.0,0.0,0.0,0.0,0.0,0.0,0.0,0.0,0.0,0.0,0.0,0.0,0.0
596777,Dorgu,MUN,MID,6.0,1.6,a,,,,,,1440.0,15.0,95.0,5.9375,0.149375,0.115,0.264375,1.225625,11.0,20.0625,0.3125,0.0,4.1,1.0,26.0,3.0,0.1153846153846153,7.5,0.375,True,26.0,14.0,MUN,1.1849827795535044,16.0,0.15004343747345789,0.11746764566222401,19.374120759544937,0.2749794403916557,0.0,0.10952363917954588,6.0,349.0,6.0,1.0,0.6352103393001123,,0.9509998129843228,0.6352103393001123,56.49377488646139,1.0,3.060006288925989,3.1198390399879754,3.035844900336428,2.815762800379541,2.939274011490526,2.934073646582473,2.9329041899209325,3.1005153725189865,2.998774557278922,2.964010977797942,2.8991767398326367,2.99670294266324,3.0419247943861722,3.1198390399879754,2.981145999671625,2.684127564723558,3.0143262668319575,3.0372754839135987,2.9232105845725798,2.904889963743323,2.9791612013142155,2.9115397341456175,2.9266339970557227,2.8683990278208062,2.9104791293704904,3.0197572201634397,2.683752226940697,2.9830674872458673,2.9864983511686565,2.7946340103360523,3.1198390399879754,3.060006288925989,2.946879000237682,3.060006288925989,2.829862507307521,3.0597822821983685,3.093780346466657,3.0277429339275126,17.904800687702934,112.76544623908563,18.794241039847606
209365,De Ligt,MUN,DEF,5.0,0.0,i,Back injury - Unknown return date,0.0,,,,1170.0,13.0,43.0,3.3076923076923075,0.1061538461538461,0.0638461538461538,0.1699999999999999,1.4407692307692308,5.0,13.0,0.0,0.0,4.9,1.0,13.0,9.0,0.6923076923076923,10.692307692307692,1.3846153846153846,True,13.0,13.0,MUN,1.1849827795535044,13.0,0.08676024474817794,0.06020560997814204,13.474702060172074,0.07221315293796154,0.0,0.5536958067037743,,,,,0.41974431251441635,,0.41974431251441635,0.41974431251441635,32.74005637612448,0.0,0.0,0.0,0.0,0.0,0.0,0.0,0.0,0.0,0.0,0.0,0.0,0.0,0.0,0.0,0.0,0.0,0.0,0.0,0.0,0.0,0.0,0.0,0.0,0.0,0.0,0.0,0.0,0.0,0.0,0.0,0.0,0.0,0.0,0.0,0.0,0.0,0.0,0.0,0.0,0.0,0.0
216051,Dalot,MUN,DEF,5.0,3.0,a,,,,,,2609.0,29.0,111.0,3.8290532771176697,0.0665772326561901,0.0886546569566883,0.1552318896128785,1.2615178229206594,9.0,14.281333844384823,0.1724798773476427,0.0,4.5,1.0,34.0,4.0,0.1176470588235294,6.93369106937524,0.2759678037562285,True,34.0,28.0,MUN,1.1849827795535044,28.988888888888887,0.06412642312227586,0.08122216967818813,14.273711893579222,0.17617388376471826,0.0,0.1380055081842928,3.0,134.0,2.0,0.6666666666666666,0.6575272203023218,,0.815421957144427,0.6575272203023218,54.76080739410742,1.0,2.920413621568664,2.693020374326232,2.8456738952498464,1.972861039576336,2.7212334266858864,2.501846252442832,2.6456608042689176,2.2513944309361147,2.611330417929189,2.433922372538626,2.5296101364847834,2.47620770511331,2.5024086118293827,2.693020374326232,2.6910817072770135,2.319301554562444,2.5112369284437444,2.6870547526071853,2.663086807033616,2.5784227958782795,2.7424387512760373,2.2164180930915065,2.456786940379464,2.062079920383131,2.262167261063017,2.8462268257274217,2.012743980486185,2.9353169285863716,2.5019798300332736,2.3054200325336356,2.693020374326232,2.920413621568664,2.3827523698118487,2.920413621568664,2.5648699413669713,2.4833155334624495,2.9943506980530668,2.580000349012286,15.655048609849798,97.12950308180889,19.42590061636178
95658,Maguire,MUN,DEF,5.0,13.3,a,,,,,,1649.0,19.0,90.0,4.912067919951485,0.061127956337174,0.0272892662219527,0.0884172225591267,1.2525773195876289,5.0,17.1922377198302,0.1637355973317162,0.0,4.4,1.0,23.0,8.0,0.3478260869565217,8.841722255912675,0.8732565191024864,True,23.0,19.0,MUN,1.1849827795535044,18.322222222222223,0.05934016993417319,0.03549540010919734,16.296828574810142,0.17158415325147627,0.0,0.32828345956454175,5.0,343.0,5.0,1.0,0.7009161404826874,,0.8061792983774242,0.7009161404826874,56.987248431333825,1.0,3.3093629433906515,3.0503527419665413,3.2320366338584288,2.3228965543637456,3.1135310914338388,2.8753117223932922,3.0322116172284814,2.5742501729999474,2.9829896148005988,2.7961193359193883,2.9117628298242333,2.836285438053162,2.8567449584072455,3.0503527419665413,3.0730987224986137,2.7211775726561602,2.871248615878759,3.058636393187675,3.052960451234155,2.9639233922280703,3.1295024239289715,2.5694012294279287,2.8276118353153668,2.410043586440335,2.6191489337526317,3.2355450283535183,2.3888104723388217,3.3395964915776086,2.8661268376296225,2.686499266365955,3.0503527419665413,3.3093629433906515,2.7435616239736906,3.3093629433906515,2.962585638772134,2.8328231747233876,3.384113570892465,2.9436920937065256,17.9034916874065,111.29339438023634,22.258678876047266
221820,Martinez,MUN,DEF,5.0,0.8,a,,100.0,,,,1229.0,13.0,51.0,3.734743694060212,0.0109845402766476,0.0439381611065907,0.0549227013832384,1.1145646867371848,3.0,17.648494711147276,0.0,0.0,4.8,1.0,18.0,4.0,0.2222222222222222,7.689178193653377,0.5858421480878764,True,18.0,12.0,MUN,1.1849827795535044,13.655555555555555,0.027335486184738973,0.047762238511384544,16.39157870380976,0.07002712111480108,0.0,0.23000918030715467,1.0,29.0,0.0,0.0,0.3375254159375382,,0.49542015277964346,0.3375254159375382,29.800666653654297,1.0,1.6654658094001054,1.531190743465893,1.6281813435976837,1.1835674108331586,1.5749291121636357,1.4552622286786399,1.53441523505649,1.2918719736771993,1.5052613708825602,1.4133005336872286,1.475959868933538,1.4314025763066764,1.4387193350125753,1.531190743465893,1.5518164327356199,1.3941096173591716,1.447877004687626,1.5408256148546897,1.5455025664022561,1.5018701020952485,1.5803368818975656,1.30215853404781,1.4316892143840625,1.2242637734839212,1.3274168570616263,1.6310031848395035,1.225992045878841,1.6857025673482071,1.4471434789968307,1.3692303673208581,1.531190743465893,1.6654658094001054,1.3878941709169434,1.6654658094001054,1.506159750461776,1.4254505618880846,1.7008083887305476,1.4835302985251206,9.038596648139116,56.233622061343695,11.246724412268739
550864,Yoro,MUN,DEF,5.0,0.8,a,,,,,,1730.0,18.0,56.0,2.9132947976878616,0.0697109826589595,0.0306936416184971,0.1004046242774566,1.3957803468208092,1.0,9.9364161849711,0.0520231213872832,0.0,4.1,1.0,32.0,6.0,0.1875,9.260115606936417,0.6242774566473989,True,32.0,17.0,MUN,1.1849827795535044,19.22222222222222,0.06545994390777808,0.03762800116681163,11.202933426010295,0.09244198328683562,0.0,0.19790053493083454,5.0,331.0,5.0,1.0,0.684065715460335,,0.98,0.684065715460335,59.86768006577876,1.0,3.2000181992513195,2.9495893297553937,3.122424902157282,2.207663833491182,2.9992166640501736,2.764195674635052,2.918781037543832,2.4767154856503497,2.8748530679490663,2.687964512758723,2.797776434586273,2.7298933741475606,2.7531789982624413,2.9495893297553937,2.962374575750662,2.594949520617276,2.7656435159472643,2.952038414668363,2.938526122026033,2.8495892044297486,3.0177093674400313,2.4596483976855894,2.71657480218113,2.298090662255626,2.509010858759405,3.1247344363060705,2.2651224791859965,3.224191152372214,2.7586935102459704,2.5680952418483587,2.9495893297553937,3.2000181992513195,2.6347948974259356,3.2000181992513195,2.843083233732654,2.730726338024056,3.275710436496109,2.838086925749539,17.243108603340403,107.10888066540011,21.421776133080023
606745,Heaven,MUN,DEF,4.5,0.4,a,,,,,,920.0,11.0,42.0,4.108695652173913,0.0332608695652174,0.0176086956521739,0.0508695652173913,1.1690217391304347,3.0,16.043478260869566,0.1956521739130435,0.0,3.7,1.0,17.0,5.0,0.2941176470588235,9.195652173913045,0.9782608695652176,True,17.0,10.0,MUN,1.1849827795535044,10.222222222222221,0.042912721081741684,0.0337125627187125,15.254382252271476,0.1929773530809435,0.0,0.28348784032050917,6.0,347.0,6.0,1.0,0.6282788445307611,,0.8124893708465506,0.6282788445307611,53.05838145234674,1.0,2.9332071721906408,2.6901032009725276,2.8641596756798204,2.045796815482414,2.763293651624351,2.544651649836934,2.68906079453172,2.2534313084629423,2.638282591470325,2.4692667439712492,2.5811091419954,2.503487352473593,2.5185194067081973,2.6901032009725276,2.722622175627845,2.4237961593944592,2.534182080893683,2.7046299895582666,2.7089494232141926,2.628606542750785,2.774644079426569,2.264921216531044,2.501386529419543,2.121700547625847,2.3108353189869204,2.8687264690287413,2.117749969663218,2.9673993337787423,2.5318039598157323,2.3825986253351403,2.6901032009725276,2.9332071721906408,2.422328967913271,2.9332071721906408,2.6336546908705567,2.495004083906265,2.9990765750570456,2.5997084817125877,15.841212165786688,98.4553154722369,21.878958993830423
230001,Mazraoui,MUN,DEF,4.5,0.7,a,,,,,,977.0,11.0,53.0,4.882292732855681,0.0175025588536335,0.0322415557830092,0.0497441146366427,1.1966223132036846,6.0,21.463664278403275,0.2763561924257932,0.0,4.9,1.0,20.0,3.0,0.15,9.76458546571136,0.5527123848515865,True,20.0,10.0,MUN,1.1849827795535044,10.855555555555556,0.03351612408606734,0.04159611246829022,18.401406537257056,0.23953026461564364,0.0,0.1738546279758351,3.0,136.0,2.0,0.6666666666666666,0.4790944251035609,,0.742252319840403,0.4790944251035609,43.158838842288276,1.0,2.3396420545984014,2.1497873275184993,2.2862622228230376,1.6494061815027758,2.2089538986275588,2.0386702553047935,2.151249254958189,1.8085637992366244,2.1108858495301406,1.9794294046663674,2.067542915565632,2.0057422412761823,2.016904671889422,2.1497873275184993,2.1767999012276342,1.9474946259741108,2.0294861677609606,2.1621114728362407,2.166851500378664,2.1044967914290496,2.2173115773637093,1.820199440744032,2.0049944857923827,1.708361260681167,1.856195002773474,2.2899998859530237,1.707884466959777,2.367079102152658,2.027982259014748,1.9138857561833345,2.1497873275184993,2.3396420545984014,1.9429649304610848,2.3396420545984014,2.1093448332947564,1.9983057687575319,2.3904146257964807,2.0804502937862708,12.672721940375068,78.81451299105251,17.51433622023389
106760,Shaw,MUN,DEF,4.5,22.2,a,,,,3.0,,3220.0,38.0,113.0,3.158385093167702,0.0201242236024844,0.0553416149068322,0.0754658385093167,1.2549689440993788,3.0,12.549689440993788,0.2515527950310559,0.0,4.5,1.0,38.0,7.0,0.1842105263157894,7.127329192546584,0.391304347826087,True,38.0,37.0,MUN,1.1849827795535044,35.77777777777778,0.026542350907120843,0.05514939158849954,12.8596921050064,0.2402240759017125,0.0,0.19364137107662976,6.0,346.0,5.0,0.8333333333333334,0.7908076243337814,,0.8171234138074656,0.7908076243337814,62.261942066456,1.0,3.061570754089776,2.7550529549064224,2.9767168969562894,1.9743488380157932,2.8563325629712955,2.584467694428602,2.7641746823863613,2.21516260493014,2.6972972767924546,2.48926137813232,2.631702605013283,2.52993391974716,2.546122689330619,2.7550529549064224,2.8032833950600207,2.448080727890325,2.5670682321901,2.777733450845993,2.7894945775755042,2.6904701736693406,2.8682385520021203,2.2391981197316806,2.531148270137135,2.0649449870516428,2.2959717075068378,2.983331543814499,2.069581771297374,3.1087076004354186,2.565637535645801,2.390987745217668,2.7550529549064224,3.061570754089776,2.4320045558231724,3.061570754089776,2.7009310267809674,2.515982494971558,3.1419624534980093,2.6477289135624256,16.20848970136818,100.34788011040051,22.299528913422336
577974,Amass,MUN,DEF,4.0,0.2,a,,,,,,0.0,0.0,0.0,0.0,0.0,0.0,0.0,0.0,0.0,0.0,0.0,0.0,4.0,1.0,,,,,,False,,,MUN,1.1849827795535044,0.0,0.04603779782868016,0.05289571900960875,12.920162047390122,0.20127875497479975,0.0,0.1841646621825304,5.0,194.0,3.0,0.6,0.5036228492210261,,0.5036228492210261,0.5036228492210261,39.282582239240035,1.0,1.9855871798611016,1.7984282161975984,1.9308727376050536,1.2884965650597768,1.8487783696589442,1.6785591749812763,1.7907586377972917,1.4594880957142105,1.7536876455566033,1.6211897878150934,1.705582749332997,1.6489481423783359,1.6622962199924334,1.7984282161975984,1.8186394667311911,1.5754651806451991,1.673417290242196,1.8066937894823643,1.8058816322563385,1.7427100005955773,1.8590690212819918,1.4610712238503696,1.6447036666626738,1.3489573139503153,1.4965090517099584,1.9338513453142008,1.33872436294133,2.009504459878076,1.6705355861265958,1.5476638286694115,1.7984282161975984,1.9855871798611016,1.5841717148986056,1.9855871798611016,1.7438804051104828,1.644730423938938,2.03819832448181,1.724785250596636,10.53072224336375,65.20986765343237,16.302466913358092
547676,Fredricson,MUN,DEF,4.0,0.1,u,Has joined Lausanne-Sport permanently,0.0,,,,2.0,0.0,1.0,2.0,0.0,0.0,0.0,0.6,0.0,8.0,0.0,0.0,3.7,1.0,1.0,0.0,0.0,90.0,0.0,True,1.0,0.0,MUN,1.1849827795535044,0.022222222222222223,0.05509260744329135,0.054139339139457766,14.228790711530777,0.18903443082097968,0.0,0.2171743324816732,,,,,0.2329328717253505,,0.25924866119903467,0.2329328717253505,18.74771136299839,0.0,0.0,0.0,0.0,0.0,0.0,0.0,0.0,0.0,0.0,0.0,0.0,0.0,0.0,0.0,0.0,0.0,0.0,0.0,0.0,0.0,0.0,0.0,0.0,0.0,0.0,0.0,0.0,0.0,0.0,0.0,0.0,0.0,0.0,0.0,0.0,0.0,0.0,0.0,0.0,0.0,0.0
141746,B.Fernandes,MUN,MID,12.0,49.2,a,,,1.0,1.0,1.0,3065.0,35.0,235.0,6.900489396411093,0.3168352365415987,0.3605872756933115,0.6774225122349102,1.3043393148450244,41.0,29.59869494290375,0.1468189233278956,0.0,10.4,1.0,35.0,5.0,0.1428571428571428,8.427406199021206,0.2936378466557912,True,35.0,34.0,MUN,1.1849827795535044,34.05555555555556,0.2853616446347871,0.315278762121639,27.39183641760028,0.1569235379778009,0.0,0.13426235253037727,3.0,146.0,1.0,0.3333333333333333,0.697992927418826,,0.7243087168925102,0.697992927418826,55.02239570708949,1.0,4.2588239777179835,4.435846711521513,4.220674837264572,3.892444682107359,4.032509666119494,4.0631804669316045,4.0333030339790605,4.470915379502816,4.184942523579302,4.141317269198644,3.981257609653452,4.2054691812808676,4.300023737296854,4.435846711521513,4.130751032684673,3.5475152965929113,4.237802808502248,4.255194474628102,4.008547073733116,3.984567502795779,4.116269083290178,4.063722759046169,4.055115394398576,3.9938655593121797,4.053818523803698,4.1850501138882015,3.598789600377739,4.085740885565208,4.1783621793464905,3.7925548012885444,4.435846711521513,4.2588239777179835,4.1128215651050954,4.2588239777179835,3.821969690186869,4.342662567601202,4.318212470140123,4.254576524934336,24.90348034166253,156.74796036185393,13.062330030154493
446008,Mbeumo,MUN,MID,8.0,31.6,a,,,2.0,2.0,2.0,2611.0,31.0,148.0,5.101493680582152,0.4129452317119877,0.1720030639601685,0.5849482956721562,1.2364228265032553,16.0,18.199923400995782,0.1378782075833014,0.0,8.3,1.0,33.0,0.0,0.0,4.791267713519724,0.0,True,33.0,31.0,MUN,1.1849827795535044,29.011111111111113,0.3564076328257787,0.1612819317413401,18.156139549870023,0.15129258218131986,0.0,0.012942473172960775,6.0,341.0,5.0,0.8333333333333334,0.7685023962120356,,0.821133975159404,0.7685023962120356,61.10108164138088,1.0,3.8477119297514104,4.033141096801527,3.8066968559729513,3.452666924171934,3.6065108038997247,3.6371814401979,3.606720707151635,4.066957782745702,3.766929002281945,3.7193588746653177,3.5506938163195056,3.787587373482691,3.8878731839196248,4.033141096801527,3.710228440249778,3.089949205106325,3.822082906448612,3.841897855520212,3.580665039556896,3.554590813385783,3.6953310756074846,3.6356237517117482,3.6282922963927198,3.5606217493633276,3.6254631860690685,3.7690017244601215,3.142001620974519,3.6646842123862777,3.7590955607414984,3.3492156452159203,4.033141096801527,3.8477119297514104,3.6888081131583585,3.8477119297514104,3.382393528527089,3.932859276745498,3.911202714318934,3.84037810887366,22.38390905079545,140.7161226692816,17.5895153336602
430871,Cunha,MUN,MID,8.0,11.1,a,,,,,,2493.0,29.0,143.0,5.16245487364621,0.2490974729241877,0.1212996389891696,0.3703971119133574,1.2906137184115525,14.0,21.335740072202167,0.1444043321299639,0.0,8.1,1.0,33.0,1.0,0.0303030303030303,7.617328519855596,0.0722021660649819,True,33.0,28.0,MUN,1.1849827795535044,27.7,0.22720007001016776,0.12154687663566874,20.587644208097434,0.15684892351259772,0.0,0.038583498813986414,2.0,90.0,1.0,0.5,0.6300431089745133,,0.7616220563429343,0.6300431089745133,52.0380993421173,1.0,3.000547718631285,3.0891120359808184,2.973537091798994,2.7325599998965924,2.8562076972242885,2.860603442341331,2.851935872241482,3.084729080553101,2.9380816923348103,2.902176246002699,2.8145482558072357,2.9420144178969507,2.9986482987183045,3.0891120359808184,2.9114535505381927,2.5494062353615567,2.9628995657412536,2.9836072461388077,2.838617704263121,2.819435680997924,2.90625497713677,2.844896858217626,2.853253167080436,2.7962116186423547,2.8415502961198453,2.9528678647971076,2.562605559714135,2.9009864999034023,2.9277195304033543,2.6914707862733156,3.0891120359808184,3.000547718631285,2.8826444212644544,3.000547718631285,2.7239719504881634,3.0224040243507844,3.039896216801754,2.9767403756772572,17.51256798587331,110.2129154885637,13.776614436070462
176297,Rashford,MUN,MID,7.0,1.5,a,,,,,,0.0,0.0,0.0,0.0,0.0,0.0,0.0,0.0,0.0,0.0,0.0,0.0,7.0,1.0,,,,,,False,,,MUN,1.1849827795535044,0.0,0.19994871520776192,0.15518296368059056,19.410948034209966,0.16566761852365772,0.0,0.09521731587464798,1.0,29.0,0.0,0.0,0.2569050036813914,,0.2569050036813914,0.2569050036813914,20.03859028714853,1.0,1.1323077311734067,1.1639773756821248,1.1217571011963605,1.0269465003456864,1.0771912748679686,1.077530851921116,1.0751382475715865,1.1599421001034607,1.1071001613257732,1.0926760787650036,1.060491468064847,1.1077932592521922,1.1290948292675986,1.1639773756821248,1.0976326783882606,0.9602612439910786,1.115791524202065,1.124547718789085,1.0702708293759564,1.062602863582829,1.0960040850315191,1.0701160303702855,1.0745293317916396,1.051160751816379,1.069100375045085,1.114045666883409,0.9635795726520754,1.0952461723203784,1.1025990309917395,1.0132535183194127,1.1639773756821248,1.1323077311734067,1.0850979555775684,1.1323077311734067,1.0268772821764485,1.1378623924905424,1.1474629192047412,1.121354127705593,6.599710835186663,41.52391326395428,5.931987609136326
184341,Mount,MUN,MID,5.5,0.1,d,Foot injury - 50% chance of playing,50.0,,,3.0,1010.0,12.0,58.0,5.1683168316831685,0.139009900990099,0.1443564356435643,0.2833663366336634,1.1102970297029704,3.0,17.91089108910891,0.1782178217821782,0.0,5.9,1.0,23.0,2.0,0.0869565217391304,9.08910891089109,0.3564356435643565,True,23.0,10.0,MUN,1.1849827795535044,11.222222222222221,0.1441582803136815,0.13521971943953975,17.946879098622578,0.187257567194206,0.0,0.08637091219811965,4.0,216.0,3.0,0.75,0.4830287631030129,,0.8251340262609077,0.4830287631030129,45.20255931150869,0.5,1.2265514290341994,1.2524818093705277,1.2170333640683262,1.130885620842221,1.1779702785083996,1.1770332521319304,1.175771184963676,1.246744346820537,1.203081788140374,1.1897091537842326,1.162519225775975,1.2029460504036409,1.221422514165125,1.2524818093705277,1.1953837216891883,1.0751104713194937,1.2100173983120253,1.2185192272387364,1.1716823371938305,1.1646066078612525,1.1942774062704191,1.1691889930889154,1.1742077523185215,1.1521444979575792,1.168535905673745,1.2104035553361248,1.0764454325526245,1.1947671385645249,1.1986117583761602,1.120660215088958,1.2524818093705277,1.2265514290341994,1.1829189082832943,1.2265514290341994,1.1337887520286203,1.2288701524898902,1.2400295752917314,1.2151766352222815,7.181955753955605,45.237562936976545,8.225011443086645
493250,Amad,MUN,MID,6.0,1.6,a,,,,4.0,,2339.0,27.0,91.0,3.5014963659683627,0.2100897819581017,0.1823856348867037,0.3924754168448054,1.2193672509619498,7.0,17.81530568619068,0.0769559640872167,0.0,6.2,1.0,32.0,0.0,0.0,7.61864044463446,0.0,True,32.0,23.0,MUN,1.1849827795535044,25.988888888888887,0.19627127327318367,0.1682674451227211,17.858156535017017,0.10590244891990071,0.0,0.013283064572249221,4.0,232.0,4.0,1.0,0.6951771926599877,,0.9320192979231455,0.6951771926599877,59.43434734326851,1.0,3.288377423248604,3.3899775612238785,3.2581699666989348,2.9892681087243735,3.1258500952569155,3.13196896114416,3.1214083676670916,3.3871046552847277,3.219223585194455,3.1794170351094313,3.0796331247057815,3.2243579791342514,3.2884109888126134,3.3899775612238785,3.188628483820197,2.7801962997000054,3.247854428643203,3.270430004704423,3.1062215715783874,3.084922324284452,3.182463566323757,3.1155209101771346,3.123862643561871,3.061019690801438,3.1115236724409883,3.2347381677069476,2.796562401548447,3.175436299333733,3.2080310913889676,2.941257631252783,3.3899775612238785,3.288377423248604,3.157528811709561,3.288377423248604,2.976794659504268,3.315425130088634,3.3325705188612584,3.2631969232277473,19.183612116296867,120.7140630518084,20.119010508634734
516895,Mainoo,MUN,MID,5.5,1.1,a,,,,,,1653.0,16.0,73.0,3.97459165154265,0.0261343012704174,0.0691470054446461,0.0952813067150635,1.2457350272232304,2.0,18.51179673321234,0.1088929219600726,0.0,4.7,1.0,28.0,6.0,0.2142857142857142,10.181488203266788,0.6533575317604355,True,28.0,16.0,MUN,1.1849827795535044,18.366666666666667,0.06413561944486683,0.08530556874437584,18.355710425881608,0.1365173161592821,0.0,0.19131636628663137,1.0,29.0,0.0,0.0,0.329901319937089,,0.6456907936212994,0.329901319937089,32.67967137614557,1.0,1.7627236672330882,1.769592876119509,1.752698492993249,1.6571904168528198,1.7203914878755635,1.7097759524064258,1.7153881499523058,1.7473098301024963,1.7323576745036218,1.7154831779276944,1.701131034326763,1.726321534320533,1.7400489967064212,1.769592876119509,1.7307764987712366,1.6323913869697755,1.732653376027294,1.7462745333216052,1.7134217342144262,1.7047438577159286,1.7324214507751337,1.6925686680071554,1.705888209320279,1.6750472136713914,1.693918744217347,1.7482471528024497,1.6209532871423875,1.7420245597884367,1.7244790063705648,1.6628952753065398,1.769592876119509,1.7627236672330882,1.7086891200557657,1.7627236672330882,1.683213468901308,1.7443167832206703,1.7754188271914355,1.7391796349352953,10.372372893480657,65.42456916675212,11.89537621213675
232112,Ugarte,MUN,MID,5.0,0.0,i,Knee injury - Unknown return date,0.0,,,,876.0,8.0,38.0,3.904109589041096,0.073972602739726,0.0164383561643835,0.0904109589041095,1.871917808219178,0.0,18.8013698630137,0.1027397260273972,0.0,4.7,1.0,22.0,4.0,0.1818181818181818,14.589041095890412,0.8219178082191781,True,22.0,8.0,MUN,1.1849827795535044,9.733333333333333,0.10889337402422872,0.06424192646015277,18.438659674572094,0.14658871631953407,0.0,0.16088415906233822,,,,,0.2874977679964556,,0.6559188206280345,0.2874977679964556,30.530089061618273,0.0,0.0,0.0,0.0,0.0,0.0,0.0,0.0,0.0,0.0,0.0,0.0,0.0,0.0,0.0,0.0,0.0,0.0,0.0,0.0,0.0,0.0,0.0,0.0,0.0,0.0,0.0,0.0,0.0,0.0,0.0,0.0,0.0,0.0,0.0,0.0,0.0,0.0,0.0,0.0,0.0,0.0
547037,J.Fletcher,MUN,MID,5.0,0.0,a,,,,,,107.0,0.0,3.0,2.5233644859813085,0.025233644859813,0.016822429906542,0.0420560747663551,1.564485981308411,0.0,8.411214953271028,0.0,0.0,4.3,1.0,3.0,0.0,0.0,9.25233644859813,0.0,True,3.0,0.0,MUN,1.1849827795535044,1.1888888888888889,0.1350590386247509,0.10874258117340249,16.757074777046018,0.1740696387496692,0.0,0.056084050416163364,5.0,173.0,2.0,0.4,0.3213744323426346,,0.4003218007636872,0.3213744323426346,26.804047827988654,1.0,1.3132991897930633,1.3352019624536973,1.3019474918711362,1.1970979759603972,1.2592596193043202,1.2538921962272247,1.2554508479162447,1.321191197977258,1.2828161712549189,1.2656361460688443,1.2395139079185769,1.2800531467831753,1.2995584399307831,1.3352019624536973,1.2765160027301796,1.1455617838537788,1.2879940776521166,1.3001934108011648,1.2516072498427775,1.242627633747091,1.2764369334500936,1.2405885588495373,1.2501199608393916,1.2204507823127373,1.240709173418963,1.2951579098788892,1.1414847345992234,1.2810319718981225,1.2760856084839922,1.192174458268658,1.3352019624536973,1.3132991897930633,1.2576957737098151,1.3132991897930633,1.2106968261816888,1.3068621800566689,1.3287113188653696,1.2946292822320165,7.660698435609838,48.21925622962544,9.643851245925088
576628,Lacey,MUN,MID,5.0,0.1,a,,,,,,40.0,0.0,3.0,6.0,0.2,0.02,0.22,1.02,0.0,18.0,0.0,0.0,4.5,1.0,3.0,0.0,0.0,6.75,0.0,True,3.0,0.0,MUN,1.1849827795535044,0.4444444444444444,0.15393924334561715,0.11701330872421561,17.997501106075077,0.18941525163944264,0.0,0.056084050416163364,5.0,298.0,4.0,0.8,0.49232255522128937,,0.571269923642342,0.49232255522128937,40.13800141252373,1.0,2.039645900442153,2.080115443429907,2.021534967006615,1.855543351888128,1.9510406544720895,1.9450795663115297,1.9456902279938226,2.062151267858283,1.9925380409777327,1.9658822547035901,1.9203446639757782,1.9897225447472666,2.022391594436131,2.080115443429907,1.9807224590345218,1.7641455302683497,2.0026934992538177,2.020895611183702,1.9389255003068981,1.9249301998490076,1.9798367973323516,1.926272011767569,1.9393076026559741,1.8940269064541981,1.9259136485408213,2.0100183702350884,1.7611122296090396,1.9847118901805298,1.9826567249517917,1.843235492431781,2.080115443429907,2.039645900442153,1.953117134658443,2.039645900442153,1.8710326938533706,2.035010917569113,2.0646406967924564,2.0129843861754773,11.892959883550422,74.84739346909143,14.969478693818285
490881,Collyer,MUN,MID,5.0,0.0,a,,,,,,0.0,0.0,0.0,0.0,0.0,0.0,0.0,0.0,0.0,0.0,0.0,0.0,4.5,1.0,,,,,,False,,,MUN,1.1849827795535044,0.0,0.12874827856853127,0.11056911278528116,17.390485450822368,0.20778653317403828,0.0,0.0906479839263559,3.0,119.0,2.0,0.6666666666666666,0.44967912679584626,,0.44967912679584626,0.44967912679584626,35.07497189007601,1.0,1.7013631407476415,1.7260102364585421,1.686104883261681,1.5440540265178768,1.630798571379444,1.6213263627209742,1.6250490053298519,1.7033700002101282,1.6590659146917077,1.6353195394726916,1.6035574126722747,1.6539702346581493,1.6788437256207722,1.7260102364585421,1.6521280293585239,1.4827420738808477,1.6643822151036491,1.6818739498643893,1.6204314094953614,1.6080742912804398,1.6526806688232167,1.6013470411588742,1.6160421843582633,1.5743801673008904,1.6019870110850079,1.677572357985842,1.4742503340239985,1.6609877646232891,1.6492757106873344,1.5412990984863675,1.7260102364585421,1.7013631407476415,1.6247305096684772,1.7013631407476415,1.567717507659206,1.687822336390051,1.7217272171724887,1.6735569298913913,9.90965722108616,62.358588616451996,12.4717177232904
576620,Bendito Mantato,MUN,MID,4.5,0.2,a,,,,,,15.0,0.0,1.0,2.0,0.0,0.02,0.02,0.1,0.0,6.0,0.0,0.0,4.5,1.0,1.0,0.0,0.0,0.0,0.0,True,1.0,0.0,MUN,1.1849827795535044,0.16666666666666666,0.1482909182893456,0.12031308112980117,17.752518150499398,0.19585794727343728,0.0,0.07210806482078147,,,,,0.1822158400314361,,0.2085316295051203,0.1822158400314361,14.791782890873069,1.0,0.7499462244588991,0.7643101463008383,0.7433071528705143,0.6823482732816779,0.7176692343182892,0.7152620335763276,0.7156459319150453,0.7573504463276743,0.732547342591049,0.7227116030604867,0.7063479069039545,0.7313793705772642,0.7432229396511372,0.7643101463008383,0.7283664960635018,0.6496265314453025,0.7361085020459865,0.7428885851842606,0.713220088309712,0.7080614703439329,0.7281066239992331,0.7081613581394833,0.7131251378682204,0.6963509491933083,0.7080769771510299,0.739143791386219,0.6482184547077653,0.7301032424193102,0.7288519700076442,0.6782163299827251,0.7643101463008383,0.7499462244588991,0.7180404427650803,0.7499462244588991,0.6885558128284218,0.7477664439966889,0.7590741605165321,0.7399060962935045,4.372843064806546,27.520530812000498,6.115673513777889
519913,Fletcher,MUN,MID,4.5,0.3,a,,,,,,17.0,0.0,2.0,4.0,0.0,0.02,0.02,0.66,0.0,12.0,0.0,0.0,4.4,1.0,2.0,0.0,0.0,10.588235294117649,0.0,True,2.0,0.0,MUN,1.1849827795535044,0.18888888888888888,0.14788850060063638,0.12004086109959819,17.859024207078775,0.19532644673809554,0.0,0.06309455671818379,4.0,205.0,3.0,0.75,0.45351971365478894,,0.5061512926021574,0.45351971365478894,36.53243240191565,1.0,1.8400134904022916,1.8750197625798544,1.8235669946766841,1.6724234177817618,1.7603052117243623,1.7540705203811826,1.7552172599054932,1.8573210665129603,1.7967532856342174,1.7723092589800782,1.7321754953529935,1.7936937774773178,1.8228713316853744,1.8750197625798544,1.7865804229442444,1.5923214485255914,1.8053774394760027,1.8223048345084,1.7492738825105434,1.7364602613606985,1.7860159024834785,1.7362282939171925,1.748751233824024,1.706983372624653,1.7360767290667227,1.8133247864052557,1.58847114230222,1.7912182241555001,1.7875096034212405,1.6626522127580041,1.8750197625798544,1.8400134904022916,1.7607478224936433,1.8400134904022916,1.6884484812687282,1.8340257750527993,1.8625831441581409,1.8148157434153358,10.725399397546136,67.49597813573128,14.999106252384728
485711,Šeško,MUN,FWD,7.0,1.6,d,Shin injury - 75% chance of playing,75.0,,,,1630.0,17.0,111.0,6.128834355828221,0.5085276073619632,0.0154601226993865,0.5239877300613497,1.493558282208589,19.0,22.36196319018405,0.1104294478527607,0.0,7.2,1.0,30.0,0.0,0.0,3.533742331288344,0.0,True,30.0,14.0,MUN,1.1849827795535044,18.11111111111111,0.4771738802662262,0.028561067049902508,21.490872187187996,0.1359969095298178,0.0,0.00019988121345029228,,,,,0.4009706007301827,,0.8220232323091301,0.4009706007301827,40.538864751691094,0.75,1.893240123726013,2.0018943076009403,1.8819137544724938,1.7975538613885684,1.801797684231377,1.8373254719501146,1.8094068243406198,2.0568698565092074,1.8867978581789775,1.8814999780999015,1.7947754750396516,1.9090635599849621,1.952869510036644,2.0018943076009403,1.8527977885999374,1.6019896304536885,1.9217264332470094,1.914085044209567,1.795634909597445,1.7918774009607539,1.840786666609315,1.8620326298378458,1.8374327756520725,1.8401091208137546,1.8534997454127011,1.8643896742209047,1.6524584385942729,1.8067865970302743,1.8935442627255847,1.7226877812774326,2.0018943076009403,1.893240123726013,1.8720574045036331,1.893240123726013,1.713611313874397,1.9753435129930645,1.9149915040382925,1.9237095556400603,11.213725203369508,70.7468293185054,10.106689902643629
458249,Zirkzee,MUN,FWD,5.5,0.7,a,,,,,,607.0,5.0,42.0,6.227347611202636,0.4062602965403624,0.0504118616144975,0.4566721581548599,1.3952224052718287,6.0,21.647446457990117,0.4448105436573311,0.0,5.8,1.0,24.0,0.0,0.0,6.523887973640857,0.0,True,24.0,4.0,MUN,1.1849827795535044,6.7444444444444445,0.4062235257163763,0.05464846086455982,20.492501612578597,0.308660691330122,0.0,0.00023985745614035076,5.0,210.0,3.0,0.6,0.36697628506463814,,0.8669762850646381,0.36697628506463814,39.624150235041775,1.0,2.296121893364497,2.4231317161972545,2.2828820888680235,2.1842707451289427,2.1892315038238785,2.230761225578459,2.198126104130269,2.4873946325246203,2.288591295125294,2.282398410634005,2.1810229883896066,2.314618482857709,2.3658248493008944,2.4231317161972545,2.2488473786047276,1.9556686109298986,2.329420575443648,2.3204882781935123,2.1820276126666367,2.177635324314556,2.23480714175745,2.2596423200205646,2.230886656773917,2.2340151338624366,2.2496679214245794,2.2623975548290636,2.0146634342483893,2.195063225236884,2.2964774124901717,2.0967570642747932,2.4231317161972545,2.296121893364497,2.271360643317766,2.296121893364497,2.0861472517881072,2.392095527815434,2.3215478720181184,2.3317387192538024,13.606399172961055,85.85423881431144,15.60986160260208
596047,Obi,MUN,FWD,4.5,1.2,a,,,,,,0.0,0.0,0.0,0.0,0.0,0.0,0.0,0.0,0.0,0.0,0.0,0.0,4.2,1.0,,,,,,False,,,MUN,1.1849827795535044,0.0,0.38444429049184453,0.057349547188785474,18.480036098490043,0.19957079834822258,0.0,0.0010279605263157892,1.0,29.0,0.0,0.0,0.15927933445673584,,0.15927933445673584,0.15927933445673584,12.423788087625395,1.0,0.6322802009635956,0.6703439777514831,0.6283123427946048,0.5987593515918651,0.6002460492932803,0.6126921579774166,0.6029116862741754,0.6896030338486202,0.6300233439421216,0.6281673884916524,0.59778602618419,0.6378234734294889,0.6531695912252652,0.6703439777514831,0.6181124260825851,0.5302492126489512,0.6422595362128117,0.6395826017745997,0.5980871036393324,0.5967707717234788,0.6139046850631557,0.6213475793276358,0.6127297486528437,0.6136673269513367,0.6183583358716324,0.6221733000507254,0.5479294655329566,0.6019937672036192,0.6323867470585486,0.5725322367150493,0.6703439777514831,0.6322802009635956,0.6248594623644331,0.6322802009635956,0.5693525650546428,0.6610426928542669,0.6399001531413057,0.6429542644360621,3.7426340803722455,23.607560963557887,5.246124658568419
98747,Pope,NEW,GKP,5.0,1.3,a,,,,,,2416.0,27.0,96.0,3.576158940397351,0.0059602649006622,0.0,0.0059602649006622,1.2252069536423842,3.0,15.422185430463577,0.0745033112582781,3.3153973509933774,5.0,4.0,,,,,,True,27.0,27.0,NEW,1.0234140482398681,26.844444444444445,0.004635979578757333,0.00038118390001278587,15.105421879977603,0.07296148392631573,3.162965656769177,0.0,2.0,114.0,2.0,1.0,0.804933007442539,1.0,0.804933007442539,0.804933007442539,62.78477458051805,1.0,2.4455222879788128,3.565981491396338,2.4170936562243868,3.3702995028714464,2.7091421173360732,3.522352084506298,2.5697467215253185,3.3850711190472964,2.6111245425464005,3.4204506974456894,2.3900661571858786,3.3854421915431865,2.446414119117179,2.7371244631813805,3.522352084506298,3.2524718594605093,2.3424068406931835,2.608124044725561,3.3262156598366266,3.224099692655903,2.6550809301568905,3.2404433544865907,2.4731208687710997,3.4756474712963525,2.3733252442107733,3.202699787718346,2.588770375550079,3.481929607260247,3.3500229239533215,2.572460470785712,3.3050586426279853,2.629834523280866,2.7091421173360732,3.5630774135842596,2.7091421173360732,3.421503360910158,2.539975899954847,3.522352084506298,18.030391140313355,113.06508852750974,22.61301770550195
81441,Gillespie,NEW,GKP,4.5,0.0,a,,,,,,0.0,0.0,0.0,0.0,0.0,0.0,0.0,0.0,0.0,0.0,0.0,0.0,3.9,4.0,,,,,,False,,,NEW,1.0234140482398681,0.0,0.00017090365306558279,0.0015287329548684496,13.687822974951251,0.07062094801579323,2.770091475922773,0.0,,,,,0.009052889418893224,4.0,0.009052889418893224,0.009052889418893224,0.7061253746736714,1.0,0.025317186700691007,0.03832861425818149,0.024823135256336882,0.03596155777667829,0.028509181130032233,0.037805173367158496,0.02687203659210478,0.03612621462925597,0.02737607522833149,0.03659056539942795,0.024730149459892527,0.03615741820111811,0.025339699958020247,0.02890015401034482,0.037805173367158496,0.03445056689511771,0.02399460444350045,0.027322149990136414,0.03537011066762601,0.034098661266474005,0.027897152259436755,0.034408759073156714,0.025675897668722365,0.03723648309659564,0.02438499183081994,0.033856916607601865,0.027090943822026575,0.0373218754857398,0.035751816661883686,0.02684868981728908,0.03514516699832251,0.027639727450079244,0.028509181130032233,0.038342113294956764,0.028509181130032233,0.03658564480185396,0.02650718459257807,0.037805173367158496,0.19074484848907838,1.1953953276858735,0.26564340615241633
554578,Jaouen,NEW,GKP,4.5,0.0,a,,,,,,,,,,,,,,,,,,,,,,,,,False,,,,1.0099370333055604,0.0,0.00017090365306558279,0.0015287329548684496,13.687822974951251,0.07062094801579323,2.770091475922773,0.0,3.0,156.0,2.0,0.6666666666666666,0.0184284378404336,3.0,0.0184284378404336,0.0184284378404336,1.437418151553821,1.0,0.05153822288248314,0.07802455299185763,0.050532950182238925,0.07320589394200785,0.05803629446060563,0.07695897777542345,0.0547033837818835,0.07354115046165818,0.05572945290660932,0.07448631498358237,0.05034275333618476,0.07360457201281322,0.05158401253739743,0.05883197727553183,0.07695897777542345,0.0701301060415428,0.04884577422393856,0.05561974394258743,0.07200205195472506,0.06941369250523345,0.05679024692055834,0.07004459774502879,0.052268410609453836,0.07580130886645015,0.049640558882220374,0.06892145066142606,0.05514906253228808,0.07597510719936648,0.0727787724244949,0.054656069536400904,0.0715439899368363,0.05626602766883315,0.05803629446060563,0.07805184718491137,0.05803629446060563,0.07447636507347424,0.053960654619277085,0.07695897777542345,0.38829689223461666,2.4334468925313835,0.5407659761180852
465642,Thiaw,NEW,DEF,5.0,1.9,a,,,,,,2963.0,33.0,126.0,3.827202159973,0.1457981775227809,0.0291596355045561,0.1749578130273371,1.4947350658116774,12.0,13.24333445831927,0.1214984812689841,0.0,4.9,4.0,35.0,16.0,0.4571428571428571,9.71987850151873,0.9719878501518732,True,35.0,32.0,NEW,1.0234140482398681,32.922222222222224,0.12809580846431068,0.0340723874175097,13.439366520153467,0.13480392588996665,0.0,0.42732244700906613,3.0,208.0,3.0,1.0,0.8007872121803424,,0.8797345806013951,0.8007872121803424,64.19824465532987,1.0,2.959434721990628,4.211442766264478,3.0736062012540315,3.786148686070665,3.580777945753438,4.121612427427746,3.2249457680827254,3.8452118101504507,3.310967819949001,3.8749897277683036,2.641061180931855,3.8052464080411634,2.945310050401249,3.5427374753364504,4.121612427427746,3.5640949654503618,2.648905666306116,3.332259045829266,3.7542575061647225,3.4755436504666255,3.4159033156706293,3.373102006041208,3.010312419334203,4.0319382958130925,2.7696365224617194,3.3699707767274405,3.2856150077039508,4.03048222294258,3.678890022832722,3.3181994569101865,3.646246095610609,3.2906110855152346,3.580777945753438,4.128588807028586,3.580777945753438,3.904758737989952,3.160373428129168,4.121612427427746,21.733022748760987,133.51796277071296,26.703592554142592
119471,Schär,NEW,DEF,5.0,0.2,a,,100.0,,,2.0,1089.0,11.0,51.0,4.214876033057851,0.0801652892561983,0.0495867768595041,0.1297520661157024,1.1446280991735538,0.0,15.371900826446282,0.0826446280991735,0.0,5.2,4.0,16.0,8.0,0.5,10.991735537190085,1.322314049586777,True,16.0,11.0,NEW,1.0234140482398681,12.1,0.07024702187620581,0.051458597489601146,14.923818072816596,0.12519782147747224,0.0,0.4327372876078051,3.0,126.0,2.0,0.6666666666666666,0.5023034901573363,,0.6338824375257573,0.5023034901573363,42.07440907437749,1.0,1.9094417059278102,2.7312909538933416,1.9404572271926859,2.478547948605971,2.2762384313499626,2.677849207281605,2.075010745583502,2.5091077164225317,2.1273290860170313,2.5360829878066578,1.7507556968973215,2.492846526956226,1.904159076360315,2.270634189864617,2.677849207281605,2.3331555587985533,1.7242152501829113,2.1349002675593,2.446007523468784,2.2824896930294747,2.1878098482138837,2.249444656718588,1.943848978047446,2.622839749191973,1.792497479462709,2.228155221668113,2.1078434744531145,2.6246933675716813,2.4257489757825277,2.114479587134092,2.3921185807067857,2.126326347230427,2.2762384313499626,2.695940021802348,2.2762384313499626,2.548765958081345,2.0357978626979563,2.677849207281605,14.013825474251378,86.60500517922473,17.321001035844947
220237,Botman,NEW,DEF,5.0,0.4,a,,,,,,1834.0,21.0,89.0,4.367502726281352,0.084896401308615,0.0422028353326063,0.1270992366412213,1.3534351145038168,6.0,16.292257360959653,0.0981461286804798,0.0,4.9,4.0,25.0,14.0,0.56,12.02290076335878,1.3740458015267176,True,25.0,20.0,NEW,1.0234140482398681,20.377777777777776,0.07653753428898052,0.045610259537466113,15.71542164985326,0.12391654622268883,0.0,0.500652268624894,4.0,315.0,4.0,1.0,0.6999041064283495,,0.8314830537967706,0.6999041064283495,57.48725714351652,1.0,2.72557906315801,3.8619862776988576,2.7713933359532144,3.5104327373467212,3.234625908426997,3.787638178617745,2.9545974496522387,3.5532176535920463,3.0271091965791266,3.5901427559571495,2.5033472534593093,3.530127711117296,2.7180204516226043,3.225671868727699,3.787638178617745,3.309184331468362,2.4690739957830328,3.0379786581443593,3.4660618718218306,3.238645446955439,3.111188800394684,3.1908808056078675,2.7729566506438204,3.711221875139528,2.563889357386172,3.162587443090299,3.0003851259969947,3.713630138738826,3.4363160998808358,3.010510132179837,3.3904779693099476,3.024930008399876,3.234625908426997,3.811944074385325,3.234625908426997,3.6080986090207334,2.900259640929658,3.787638178617745,19.891655501201544,122.96863905127591,24.59372781025518
78916,Burn,NEW,DEF,5.0,2.5,a,,,,,,2195.0,25.0,93.0,3.8132118451025057,0.0442824601366742,0.014760820045558,0.0590432801822323,1.2362186788154896,5.0,11.726651480637813,0.3690205011389522,0.0,5.0,4.0,29.0,11.0,0.3793103448275862,10.701594533029612,0.9020501138952164,True,29.0,24.0,NEW,1.0234140482398681,24.38888888888889,0.04699034736674313,0.02452439206129959,12.348949191672459,0.32469394821706604,0.0,0.3577205807820489,1.0,45.0,1.0,1.0,0.6724813376447611,,0.8040602850131822,0.6724813376447611,55.34828117839663,1.0,1.989046853311831,3.1115718443973313,1.9848399629238571,2.7934587969780003,2.44391954518742,3.044189181945027,2.2044671082121083,2.8264398527070194,2.2712112299398353,2.87151310900059,1.827229388029111,2.8149780425360214,1.9860951427382858,2.45704834445814,3.044189181945027,2.5947255853353015,1.7583079149866634,2.2746847289607213,2.7362698229925657,2.533481384616213,2.344589355097738,2.5252135305651753,2.036725166316828,2.972859939359354,1.8389642672523183,2.475340638764209,2.2416709733780835,2.9784654702484183,2.7401992565232027,2.2349941859924027,2.6808903980778154,2.2830359372615154,2.44391954518742,3.083785736186126,2.44391954518742,2.8814524049844263,2.1545530061880256,3.044189181945027,15.367026184743468,94.97243555971659,18.994487111943318
487838,Hall,NEW,DEF,5.0,3.7,a,,,,1.0,1.0,2176.0,24.0,79.0,3.2674632352941178,0.0417738970588235,0.1149816176470588,0.1567555147058823,1.560110294117647,4.0,14.352022058823527,0.1654411764705882,0.0,5.3,4.0,30.0,6.0,0.2,7.486213235294118,0.4963235294117647,True,30.0,23.0,NEW,1.0234140482398681,24.177777777777777,0.04512322602695314,0.09989247336280678,14.325686082087437,0.17143745133036853,0.0,0.20889500909365868,4.0,306.0,4.0,1.0,0.7271847298052316,,0.9113952561210211,0.7271847298052316,60.77304050375544,1.0,2.2846846380624948,3.474478681483907,2.328186939447402,3.109362165710788,2.814218177592977,3.3972704657107755,2.5240035343395206,3.1533385216565764,2.59959179566365,3.1926508195963503,2.056662514269247,3.130126446753179,2.277166300297659,2.8067384546135647,3.3972704657107755,2.898852967367559,2.0172919615996223,2.610343482033726,3.061854442923363,2.8257446262495645,2.686860973016632,2.7790349661086324,2.3345025775165853,3.3177371727276705,2.1157300019413934,2.747574756842523,2.571297736723241,3.320516477156586,3.0334982577231484,2.5804283221566164,2.98439364019041,2.5985398261521393,2.814218177592977,3.4239283481307137,2.814218177592977,3.2107860561102397,2.467354601314486,3.3972704657107755,17.408201068008346,107.15772793579045,21.43154558715809
441191,Livramento,NEW,DEF,5.0,0.1,d,Calf injury - 75% chance of playing,75.0,,,,1326.0,14.0,59.0,4.004524886877828,0.0088235294117647,0.0604072398190045,0.0692307692307692,1.2638009049773755,3.0,17.104072398190045,0.0678733031674208,0.0,4.9,4.0,17.0,1.0,0.0588235294117647,6.515837104072398,0.1357466063348416,True,17.0,14.0,NEW,1.0234140482398681,14.733333333333333,0.02515975687881542,0.058254449100043244,16.098331815114967,0.11069543453213455,0.0,0.10957479684224836,,,,,0.44060532032723654,,0.5195526887482892,0.44060532032723654,36.104057090787606,0.75,0.896653953627168,1.4493728632734255,0.8915792643803473,1.294467780911817,1.1176060197381736,1.416551639811741,1.0020054273046717,1.3101413929143713,1.0345595157906682,1.3328722576013148,0.8205486790350087,1.3051941813912697,0.8954761684347834,1.1254155282672802,1.416551639811741,1.1965940922380836,0.7845227542331898,1.0358254864939898,1.265478535125705,1.1669522246161592,1.0700888479041661,1.165270152357446,0.9201670553588404,1.3816700926304177,0.8234057655702305,1.139364702679976,1.0198271856895467,1.3846302006046356,1.269462930970388,1.0155226087487945,1.2393891844668192,1.0412344767177344,1.1176060197381736,1.4370191261083012,1.1176060197381736,1.3372879637490214,0.9776685567143424,1.416551639811741,7.066231521742672,43.63214193455968,8.726428386911936
545477,A.Murphy,NEW,DEF,4.0,0.3,u,Has joined FC Kaiserslautern on loan for the rest of the season,0.0,,,,7.0,0.0,2.0,4.0,0.0,0.0,0.0,0.98,0.0,6.0,0.0,0.0,3.8,4.0,2.0,0.0,0.0,51.42857142857143,0.0,True,2.0,0.0,NEW,1.0234140482398681,0.07777777777777778,0.05471370367820681,0.0537669915525289,14.16669448930567,0.187734331571867,0.0,0.19002754092146404,2.0,159.0,2.0,1.0,0.5274197486510868,,0.5800513275984551,0.5274197486510868,42.29663513162687,0.0,0.0,0.0,0.0,0.0,0.0,0.0,0.0,0.0,0.0,0.0,0.0,0.0,0.0,0.0,0.0,0.0,0.0,0.0,0.0,0.0,0.0,0.0,0.0,0.0,0.0,0.0,0.0,0.0,0.0,0.0,0.0,0.0,0.0,0.0,0.0,0.0,0.0,0.0,0.0,0.0,0.0
201666,Barnes,NEW,MID,6.0,1.1,a,,,,,,1951.0,19.0,106.0,4.889800102511533,0.3155304971809328,0.1254741158380317,0.4410046130189646,1.397744746283957,9.0,16.09943618657099,0.0461301896463352,0.0,6.1,4.0,37.0,0.0,0.0,4.613018964633522,0.0,True,37.0,18.0,NEW,1.0234140482398681,21.677777777777777,0.2712818513450651,0.12464624284178348,16.611044867322,0.0875910113238399,0.0,0.011738522180127216,5.0,348.0,5.0,1.0,0.6610459967844751,,0.98,0.6610459967844751,58.578575819930606,1.0,3.3164536839951557,3.2836571976352884,3.6753854799018404,3.077552500484314,3.6399531495220234,3.2406262986451604,3.3821487195372497,3.1436815716809465,3.4142500850171995,3.0815063158393645,2.909484652015418,3.0624657635153083,3.2839390078462585,3.481255127084041,3.2406262986451604,3.0806255085775804,3.1698526928978135,3.4665035217002496,3.174251291047385,3.0214460499701765,3.4808973475177583,2.7420263577584008,3.3070146490864962,3.2113711668598346,3.25759710420782,2.9007953645501057,3.438291288259325,3.188210581531622,2.935187867501665,3.5590403297176936,3.036815116165677,3.3129028478917895,3.6399531495220234,3.1288162451015022,3.6399531495220234,3.137291479738188,3.3575358277850937,3.2406262986451604,20.233628310183782,123.65999108692009,20.60999851448668
449434,Elanga,NEW,MID,6.0,0.7,a,,,,4.0,,1302.0,14.0,48.0,3.3179723502304146,0.1140552995391705,0.1202764976958525,0.234331797235023,1.459216589861751,0.0,12.373271889400922,0.0,0.0,6.5,4.0,32.0,0.0,0.0,3.80184331797235,0.0,True,32.0,11.0,NEW,1.0234140482398681,14.466666666666667,0.1273461053128927,0.12103368676083275,14.37591535144266,0.0711946544243207,0.0,0.013283064572249221,4.0,248.0,3.0,0.75,0.5036838448313768,,0.98,0.5036838448313768,49.7662953105571,1.0,2.381545242883868,2.4185432752544176,2.5551609976692164,2.3025765820305613,2.5563434361747865,2.394217650978687,2.421622729042398,2.336083585218981,2.439908538246888,2.308549311469059,2.1788815954949787,2.2964388201775687,2.3657050107604745,2.480433948966959,2.394217650978687,2.2940153561751644,2.3028940320368982,2.4652770423183767,2.3461494104399163,2.2625336130579288,2.4752278794580747,2.127612307576515,2.3787270712441955,2.3763329136600055,2.347937327901969,2.2016321139776416,2.4502716407246368,2.365502958775018,2.2313684165933325,2.508301689484819,2.277228654050044,2.391504406126548,2.5563434361747865,2.3426563057454692,2.5563434361747865,2.335887243420934,2.4077091411946894,2.394217650978687,14.608387184991537,90.22590242263796,15.037650403772993
232653,J.Ramsey,NEW,MID,5.0,0.4,a,,,,,,1441.0,15.0,62.0,3.8723108952116574,0.0749479528105482,0.0905621096460791,0.1655100624566273,1.7013185287994446,3.0,18.924358084663425,0.1873698820263705,0.0,5.3,4.0,28.0,2.0,0.0714285714285714,9.306037473976405,0.249826509368494,True,28.0,13.0,NEW,1.0234140482398681,16.011111111111113,0.10041361635477508,0.10117080732549923,18.615502471363744,0.1915574230661621,0.0,0.07366930746310205,5.0,374.0,5.0,1.0,0.5921440998997322,,0.98,0.5921440998997322,54.720069594384995,1.0,2.653891244296333,2.7299107871733215,2.8055972865252077,2.6151284697457395,2.8217730033481043,2.7057526769847824,2.6957716800593436,2.6456635323126916,2.7140296663022108,2.6237032934620963,2.4719992180446946,2.6107237808129558,2.6399567297523987,2.756147995439475,2.7057526769847824,2.5993432043154803,2.5787682834765278,2.7362739907909663,2.6505573274348784,2.569473380804485,2.7474391006200953,2.451772369617248,2.6528730363629975,2.687038764204016,2.620277189779615,2.5141559573326084,2.72203890752745,2.677883674335714,2.5509673691343933,2.772434656224684,2.5883152212842653,2.672244462733441,2.8217730033481043,2.6627820794505475,2.8217730033481043,2.6478843338377667,2.68195406612569,2.7057526769847824,16.33205346807349,101.329578100318,20.265915620063602
114243,J.Murphy,NEW,MID,6.0,0.2,a,,,,2.0,,1606.0,19.0,82.0,4.595267745952677,0.1720423412204234,0.14906600249066,0.3211083437110834,1.3645703611457036,5.0,17.59651307596513,0.112079701120797,0.0,5.9,4.0,33.0,0.0,0.0,5.043586550435865,0.0,True,33.0,17.0,NEW,1.0234140482398681,17.844444444444445,0.16564652835024463,0.14081260302252957,17.720593654607505,0.13927583458554446,0.0,0.012942473172960775,5.0,331.0,5.0,1.0,0.652111936084583,,0.98,0.652111936084583,58.07826842073664,1.0,2.966712432163878,2.9960764864950433,3.221356044323391,2.8336531162566096,3.214459927021773,2.962052052095636,3.021584233011816,2.8820819515685394,3.0471048212937966,2.8405007223037515,2.6722019722496957,2.824104513751619,2.9435325936206684,3.102721086058199,2.962052052095636,2.8258293803251577,2.855000169688858,3.084268986693152,2.8990693695775818,2.781000481581052,3.0974561722675125,2.5829999347994357,2.961755812574471,2.9375793149496046,2.919840192313165,2.6928735003636457,3.0629006718410867,2.9215192980607982,2.730316749754586,3.1481911214219034,2.7991334181832155,2.975819141042446,3.214459927021773,2.8852389147101944,3.214459927021773,2.8804304557545546,3.0021231011473257,2.962052052095636,18.19431005835633,111.92451209749899,18.654085349583166
180974,Joelinton,NEW,MID,5.5,0.1,i,Unspecified injury - Unknown return date,0.0,,,,1950.0,23.0,73.0,3.3692307692307693,0.1089230769230769,0.0623076923076923,0.1712307692307692,1.3269230769230769,2.0,14.03076923076923,0.4615384615384615,0.0,5.9,4.0,27.0,8.0,0.2962962962962963,10.984615384615385,0.7384615384615384,True,27.0,20.0,NEW,1.0234140482398681,21.666666666666668,0.12037221907965129,0.07851315154696772,15.100412299856576,0.3909946034629125,0.0,0.2577198925377415,2.0,68.0,1.0,0.5,0.4769087180036165,,0.6611192443194059,0.4769087180036165,41.25151158322946,0.0,0.0,0.0,0.0,0.0,0.0,0.0,0.0,0.0,0.0,0.0,0.0,0.0,0.0,0.0,0.0,0.0,0.0,0.0,0.0,0.0,0.0,0.0,0.0,0.0,0.0,0.0,0.0,0.0,0.0,0.0,0.0,0.0,0.0,0.0,0.0,0.0,0.0,0.0,0.0,0.0,0.0
547719,L.Miley,NEW,MID,5.5,0.0,a,,100.0,,3.0,,1493.0,15.0,72.0,4.340254521098459,0.0819825853985264,0.1265907568653717,0.2085733422638982,1.279169457468185,5.0,20.13395847287341,0.0,0.0,4.4,4.0,23.0,5.0,0.217391304347826,9.343603482920296,0.6028131279303416,True,23.0,15.0,NEW,1.0234140482398681,16.58888888888889,0.10456114999668728,0.12522824881626923,19.438816466614124,0.065049973450509,0.0,0.18981918806018855,3.0,135.0,3.0,1.0,0.5949331556819957,,0.8054594714714693,0.5949331556819957,51.03636509056409,1.0,2.754772793022598,2.8276157565788744,2.9128882979375,2.709950640966994,2.9275333193075603,2.8028613531376276,2.797419502326326,2.7415920591174,2.8161155287856947,2.718397060999094,2.565898377295545,2.705219706080502,2.74026319312316,2.8590326274283746,2.8028613531376276,2.6947127191092646,2.6774113408281845,2.8392883650629948,2.747263120770393,2.663926134963965,2.8505640284757567,2.5412240265360913,2.7535003808825236,2.783808045593134,2.7203596091016795,2.6065788682716478,2.824616109067892,2.774221101438521,2.6433623240324744,2.877186528552368,2.6826865354233638,2.7724902894284735,2.9275333193075603,2.7577705798234575,2.9275333193075603,2.7435568806770823,2.7832608083737953,2.8028613531376276,16.935622160951155,105.0781373574107,19.10511588316558
200089,Willock,NEW,MID,5.0,0.1,a,,,,,,972.0,10.0,38.0,3.518518518518518,0.1166666666666666,0.099074074074074,0.2157407407407407,1.6509259259259257,0.0,15.37037037037037,0.2777777777777777,0.0,5.0,4.0,24.0,0.0,0.0,8.24074074074074,0.0,True,24.0,8.0,NEW,1.0234140482398681,10.8,0.13143843081718024,0.10900124978156252,16.48823926750417,0.24465460475530515,0.0,0.016825215124849004,5.0,327.0,4.0,0.8,0.4792802604731082,,0.9003328920520555,0.4792802604731082,46.64701821163928,1.0,2.1998761084850726,2.238324466493764,2.359855293166988,2.1301252221788083,2.3624546938435653,2.215620103558112,2.2374897862613836,2.1611257197021843,2.2545666588004667,2.1359634314235203,2.012651601226232,2.1245651194950086,2.185270740800866,2.292577773385442,2.215620103558112,2.121408410673256,2.1267646593426903,2.2779503066614453,2.1700118907658994,2.09216397798791,2.287365843332499,1.967859317169442,2.1974232998886896,2.198832397478504,2.1684844154746257,2.0358364233677944,2.264011493698908,2.1888838028177364,2.0643167186165954,2.3174525787791804,2.10630318085652,2.2100153076369913,2.3624546938435653,2.1683164015201286,2.3624546938435653,2.1611833387516977,2.2245035312963353,2.215620103558112,13.506255887726308,83.4157036097416,16.68314072194832
611665,Touré,NEW,MID,6.0,0.3,a,,,,,,,,,,,,,,,,,,,,,,,,,False,,,,1.0099370333055604,0.0,0.1643484968881466,0.13287603823293587,18.400716742516167,0.186727075848848,0.0,0.09293264990050194,3.0,180.0,3.0,1.0,0.619589889171739,,0.619589889171739,0.619589889171739,48.32801135539564,1.0,2.4477489631695395,2.4965163777965946,2.656071393672355,2.356021025076359,2.6590059246297733,2.467037426215014,2.496524867221049,2.39635202382725,2.5186943022678054,2.36352364199223,2.2040909690136568,2.3487522370080622,2.4287328522048313,2.5679923079499036,2.467037426215014,2.3449171181580497,2.35273462762402,2.54914183115592,2.408039505106523,2.3069056882822174,2.5613291341816797,2.145032312654404,2.44451199658369,2.445268522788115,2.406997508574304,2.23361931654947,2.5310243331543,2.432304450677733,2.270383879820944,2.600623744069248,2.32513905077617,2.4606650358034576,2.6590059246297733,2.405377295032865,2.6590059246297733,2.3963559006641444,2.479663733992945,2.467037426215014,15.082401110559637,92.75918599938421,15.459864333230703
636852,Steur,NEW,MID,5.0,0.1,a,,,,,,,,,,,,,,,,,,,,,,,,,False,,,,1.0099370333055604,0.0,0.12874827856853127,0.11056911278528116,17.390485450822368,0.20778653317403828,0.0,0.0906479839263559,5.0,360.0,5.0,1.0,0.6544539119228002,,0.6544539119228002,0.6544539119228002,51.047405129978415,1.0,2.368912161204828,2.4490084261181932,2.5429018610398937,2.3195486071937346,2.5589964419709927,2.4217727508583553,2.415831038973745,2.3543649818895642,2.43640095208748,2.328838418243768,2.161082054113663,2.314341391317355,2.3529459804689474,2.4836175755534593,2.4217727508583553,2.3027922328483377,2.283792677732395,2.461900147118353,2.360610741860015,2.2689180272939247,2.4743044603379865,2.1338968288245974,2.367510025045822,2.400810791725142,2.3310498433464604,2.2058161922660307,2.4457563913720297,2.390260932690325,2.246277733271043,2.503605107103393,2.2895536789771884,2.3883952053695316,2.5589964419709927,2.372152180647004,2.5589964419709927,2.3565237865742534,2.400253140020133,2.4217727508583553,14.661140248385998,90.45428115111665,18.09085623022333
470313,Woltemade,NEW,FWD,6.0,1.7,a,,,1.0,,,1896.0,24.0,108.0,5.1265822784810124,0.3128164556962025,0.072626582278481,0.3854430379746835,1.2185126582278485,12.0,18.93987341772152,0.0,0.0,6.7,4.0,33.0,0.0,0.0,4.984177215189874,0.0,True,33.0,21.0,NEW,1.0234140482398681,21.066666666666666,0.3385162915235594,0.06866150900889559,19.09921622320023,0.05336113814796327,0.0,0.00018450573549257755,3.0,198.0,3.0,1.0,0.6402352358542271,,0.9560247095384377,0.6402352358542271,56.88571681768235,1.0,3.139929705440419,2.9397050871573334,3.462526101034744,2.8070299782451937,3.3715018433679043,2.912372838196742,3.172162233527629,2.861553995606347,3.192104227540463,2.797468520128237,2.792932984845495,2.7897245292566537,3.111071049452057,3.2261140632511727,2.912372838196742,2.8422466986373967,3.0331707525982963,3.238766083621853,2.904277645925086,2.7982850633834047,3.2420495841466255,2.5463946392168784,3.1258016160264925,2.898140401458831,3.103630456519776,2.6980609638379023,3.217799878436154,2.876120073674326,2.68665569837057,3.3275410932227945,2.7886445849514323,3.0990215062418858,3.3715018433679043,2.80373746511952,3.3715018433679043,2.846461115438259,3.1565279512124307,2.912372838196742,18.633065553442336,114.37727979221961,19.062879965369934
216646,Wissa,NEW,FWD,6.0,1.6,a,,,3.0,,,517.0,4.0,27.0,4.700193423597679,0.5448742746615087,0.0940038684719535,0.6388781431334623,1.7355899419729208,0.0,12.18568665377176,0.5222437137330754,0.0,7.3,4.0,19.0,0.0,0.0,3.8297872340425534,0.0,True,19.0,4.0,NEW,1.0234140482398681,5.7444444444444445,0.46415409751465764,0.07317583473506133,16.453960905328856,0.33111781519407596,0.0,0.00028782894736842097,3.0,180.0,3.0,1.0,0.4931191383597732,,0.8878559804650363,0.4931191383597732,47.1475033183781,1.0,2.7137087026453415,2.4928614722547473,3.069531683415202,2.346521174062296,2.9691321652317804,2.4627140731234456,2.7492610968393603,2.4066610226345366,2.7712570640883705,2.3359749107619465,2.3309722272052413,2.3274333090806723,2.6818776805538733,2.808769823943555,2.4627140731234456,2.3853651245652356,2.595953856828889,2.8227249693281236,2.453785097216263,2.3368755558371834,2.826346661820785,2.0590410766602107,2.698125456965907,2.447015732618518,2.673670726006282,2.226328636118645,2.799599299833696,2.422727368654077,2.213748658132278,2.9206435727765108,2.3262421333360046,2.668587065901904,2.9691321652317804,2.3428895406944075,2.9691321652317804,2.3900136152761338,2.73201652432843,2.4627140731234456,16.054469270732813,97.6720695554503,16.27867825924172
538207,Osula,NEW,FWD,6.0,1.1,a,,,2.0,,,805.0,8.0,76.0,8.496894409937887,0.4785093167701864,0.0693167701863354,0.5478260869565218,1.6188819875776397,13.0,31.751552795031056,0.0,0.0,5.5,4.0,24.0,0.0,0.0,3.4658385093167703,0.0,True,24.0,8.0,NEW,1.0234140482398681,8.944444444444445,0.4443663072954961,0.06407770988017765,25.97609812451921,0.0915362212426701,0.0,0.00023985745614035076,3.0,180.0,3.0,1.0,0.5235891560439154,,0.9446417876228628,0.5235891560439154,50.10311206616225,1.0,3.438703346718602,3.2160443580397637,3.7974453825901158,3.0685035320087457,3.6962222196687327,3.1856496395277816,3.4745474011011326,3.1291367481858763,3.496723816055558,3.0578707506211615,3.05282702668835,3.0492590764394825,3.406611193355551,3.5345443182965646,3.1856496395277816,3.1076661455492403,3.3199824787450614,3.548613947119614,3.1766474132290194,3.05877878429338,3.552265350790358,2.778665042118548,3.4229922611995303,3.1698225149829944,3.3983369116429483,2.9473249738808276,3.5252985622128463,3.1453348972418924,2.9346417938785585,3.6473358426946767,3.048058128679452,3.3932115468574087,3.6962222196687327,3.064842105911093,3.6962222196687327,3.112352770954236,3.457161359769793,3.1856496395277816,20.402568478553743,125.17716535944193,20.86286089324032
599303,Neave,NEW,FWD,4.5,0.7,a,,,,,,13.0,0.0,1.0,2.0,0.06,0.0,0.06,0.74,0.0,4.0,0.0,0.0,4.3,4.0,1.0,0.0,0.0,0.0,0.0,True,1.0,0.0,NEW,1.0234140482398681,0.14444444444444443,0.4000526857102748,0.05718759558972838,19.243587503263022,0.19044029658263562,0.0,0.0010279605263157892,4.0,144.0,2.0,0.5,0.34779118830565364,,0.3741069777793379,0.34779118830565364,27.706660056262038,1.0,1.5089534972874037,1.3981972602220087,1.6874008988770073,1.3248067054472998,1.6370499263177967,1.3830781551320963,1.52678324046612,1.354967207409509,1.5378143526009893,1.3195176898858108,1.3170088134783973,1.3152340243897291,1.4929900449834683,1.5566272311512428,1.3830781551320963,1.34428718425091,1.4498987217496728,1.5636258219316737,1.3786002190919744,1.3199693689007037,1.5654421228723092,1.1806336779516184,1.5011384042492557,1.3752053413348753,1.4888742070721197,1.2645294123952904,1.552028157209817,1.3630245782235677,1.2582204764775915,1.6127326005743632,1.3146366424668061,1.486324720430677,1.6370499263177967,1.3229854190969248,1.6370499263177967,1.3466184307793903,1.5181349818588736,1.3830781551320963,8.939486443283613,54.607595699467076,12.13502126654824
632794,Bamba,NEW,MID,5.0,0.1,a,,,,,,,,,,,,,,,,,,,,,,,,,False,,,,1.0099370333055604,0.0,0.12874827856853127,0.11056911278528116,17.390485450822368,0.20778653317403828,0.0,0.0906479839263559,3.0,180.0,3.0,1.0,0.5846844629751419,,0.5846844629751419,0.5846844629751419,45.605388112061064,1.0,2.11636925011262,2.1879266826285244,2.271810408547122,2.0722682025954264,2.2861891925028353,2.1635945243619816,2.1582862412894586,2.103372903737734,2.17666325513756,2.0805676536124906,1.9306953128942606,2.0676161130245485,2.102105177976669,2.2188462501991926,2.1635945243619816,2.057298177117598,2.0403241099184366,2.1994440543371883,2.1089528212042907,2.0270352031747856,2.21052597940673,1.9064082262722304,2.11511659165614,2.1448672593927784,2.082543325046372,1.9706604732604476,2.1850213379518446,2.1354420904819342,2.006808525770603,2.236702968506731,2.045470947392622,2.1337752629838587,2.2861891925028353,2.1192638604023064,2.2861891925028353,2.1053015644650066,2.1443690573318994,2.1635945243619816,13.098158260748509,80.81121043842387,16.162242087684774
470551,Horníček,NEW,GKP,5.0,0.6,a,,,,,,,,,,,,,,,,,,,,,,,,,False,,,,1.0099370333055604,0.0,0.00017090365306558279,0.0019260682974362002,14.508710289914358,0.07389884164325727,2.637311829237913,0.0,3.0,270.0,3.0,1.0,0.07502418883350091,2.0,0.07502418883350091,0.07502418883350091,5.851886729013072,1.0,0.20952812971808402,0.3183051006330281,0.20526925983757524,0.29808970636130505,0.2368497500144196,0.31384801708624604,0.2228877878638115,0.2995048541144392,0.22719324554144651,0.30347486785330385,0.20441762697888213,0.2997670712625886,0.20972070636631754,0.24015756257299978,0.31384801708624604,0.28508255091015255,0.19800415967526241,0.22673665792387132,0.2930178951017694,0.28203018040588523,0.2316365115514973,0.2847009802177751,0.21262203134468557,0.308999217469897,0.2014296071405704,0.27992320177045704,0.22476161386054339,0.3097260740188066,0.296281981611519,0.22269936078683666,0.29107409408052215,0.22943387972763746,0.2368497500144196,0.31840980988376466,0.2368497500144196,0.3034363145082285,0.21976435219631335,0.31384801708624604,1.581889963650658,9.910179694591774,1.9820359389183548
85633,Sels,NFO,GKP,5.0,1.6,a,,,,,,2667.0,30.0,105.0,3.543307086614173,0.0,0.0020247469066366,0.0020247469066366,1.5226096737907762,3.0,14.54443194600675,0.0674915635545556,3.205849268841395,4.6,17.0,,,,,,True,31.0,29.0,NFO,0.915102797726672,29.633333333333333,4.0871555648987924e-05,0.0019472668173722788,14.43773339699137,0.06755453604751285,3.0880012694502925,0.0,1.0,90.0,1.0,1.0,0.806161710693639,1.0,0.8587932896410073,0.806161710693639,64.03850817094595,1.0,2.7534219196884524,2.9940907169473996,2.819323638253647,3.1161218088832574,2.8916338309633174,3.0766377905159654,2.579472879047313,3.2234441817483726,2.9376262812091603,2.5208760905523313,3.04461058145923,2.551698700807406,3.2234441817483726,2.656490443743515,3.271530396448799,2.797334037586926,2.909587616475181,2.927400644859305,2.8407014047329477,2.8916338309633174,2.8905024103132955,2.586774922957105,3.0129131539657936,2.7736026402726295,3.1164853525203426,2.6289171626521526,3.1730119907718235,2.893773784770868,3.270459407631489,2.755427463998274,3.062538354966518,2.6270654222189846,2.92426624053542,3.07920842155702,2.725152221973328,2.933804593294488,2.8916338309633174,3.2234441817483726,17.651229705252042,110.59606253374545,22.11921250674909
221389,John,NFO,GKP,4.5,0.1,a,,,,,,437.0,5.0,11.0,2.265446224256293,0.0,0.0,0.0,1.262471395881007,0.0,6.590389016018307,0.205949656750572,1.2356979405034323,4.0,17.0,,,,,,True,5.0,5.0,NFO,0.915102797726672,4.855555555555555,0.00011964732842102168,0.001033182982229988,11.227833202774216,0.11997166256951271,2.116733188961227,0.0,,,,,0.04139738161349902,2.0,0.04139738161349902,0.04139738161349902,3.2289957658529236,1.0,0.1188401487601037,0.12973012899737799,0.12304997725094895,0.13772167079995343,0.12751188631905022,0.13517593130160221,0.10716330618600306,0.1444616963322805,0.12583686004255654,0.10275597521832724,0.1331137338550827,0.10508762481666957,0.1444616963322805,0.11248120330858347,0.14744123974237455,0.12165489157492722,0.1238556401142555,0.12508707767403898,0.1243723016690451,0.12751188631905022,0.12249307080050974,0.10759461729976415,0.1309736033219029,0.12014490618125641,0.13775296358193787,0.11060040032017704,0.14131786696520462,0.1276781916776829,0.14735527363166126,0.11898628807530727,0.13426755155435022,0.11046890905098708,0.12952418541810837,0.1353548433154385,0.117029913168386,0.12562752194290686,0.12751188631905022,0.1444616963322805,0.7720297434290365,4.8064585655714245,1.0681019034603165
215136,N.Williams,NFO,DEF,5.0,11.0,a,,,,1.0,2.0,3203.0,36.0,128.0,3.5966281610989697,0.0564783015922572,0.1115516703090852,0.1680299719013425,1.4431470496409615,15.0,14.920387137059008,0.1685919450515142,0.0,4.8,17.0,37.0,10.0,0.2702702702702703,8.064314704964096,0.561973150171714,True,37.0,34.0,NFO,0.915102797726672,35.58888888888889,0.056252067951582,0.10104221332110334,14.79663188726108,0.17244018838968833,0.0,0.26791210063655146,1.0,90.0,1.0,1.0,0.7868337933998965,,0.8657811618209491,0.7868337933998965,63.10987799045508,1.0,2.8985640699367257,2.9909757120888636,2.9271461165690043,3.2473870063866257,3.146397179922985,3.1860043597199015,2.3590405244664017,3.4639625359033284,2.90603011243692,2.306972181160579,3.0303066492995065,2.4094790029337982,3.4639625359033284,2.6432701739877755,3.480238974490223,2.924551698885389,2.820938548645874,2.964654591956734,3.0157447063011826,3.146397179922985,2.7223226486348095,2.6223847692715894,3.0916701852184483,2.8932610870017106,3.220736881175961,2.5823502375306964,3.373097376215135,3.020671010563576,3.554386080870192,2.844506998364346,3.130166383894752,2.5892094404456896,3.14396001970143,3.150641427780749,2.784474654303258,2.7338122377935745,3.146397179922985,3.4639625359033284,18.396474444624108,113.40003501551034,22.68000700310207
485047,Morato,NFO,DEF,5.0,0.1,a,,,,,,1340.0,14.0,53.0,3.559701492537313,0.0886567164179104,0.0100746268656716,0.098731343283582,1.634776119402985,1.0,12.761194029850746,0.335820895522388,0.0,4.3,17.0,21.0,9.0,0.4285714285714285,11.149253731343284,1.208955223880597,True,21.0,14.0,NFO,0.915102797726672,14.88888888888889,0.07697905950196907,0.025528447989654587,13.280187812487972,0.2847004170158967,0.0,0.38963778990265596,1.0,90.0,1.0,1.0,0.5653281710471572,,0.7495386973629466,0.5653281710471572,48.14822892062563,1.0,2.299559756789341,2.3728677137779495,2.3284659404121704,2.5575005395255586,2.4796666716347473,2.51186082248695,1.9216475709416567,2.7123171993452138,2.307812328147257,1.8743200429436984,2.4069129445317583,1.9475035894884583,2.7123171993452138,2.119076892626491,2.729614513220127,2.323340821985578,2.247673967701313,2.343226460678269,2.3884461243822948,2.4796666716347473,2.1805415767919003,2.091547646809431,2.4406424367775332,2.2994994356854717,2.5405106997040843,2.0747544860089393,2.6467126735041724,2.3995422222450395,2.776906311012295,2.265319662676589,2.473807009729488,2.078768698619852,2.4828432374129763,2.4896649837485834,2.2217943448122717,2.1969556233534053,2.4796666716347473,2.7123171993452138,14.549921444626719,89.91559269147078,17.983118538294157
227444,Milenković,NFO,DEF,5.5,2.2,a,,,,,,3375.0,37.0,119.0,3.1733333333333333,0.0221333333333333,0.0181333333333333,0.0402666666666666,1.4661333333333333,2.0,10.693333333333332,0.16,0.0,5.1,17.0,38.0,17.0,0.4473684210526316,9.066666666666666,0.9066666666666666,True,38.0,37.0,NFO,0.915102797726672,37.5,0.027955277795862335,0.024490501308593017,11.317994357442057,0.16519727937796028,0.0,0.4209140983493571,1.0,90.0,1.0,1.0,0.8365069245024647,,0.8628227139761488,0.8365069245024647,65.8264874796133,1.0,2.805230307161647,2.9429283457160818,2.892651886183939,3.1922373793272962,3.0560864509095436,3.1216424345176668,2.369530427703327,3.396500493176841,2.8330161339998075,2.2547202300269285,3.0228872099982937,2.345156897281947,3.396500493176841,2.58618079905693,3.4546886785859736,2.866594512735854,2.7596707451172833,2.840401040326081,2.9504399379723143,3.0560864509095436,2.6932020244009762,2.480021066170999,3.005833271930595,2.827104320215169,3.1825096028919666,2.525584965793265,3.3057312947304287,3.010354329677046,3.481880332983466,2.7870344988548474,3.083136814631813,2.5256098521429955,3.0899618492599252,3.1113022660222796,2.727550783426666,2.762343432872168,3.0560864509095436,3.396500493176841,18.010776803816174,111.19489850397515,20.217254273450028
575476,Murillo,NFO,DEF,5.5,1.2,a,,100.0,,,3.0,2130.0,25.0,83.0,3.5070422535211265,0.0308450704225352,0.0198591549295774,0.0507042253521126,1.393943661971831,3.0,14.070422535211266,0.2112676056338028,0.0,5.2,17.0,25.0,13.0,0.52,10.774647887323944,1.0985915492957743,True,25.0,23.0,NFO,0.915102797726672,23.666666666666668,0.03700942546458117,0.028557404511820483,14.114802418850955,0.20578345931675343,0.0,0.46839420410876487,1.0,90.0,1.0,1.0,0.6741172566169935,,0.7267488355643619,0.6741172566169935,53.7390407529676,1.0,2.4905171409767277,2.5964519416250713,2.5534091500181115,2.8011185033315433,2.69502944205982,2.7448034126913075,2.1192870187985746,2.9697011730866394,2.5102742359324397,2.0344354209500883,2.6558663520226764,2.1101675903554553,2.9697011730866394,2.3062222851700853,3.011105711584816,2.535525666662625,2.4486338347656336,2.5237438563085584,2.6050948495312025,2.69502944205982,2.3896490040467704,2.231762014519987,2.6533292957106687,2.5044484341068864,2.7907133789392744,2.256633440236336,2.895574264176498,2.6460502462543016,3.0401411388704926,2.470445076256808,2.7108343912826474,2.257643288750886,2.717421742432042,2.7327206665576753,2.421753687052682,2.43778972705743,2.69502944205982,2.9697011730866394,15.881329590702581,98.19775861241568,17.854137929530125
159506,Aina,NFO,DEF,4.5,4.0,a,,,,,,1587.0,18.0,67.0,3.799621928166352,0.0232514177693761,0.0476370510396975,0.0708884688090737,1.4353497164461246,5.0,14.971644612476371,0.1701323251417769,0.0,4.7,17.0,18.0,3.0,0.1666666666666666,8.506616257088847,0.3402646502835539,True,18.0,18.0,NFO,0.915102797726672,17.633333333333333,0.033236611432187355,0.04971330856466773,14.745204548645525,0.1761954308854561,0.0,0.18834251364048796,1.0,90.0,1.0,1.0,0.5837114940334018,,0.5837114940334018,0.5837114940334018,45.52949653460534,1.0,1.8007951876163775,1.8894042538287308,1.8513347343196305,2.066829927446826,1.977328322768691,2.0187085787896026,1.4737074821146803,2.2134872609982694,1.8165481383847957,1.4047537533897403,1.938161585630161,1.4707815619223483,2.2134872609982694,1.639347081727231,2.2466752192578188,1.83739246302993,1.762549874230303,1.8314913019863597,1.8979826142197842,1.977328322768691,1.709535348729223,1.5807136525419687,1.9409919242948337,1.8110731001671971,2.056750785742185,1.5965463582822146,2.1493290445003885,1.9298598670938742,2.2747822466495964,1.7811414257678166,1.9882252621139045,1.597864432656761,1.9943670740888557,2.00666107983914,1.739057170020309,1.747380603580087,1.977328322768691,2.2134872609982694,11.604401004769858,71.42318988526354,15.871819974503008
575458,Jair Cunha,NFO,DEF,4.5,0.3,a,,,,,,514.0,6.0,13.0,2.2762645914396886,0.0472762645914396,0.0105058365758754,0.0577821011673151,1.8122568093385212,0.0,8.40466926070039,0.0,0.0,4.2,17.0,9.0,1.0,0.1111111111111111,8.40466926070039,0.3501945525291828,True,9.0,4.0,NFO,0.915102797726672,5.711111111111111,0.05192614471155292,0.03605235239764057,11.812955343375382,0.11060199274939003,0.0,0.1680146884914475,,,,,0.3047879560770119,,0.43636690344543294,0.3047879560770119,26.668197416112193,1.0,1.0936239965450603,1.137873358571335,1.1155796850023683,1.2359020132583693,1.19042464081756,1.2104852173143468,0.9022898619657701,1.3173271287826303,1.1002834986634786,0.8697930396825192,1.1605431163457938,0.9078195439991456,1.3173271287826303,1.0008185672620864,1.3311067909004515,1.1102588815703767,1.0693421849490488,1.113625229825771,1.1443247137536974,1.19042464081756,1.0368916816147886,0.9765403938744305,1.1700241287210966,1.0965828678174643,1.2286575396642987,0.9770571867773042,1.2822744184431287,1.1562817985870781,1.3512896064430624,1.0792196748509268,1.192015495162054,0.9784529783320673,1.1960901352537625,1.2013389955331837,1.0559451841542806,1.052044628120087,1.19042464081756,1.3173271287826303,6.983888911509039,43.05763172175921,9.568362604835379
500151,Savona,NFO,DEF,4.5,0.0,i,Knee injury - Unknown return date,0.0,,,,1025.0,11.0,39.0,3.424390243902439,0.1176585365853658,0.0395121951219512,0.157170731707317,1.3205853658536584,0.0,11.502439024390243,0.1756097560975609,0.0,4.5,17.0,14.0,1.0,0.0714285714285714,6.058536585365854,0.1756097560975609,True,14.0,10.0,NFO,0.915102797726672,11.38888888888889,0.0919065115037572,0.045609514532199705,12.634491056576058,0.18136553527378066,0.0,0.12601101636858558,,,,,0.3706195435417032,,0.47588270143644,0.3706195435417032,31.224113869937057,0.0,0.0,0.0,0.0,0.0,0.0,0.0,0.0,0.0,0.0,0.0,0.0,0.0,0.0,0.0,0.0,0.0,0.0,0.0,0.0,0.0,0.0,0.0,0.0,0.0,0.0,0.0,0.0,0.0,0.0,0.0,0.0,0.0,0.0,0.0,0.0,0.0,0.0,0.0,0.0,0.0,0.0
204822,O.Richards,NFO,DEF,4.0,0.2,a,,,,,,0.0,0.0,0.0,0.0,0.0,0.0,0.0,0.0,0.0,0.0,0.0,0.0,4.5,17.0,,,,,,False,,,NFO,0.915102797726672,0.0,0.04603779782868016,0.05289571900960875,12.920162047390122,0.20127875497479975,0.0,0.1841646621825304,,,,,0.21498760752296253,,0.21498760752296253,0.21498760752296253,16.769033386791076,1.0,0.6547578765592209,0.6852316092465229,0.6702838453180602,0.7517528530384571,0.7203711523883143,0.734335509448881,0.5270627898473204,0.8071060516707834,0.6594856842601156,0.5049130327294667,0.7011197043209233,0.530184054689567,0.8071060516707834,0.5925682918404399,0.8171248833242193,0.6664067121639161,0.6387053391145459,0.6679332020894795,0.6893977421135296,0.7203711523883143,0.617145512219615,0.5755235866462303,0.7065786222956938,0.6570602536825806,0.7470463226100854,0.5766052207950915,0.7831870115560232,0.6981885917969239,0.8302363819021037,0.6454193072466601,0.7220016324188919,0.5774806923545065,0.7246818788380255,0.728440553643046,0.6297079061862831,0.6280063989424902,0.7203711523883143,0.8071060516707834,4.216732845999456,25.921004615416205,6.480251153854051
549067,Abbott,NFO,DEF,4.0,0.2,a,,,,,,165.0,2.0,3.0,1.6363636363636365,0.0,0.0054545454545454,0.0054545454545454,1.8927272727272728,0.0,1.6363636363636365,0.0,0.0,3.8,17.0,3.0,0.0,0.0,7.090909090909091,0.0,True,3.0,1.0,NFO,0.915102797726672,1.8333333333333333,0.044945607428312266,0.04518486198721865,11.895126433587821,0.1542179198336128,0.0,0.16891336970796805,1.0,90.0,1.0,1.0,0.4366498638182248,,0.4892814427655932,0.4366498638182248,35.21658411466364,1.0,1.3699392604135248,1.433570289425786,1.4033348243458865,1.5694509265735948,1.5043527758420825,1.53359896524665,1.1108712741952618,1.6822402931161733,1.3801796352686182,1.0634656534965365,1.4671603439632928,1.1150913572003094,1.6822402931161733,1.243436640661886,1.703764179865237,1.3947631872057171,1.3379255749440253,1.3960875905669243,1.4416358987390288,1.5043527758420825,1.294623171113218,1.2059967222418073,1.476250501572668,1.3753980577901885,1.5602694082866542,1.2106841158930797,1.6333787145990166,1.4610876014262495,1.7293489723098354,1.3517870349734304,1.50882963964191,1.2122861989277993,1.5141282293434577,1.522199628018637,1.319605152307959,1.318461788120022,1.5043527758420825,1.6822402931161733,8.814247041847524,54.21838974555298,13.554597436388246
470315,Netz,NFO,DEF,4.5,0.0,a,,,,,,353.0,3.0,11.0,2.8045325779036827,0.0,0.1045325779036827,0.1045325779036827,2.006515580736544,0.0,8.413597733711049,0.0,0.0,4.5,17.0,7.0,0.0,0.0,5.609065155807365,0.0,True,7.0,3.0,NFO,0.915102797726672,3.922222222222222,0.03707070137377107,0.07081882838647577,12.32729440235342,0.12719744552912143,0.0,0.11694002518243941,1.0,90.0,1.0,1.0,0.45605069798100856,,0.5613138558757453,0.45605069798100856,37.88774391620288,1.0,1.4709936540123734,1.53599234371576,1.5031954081106573,1.6803420039383348,1.6133354138034126,1.6428837425344114,1.1902632392228794,1.800421187911617,1.480748587715579,1.1431253765133096,1.5693500253346626,1.198704733767743,1.800421187911617,1.3347520324414772,1.8208429883302646,1.495392154515514,1.4352836540487475,1.5004174307699647,1.5454904849748459,1.6133354138034126,1.387587215762758,1.2995193083493861,1.5833086784541546,1.4753026553754467,1.6696786828447387,1.2999409219669236,1.7487034289488586,1.563075807023664,1.8505475068080426,1.4497834104286313,1.6156860123908767,1.3020087581394055,1.6216847482055832,1.629422510401694,1.415607517893691,1.4097440555867073,1.6133354138034126,1.800421187911617,9.44674256611495,58.11064888367216,12.913477529704926
538638,Bindon,NFO,DEF,4.0,0.2,a,,,,,,,,,,,,,,,,,,,,,,,,,False,,,,1.0099370333055604,0.0,0.04603779782868016,0.05289571900960875,12.920162047390122,0.20127875497479975,0.0,0.1841646621825304,,,,,0.21498760752296253,,0.21498760752296253,0.21498760752296253,16.769033386791076,1.0,0.6464861304208521,0.6779823206033486,0.6634726367158653,0.7439486643341021,0.7118184398498502,0.7263864652843637,0.5222078852136286,0.7986692684699543,0.651721943851792,0.498522696135455,0.6948492644417084,0.5233433888974124,0.7986692684699543,0.5855859234874332,0.8097307392208825,0.6590005838429265,0.6313635249941996,0.6587772818921258,0.681672397969316,0.7118184398498502,0.6107656091392651,0.5663891106502823,0.6982195335301582,0.649489896714299,0.7397123453470953,0.569716999931564,0.7748868256215834,0.6918583247667516,0.8215372746480543,0.6381406342181759,0.7145758880842806,0.5704080271250872,0.7170583834094243,0.7211809001240136,0.6225291565668782,0.6230821289155698,0.7118184398498502,0.7986692684699543,4.170094657208382,25.636066011057302,6.4090165027643256
222531,Gibbs-White,NFO,MID,8.0,11.9,a,,,2.0,,1.0,3101.0,35.0,188.0,5.4563044179297,0.3137375040309578,0.0844566268945501,0.3981941309255079,1.4424379232505644,18.0,20.66430183811673,0.0290228958400515,0.0,7.6,17.0,37.0,1.0,0.027027027027027,5.166075459529184,0.0580457916801031,True,37.0,35.0,NFO,0.915102797726672,34.455555555555556,0.2831441572736637,0.0916069391861826,20.161764156141597,0.06122889066892859,0.0,0.034994336133615564,1.0,90.0,1.0,1.0,0.8217966208084564,,0.8744281997558248,0.8217966208084564,65.2580311599017,1.0,3.822019257056798,3.6839854844670823,3.6066664592989737,3.814525966432747,3.908132965741479,3.8247512375618964,3.217779803077696,3.950921353459977,3.746604235363727,3.444991841211066,3.5438862598265164,3.528033296562711,3.950921353459977,3.584786174560472,3.7982973658513144,3.6958762805921106,3.668357682260474,3.9668257002253258,3.7600789978964038,3.908132965741479,3.5063848476834414,3.9087664821296073,3.869083374747646,3.715218252448264,3.7389877727917415,3.5609318491483926,3.9128320363941755,3.5511130488467417,4.007944155209181,3.662821127355512,3.735826444114344,3.590020808915413,3.7680746049545215,3.7146880697652565,3.6375755621376786,3.2883945457734693,3.908132965741479,3.950921353459977,22.660081370558977,141.45329198226506,17.681661497783132
209046,Hudson-Odoi,NFO,MID,6.0,0.2,a,,100.0,,,4.0,1838.0,21.0,88.0,4.309031556039173,0.1356365614798694,0.1478781284004352,0.2835146898803047,1.5120783460282916,8.0,17.529923830250272,0.0,0.0,5.7,17.0,30.0,0.0,0.0,5.190424374319913,0.0,True,30.0,17.0,NFO,0.915102797726672,20.42222222222222,0.14006795345686826,0.14070762886255034,17.66149368280573,0.056276618939005645,0.0,0.014021012604040838,1.0,90.0,1.0,1.0,0.5616365975783794,,0.9037418607362742,0.5616365975783794,51.333970400587276,1.0,2.632200563631577,2.5644045313197568,2.522933916063048,2.6392157607859743,2.6837598576664217,2.642443983433665,2.307938357409559,2.716011680436244,2.593846240638827,2.4233658891617464,2.49406497309179,2.46842940885353,2.716011680436244,2.5035376141488492,2.6387681762324133,2.5684599437656512,2.5513224293624077,2.7082146078074634,2.6040518788894356,2.6837598576664217,2.4655942434661067,2.6690920927375976,2.6620982357669503,2.5774158840709758,2.599796239634226,2.489678733684027,2.69352610758639,2.4974510212564716,2.748173408768642,2.549177549294471,2.595253726811768,2.5047712764182752,2.6121599471991086,2.585118415560192,2.53451778482838,2.3543977540976933,2.6837598576664217,2.716011680436244,15.684958612900443,98.20073531008494,16.36678921834749
456512,Ndoye,NFO,MID,5.5,0.5,a,,,,,,1167.0,14.0,50.0,3.8560411311053984,0.0809768637532133,0.116452442159383,0.1974293059125964,1.2308483290488432,4.0,13.727506426735218,0.0771208226221079,0.0,5.5,17.0,24.0,0.0,0.0,7.403598971722365,0.0,True,24.0,10.0,NFO,0.915102797726672,12.966666666666667,0.10783986483448274,0.11872290123497817,15.356704208064155,0.12398282524959,0.0,0.016825215124849004,1.0,90.0,1.0,1.0,0.47205803499842125,,0.8404790876300001,0.47205803499842125,44.92578988777159,1.0,2.0984936355999695,2.053761135040027,2.024153665726641,2.1099918825578277,2.13846310852215,2.110969662136408,1.8668880033405073,2.1669598910889443,2.0723432238686526,1.9455088914406673,2.0063683007325617,1.9779894520161818,2.1669598910889443,2.0058002732945157,2.114528550475619,2.055290584859933,2.041656995804389,2.1517902257761157,2.081381144696369,2.13846310852215,1.9811270162931391,2.1191645087453623,2.122576283117625,2.060850420526977,2.0824933426155163,1.9952798319000267,2.149697279968713,2.0084974824808213,2.1908489839960996,2.0406107266089655,2.0775758523551446,2.005755298490652,2.0894162911900995,2.071047061395893,2.0294863416703635,1.9051062438364044,2.13846310852215,2.1669598910889443,12.535833089583022,78.56271759139146,14.284130471162085
503301,Hutchinson,NFO,MID,5.5,0.2,a,,,,4.0,,1676.0,17.0,82.0,4.403341288782816,0.1079355608591885,0.2078162291169451,0.3157517899761336,1.3113365155131265,3.0,17.66706443914081,0.0536992840095465,0.0,5.4,17.0,31.0,1.0,0.032258064516129,6.927207637231503,0.107398568019093,True,31.0,15.0,NFO,0.915102797726672,18.622222222222224,0.12099074496772494,0.18214946353522699,17.766319215616466,0.0976442367470686,0.0,0.04066909334447214,,,,,0.4016920730275125,,0.8227447046064598,0.4016920730275125,40.595139590882816,1.0,2.1842615593263153,2.1275160445662715,2.0943179318548912,2.185503288187734,2.2234065296455796,2.1889819172834066,1.9247517285199947,2.2455374208263197,2.1527276020834565,2.0197065192905,2.0693035096489893,2.055573253970756,2.2455374208263197,2.081827529791439,2.181871940845933,2.131683069892413,2.1189066717850054,2.2457680580934367,2.1597167878162886,2.2234065296455796,2.0498247048710914,2.2176138000505263,2.2063502009816593,2.139414704358084,2.15351268272785,2.07115515426647,2.228352293714033,2.0722083903705695,2.27065837906505,2.116862734634681,2.15100484539303,2.0834390391460924,2.1646933590904793,2.1424146671723685,2.105570911013314,1.9585404267304445,2.2234065296455796,2.2455374208263197,13.003987270864197,81.46086555795829,14.811066465083325
476887,Bakwa,NFO,MID,5.5,0.0,a,,,,,,549.0,6.0,26.0,4.262295081967213,0.0885245901639344,0.1655737704918033,0.2540983606557377,1.7934426229508198,1.0,16.393442622950822,0.1639344262295082,0.0,5.9,17.0,14.0,0.0,0.0,5.737704918032788,0.0,True,14.0,4.0,NFO,0.915102797726672,6.1,0.12418741130233965,0.14107968055981393,17.30346795950911,0.18436216804253464,0.0,0.025237822687273516,1.0,80.0,1.0,1.0,0.4171149509328137,,0.6802728456696558,0.4171149509328137,38.324439856969995,1.0,1.8813617121272794,1.8351556642380162,1.8061321305200329,1.8884669950018889,1.9185147451857887,1.8902773495388823,1.6543896476255522,1.9429373749859484,1.8549360241123745,1.7338911943140425,1.7868838276887244,1.7655334456853484,1.9429373749859484,1.7910331312940921,1.889796707329801,1.8375317759061964,1.825064825708245,1.9342316282581755,1.8626711635570579,1.9185147451857887,1.7652955418799425,1.9052631349976226,1.903212000187075,1.8435174487860597,1.8610970082685532,1.7811220790473536,1.9267915420290322,1.7891560595345108,1.9657598365447317,1.823727814794056,1.8573514059782243,1.7915833246360642,1.8691056903637662,1.850497388983887,1.8132453766927117,1.6886128294798153,1.9185147451857887,1.9429373749859484,11.219908596611889,70.25705206562432,12.77400946647715
432714,McAtee,NFO,MID,5.5,0.0,a,,,,3.0,,288.0,2.0,17.0,5.3125,0.0562499999999999,0.1156249999999999,0.171875,2.29375,0.0,18.75,0.3125,0.0,5.0,17.0,14.0,0.0,0.0,10.0,0.0,True,14.0,1.0,NFO,0.915102797726672,3.2,0.1242002231574097,0.12046638356190856,18.212401627596286,0.23209880083926232,0.0,0.025237822687273516,1.0,90.0,1.0,1.0,0.3913855857370946,,0.7334908488949894,0.3913855857370946,38.05439147696706,1.0,1.8819413345576848,1.8388308839110177,1.8117027924767257,1.8887205611541422,1.9167351760297928,1.8903844762418742,1.669789977180386,1.9396791438713323,1.8572676271316728,1.744018995227526,1.7937716036346634,1.773601330904799,1.9396791438713323,1.797494078505517,1.8900666734632583,1.8410227813584628,1.8293402811045099,1.9313377905229216,1.864534847542313,1.9167351760297928,1.7734886978458817,1.904161340238953,1.9024228423507197,1.846599813882763,1.863151731557166,1.7882169787270275,1.924562039418684,1.7958893146979984,1.9610308570973902,1.8281008981383853,1.8596151467680093,1.797988659899066,1.8705969128026785,1.8532237801366886,1.8182890443154227,1.7018854828418621,1.9167351760297928,1.9396791438713323,11.228315224371237,70.36229253533955,12.793144097334464
250199,Dominguez,NFO,MID,5.0,0.1,a,,,,,,1168.0,17.0,48.0,3.6986301369863015,0.1132705479452054,0.0593321917808219,0.1726027397260274,1.788441780821918,3.0,17.64554794520548,0.2311643835616438,0.0,5.0,17.0,27.0,1.0,0.037037037037037,11.018835616438356,0.1541095890410959,True,27.0,8.0,NFO,0.915102797726672,12.977777777777778,0.1278039327026848,0.08338459461356135,17.779714428292934,0.21925613943113154,0.0,0.04559868041652937,1.0,90.0,1.0,1.0,0.4363032406583265,,0.9363032406583265,0.4363032406583265,45.031652771349464,1.0,2.2435671370268597,2.197948918734434,2.1687528185964755,2.2522400935462215,2.2816836644250125,2.253749308332062,2.0152214968084525,2.3075374495312935,2.217273959971052,2.0943055446079017,2.150054150790608,2.126208322635863,2.3075374495312935,2.1525050018578815,2.2547191606570824,2.2000181128744947,2.1871483313721667,2.2965227569436917,2.225466831209175,2.2816836644250125,2.12718225627434,2.2662785524698963,2.266190799159686,2.2058433077131325,2.224858878499545,2.1423878679496253,2.2910113741168954,2.152272140232113,2.3307136381609506,2.185917379876418,2.2206974361583915,2.152840873701738,2.23246764992854,2.2139688931507178,2.1752179032462715,2.0508349439264393,2.2816836644250125,2.3075374495312935,13.397941940661067,84.04204918239805,16.80840983647961
210462,Sangaré,NFO,MID,5.0,0.9,a,,,,,,2073.0,25.0,89.0,3.8639652677279295,0.0503617945007235,0.0781476121562952,0.1285094066570188,1.4400868306801735,2.0,15.890014471780027,0.2170767004341534,0.0,4.9,17.0,28.0,9.0,0.3214285714285714,11.59189580318379,0.7814761215629522,True,28.0,22.0,NFO,0.915102797726672,23.033333333333335,0.07640308805680947,0.08955607398152661,16.433262026715738,0.21265864348226865,0.0,0.2795516604042785,1.0,90.0,1.0,1.0,0.5801073734645529,,0.7380021103066581,0.5801073734645529,48.72205934076144,1.0,2.4136481667809786,2.385147325878607,2.360104491764434,2.439882876598982,2.455492289874275,2.4373342861431366,2.217489201511573,2.4935130028626147,2.394663987420717,2.274354706495689,2.352248237842062,2.302611134222762,2.4935130028626147,2.333119024599304,2.4560736178437956,2.3829664171201537,2.3678772717910097,2.456253361640765,2.406764641246763,2.455492289874275,2.3183955760702046,2.416715116528085,2.4409818703328536,2.385547115421617,2.4182635368388774,2.3226279514015724,2.475835530550971,2.3533158982568976,2.5160787417428967,2.3682261865919063,2.409844717845973,2.330726052860812,2.4192757210849063,2.406121489942565,2.357142466463262,2.2626594071322956,2.455492289874275,2.4935130028626147,14.491609437040413,91.02931200617707,18.205862401235414
204968,Yates,NFO,MID,4.5,5.3,d,Unspecified injury - 75% chance of playing,75.0,,,,602.0,2.0,30.0,4.485049833887043,0.0732558139534883,0.0553156146179402,0.1285714285714285,1.279734219269103,0.0,18.38870431893688,0.4485049833887043,0.0,4.7,17.0,22.0,1.0,0.0454545454545454,10.3156146179402,0.2990033222591362,True,22.0,3.0,NFO,0.915102797726672,6.688888888888889,0.1158047087312171,0.09185333935734029,18.175567958106704,0.3131282838471834,0.0,0.05374130191948104,1.0,90.0,1.0,1.0,0.3714386823782987,,0.8714386823782987,0.3714386823782987,39.97221722550729,0.75,1.4892069431213169,1.4599997353631455,1.4413237727730541,1.4947080129729249,1.5135662871031836,1.4956829839271595,1.3431410963247579,1.5300648178507443,1.4723790190328017,1.3937563457335225,1.429342367552059,1.4141614772633546,1.5300648178507443,1.430962962941757,1.4962587952154984,1.4613331904907363,1.4531108183445764,1.5230882466517333,1.4776071502193129,1.5135662871031836,1.4147472636202145,1.5037756855269069,1.5036589571574384,1.4650654252507618,1.4771883367124772,1.424495817076035,1.5195022487488732,1.4307632340454697,1.5448833169878147,1.452319914787232,1.4745384451788908,1.4311844851664088,1.4820691904176275,1.4702292780982922,1.4454804917601296,1.3658856627169724,1.5135662871031836,1.5300648178507443,8.894487735260785,55.81274398604105,12.40283199689801
60689,Wood,NFO,FWD,6.0,1.7,a,,,1.0,,,896.0,11.0,41.0,4.118303571428571,0.4309151785714286,0.0321428571428571,0.4630580357142857,1.4504464285714285,4.0,14.564732142857142,0.0,0.0,7.1,17.0,15.0,0.0,0.0,2.9129464285714284,0.0,True,15.0,10.0,NFO,0.915102797726672,9.955555555555556,0.4199001352881383,0.0437614527025191,16.771998539537,0.0863816444276435,0.0,0.0003426535087719297,1.0,10.0,0.0,0.0,0.24813168909667632,,0.3797106364650974,0.24813168909667632,22.249008591646017,1.0,1.2334545082017654,1.1733005011826108,1.1475270387317071,1.2059468090556218,1.2499845398978686,1.2144690570789636,1.0324322565955006,1.2431640957986274,1.2035671237436938,1.1227659725226975,1.1157121166339559,1.1492600868241036,1.2431640957986274,1.1575968410463502,1.1818227492059528,1.182527813931085,1.178744031333646,1.2854729175736122,1.20130816515457,1.2499845398978686,1.1221521400093606,1.2842112957967209,1.2385931169286326,1.1921898402239877,1.17828296730446,1.1520578834177106,1.2351277001931376,1.1192319136676145,1.2585973465820264,1.175029265975749,1.1836818783558964,1.1629092564406895,1.1953161230573301,1.1739102955437923,1.1691504949956595,1.0365132148463554,1.2499845398978686,1.2431640957986274,7.224682454148537,45.14230862924447,7.523718104874078
482973,Igor Jesus,NFO,FWD,6.0,5.1,a,,,3.0,,,2293.0,28.0,114.0,4.474487570867859,0.2543392935019625,0.0494548626253815,0.3037941561273441,1.5217182730047971,13.0,15.974705625817704,0.0784997819450501,0.0,5.9,17.0,37.0,0.0,0.0,4.827736589620584,0.0,True,37.0,24.0,NFO,0.915102797726672,25.477777777777778,0.29062682330754447,0.05154945488459033,16.821622847624223,0.106071270293751,0.0,0.00016734241126070988,1.0,90.0,1.0,1.0,0.6120587929940718,,0.9541640561519666,0.6120587929940718,55.26690164301129,1.0,2.7307344727457554,2.6220505585513507,2.5754840716236433,2.6810346345831375,2.7606002894305517,2.696432299989157,2.3675353073471097,2.7482773769932543,2.676735111956674,2.530746742747696,2.5180021109909516,2.5786152753372846,2.7482773769932543,2.5936777977767616,2.637448223957371,2.638722107408948,2.6318857165593847,2.82471930635624,2.6726537136652713,2.7606002894305517,2.529637694098817,2.822439857326323,2.7400187106149234,2.6561790797470923,2.6310526840505073,2.5836702251233588,2.733757530790137,2.5243615430179167,2.776161572693626,2.6251740233669185,2.6408072260092945,2.603276062755179,2.661827525661897,2.6231523112243824,2.6145524892010377,2.374908623578988,2.7606002894305517,2.7482773769932543,16.066336326923597,100.64408761012857,16.774014601688094
465680,Kalimuendo,NFO,FWD,5.5,0.0,a,,,,,,89.0,0.0,9.0,9.101123595505618,0.444943820224719,0.0202247191011235,0.4651685393258427,1.5876404494382022,0.0,24.269662921348317,0.0,0.0,6.0,17.0,9.0,0.0,0.0,6.067415730337078,0.0,True,9.0,0.0,NFO,0.915102797726672,0.9888888888888889,0.41045564725047146,0.05404018240700975,20.041470506664766,0.1725497372003361,0.0,0.0004797149122807016,1.0,90.0,1.0,1.0,0.3669249461366656,,0.6037670513998235,0.3669249461366656,33.830672114449385,1.0,1.9530958433872823,1.8619794500265805,1.8229399070382637,1.91142941981803,1.9781341898736169,1.9243382274219025,1.6486036996506577,1.96780313632895,1.907824866211364,1.785433859469195,1.774749252745263,1.825564987220362,1.96780313632895,1.8381928239133332,1.8748882576304535,1.8759562322845682,1.870224866401829,2.0318890956608,1.9044031796173753,1.9781341898736169,1.784504075943303,2.0299780936878298,1.9608793896094794,1.8905914832344382,1.8695264841405377,1.829802861762704,1.9556302584197718,1.7800807547841309,1.9911801683655155,1.8645980422156188,1.877704315135661,1.84623963832774,1.8953269219943023,1.8629031168882888,1.855693358460657,1.6547852030234098,1.9781341898736169,1.96780313632895,11.451917037565675,71.59875011309833,13.01795456601788
204561,Schlager,NFO,MID,5.0,0.1,a,,,,2.0,,,,,,,,,,,,,,,,,,,,,False,,,,1.0099370333055604,0.0,0.12874827856853127,0.11056911278528116,17.390485450822368,0.20778653317403828,0.0,0.0906479839263559,1.0,90.0,1.0,1.0,0.40230353824130777,,0.40230353824130777,0.40230353824130777,31.379675982822008,1.0,1.4373445250092698,1.4089954914302272,1.387950551766894,1.451613011357832,1.468722129698674,1.4510616600177957,1.2726234918804615,1.4941161823246416,1.4199142118772339,1.3249499033610381,1.3779623849558833,1.3483262993218137,1.4941161823246416,1.3706730954614916,1.459398853858628,1.4087997367904341,1.3977955073206978,1.474313987009856,1.4279836512868025,1.468722129698674,1.355404584623749,1.4467142485024813,1.4570336645642268,1.411968181005983,1.4326725096996484,1.362607164942221,1.4807101206703228,1.3792050672749392,1.5119677518851304,1.3975073964229634,1.4276044760365756,1.3697716346600703,1.435805023795782,1.4236280560696786,1.3889819761416464,1.3045312945087781,1.468722129698674,1.4941161823246416,8.605687369280693,53.8943344495805,10.778866889916099
568420,Diomande,NFO,DEF,5.5,0.5,a,,,,,,,,,,,,,,,,,,,,,,,,,False,,,,1.0099370333055604,0.0,0.06469992728717051,0.059490978070627726,15.8545534949444,0.17904599617698289,0.0,0.31980252961649613,,,,,0.25301127683716096,,0.25301127683716096,0.25301127683716096,19.734879593298555,1.0,0.9013609726745987,0.9349100754231137,0.9163269812668086,1.0144525898085013,0.9792148781636154,0.9942826198541543,0.7433470812449313,1.0810276913644852,0.9057750816733818,0.720755296321125,0.9513925686194027,0.7515151922547757,1.0810276913644852,0.8252537307003496,1.0904584664319996,0.913110732260325,0.8803643942169239,0.9188678887115911,0.9408906091737722,0.9792148781636154,0.8528140973990797,0.8100657562601329,0.9625446687266352,0.9024829517831832,1.0078493094999428,0.8062542550524168,1.0525690325755852,0.9480784662402558,1.1088427303079513,0.8881229037938003,0.9785828198265247,0.8077020594922599,0.982184719688701,0.9857846079590946,0.8694065357137862,0.8623010380753461,0.9792148781636154,1.0810276913644852,5.740548117190793,35.40937794161475,6.438068716657227
428971,Benda,NFO,GKP,4.5,0.0,a,,,,,,0.0,0.0,0.0,0.0,0.0,0.0,0.0,0.0,0.0,0.0,0.0,0.0,4.0,54.0,,,,,,False,,,FUL,0.9237133199263733,0.0,0.00017090365306558279,0.0015287329548684496,13.687822974951251,0.07062094801579323,2.770091475922773,0.0,,,,,0.009052889418893224,3.0,0.009052889418893224,0.009052889418893224,0.7061253746736714,1.0,0.029059290108519216,0.03163755197075887,0.02985918079104334,0.03313713810457737,0.030727246787717533,0.0326551169662669,0.026902189210551167,0.03443452263730301,0.030929535140273325,0.026142283498512633,0.03226326451667177,0.02654371851420229,0.03443452263730301,0.027868493747216415,0.035012015623294084,0.029593049038484934,0.030573968753440768,0.030798747409899307,0.030116284569260725,0.030727246787717533,0.030330495337357235,0.0269908299608787,0.03187027259716914,0.029305234793609414,0.0331418835500632,0.02752463018811062,0.03382670852414187,0.03075412616249897,0.03499845268753403,0.02908440335185272,0.03248269934873486,0.027501267861626287,0.031117894171943484,0.03268707799401302,0.02871483825106816,0.030883948633653176,0.030727246787717533,0.03443452263730301,0.18707552472888322,1.1697918996522894,0.25995375547828653
469142,Van Hecke,TOT,DEF,5.0,9.0,a,,,,,,3210.0,36.0,148.0,4.149532710280374,0.092803738317757,0.044018691588785,0.136822429906542,1.2972897196261683,8.0,16.121495327102807,0.2523364485981308,0.0,4.7,36.0,36.0,16.0,0.4444444444444444,9.728971962616823,0.8971962616822431,True,36.0,36.0,BHA,1.047737340289852,35.666666666666664,0.08592286579492528,0.045900407852083554,15.777910151075123,0.2408353330923021,0.0,0.4171481030326598,1.0,90.0,1.0,1.0,0.8071660039067422,,0.8071660039067422,0.8071660039067422,62.958948304725894,1.0,3.2268371215255742,3.0216015997075916,3.6940022741256513,2.9105933769460504,2.8310001472084525,3.1442118384480535,3.122087542698826,3.4094297683672927,2.7714524368893656,3.4561068566879767,3.122087542698826,3.8054631638498666,2.9993146705591047,2.3699944812970375,3.781442815538644,3.3173716521584726,2.5849986377011036,2.6312198395642574,3.0526399974085594,3.5476889520208075,2.873768938391208,3.5078237249732456,3.1312150795907296,3.781442815538644,2.2999086802627766,3.478051905173014,2.575689596077005,3.3654090005404775,2.916720839713677,3.692114532102265,2.876867927386867,3.273856362558468,3.122087542698826,3.0774996550082196,2.3976460835273805,3.781442815538644,2.5709445209088453,3.5705381229161386,18.828246357961373,119.09257285830793,23.818514571661588
432422,Tonali,TOT,MID,5.5,4.1,a,,,,2.0,4.0,2534.0,31.0,81.0,2.876874506708761,0.0621546961325966,0.1019337016574585,0.1640883977900552,1.2853591160220994,2.0,16.941594317284924,0.1420678768745067,0.0,5.3,4.0,35.0,4.0,0.1142857142857142,9.127861089187055,0.2841357537490134,True,35.0,27.0,NEW,1.0234140482398681,28.155555555555555,0.08189730330137332,0.10646285022446335,17.175200012482193,0.1548726463570917,0.0,0.10987210862793823,2.0,135.0,2.0,1.0,0.6890699793827139,,0.8995962951721875,0.6890699793827139,58.379037339220105,1.0,2.6696290137553826,2.5540459044727584,2.758299178914334,2.5853000986354235,2.568791460330028,2.637730277610753,2.665584945409752,2.7250852836336152,2.5564213594476817,2.689530253360431,2.665584945409752,2.745187837133832,2.6117621322675215,2.4030839918475184,2.788589880985406,2.659675456484349,2.6206637874848546,2.5296922484839226,2.579546297172949,2.6999890190210807,2.6183711294462335,2.7217596242271935,2.6264658992797014,2.788589880985406,2.4651293560552916,2.6854057122377513,2.5269195165572573,2.6221387046721167,2.5992537645398452,2.7676286975811646,2.5878781090580305,2.7411806365137177,2.665584945409752,2.5156751178910786,2.495988430362262,2.788589880985406,2.518085411227927,2.7251883821797502,15.773795933718679,100.17402657107121,18.2134593765584
184254,Vicario,TOT,GKP,4.5,1.2,a,,,,,,2790.0,31.0,90.0,2.903225806451613,0.0,0.0012903225806451,0.0012903225806451,1.4906451612903229,6.0,13.290322580645162,0.032258064516129,2.677419354838709,4.7,6.0,,,,,,True,31.0,31.0,TOT,0.8616414206758667,31.0,3.943930455359604e-05,0.0013662087494130842,13.444616243763466,0.03954621469883936,2.672096951461008,0.0,,,,,0.023304096484992626,3.0,0.023304096484992626,0.023304096484992626,1.8177195258294248,1.0,0.08486602967028868,0.07556095493823081,0.09259622829737145,0.07250675681578506,0.07117450909267854,0.08392287864371058,0.07547831512988591,0.08733448353291565,0.0702072871779126,0.08892741134252691,0.07547831512988591,0.09535959751299343,0.0738777062229747,0.06547323616588005,0.09390298621336839,0.08673181574340451,0.065682887417596,0.06799318561417048,0.08327637014458049,0.09062279193288904,0.07110344930835594,0.08936996379754264,0.07651099816720165,0.09390298621336839,0.063465961634783,0.08945523775873108,0.06703138687985434,0.08836481694092077,0.07236157731955481,0.09236504242817242,0.07175149705320592,0.08451249496085318,0.07547831512988591,0.08475868505240496,0.06452111261433059,0.09390298621336839,0.06709353954953173,0.09060868477077523,0.4806273574580651,3.0375324825318906,0.6750072183404201
214572,Austin,TOT,GKP,4.0,0.7,a,,,,,,0.0,0.0,0.0,0.0,0.0,0.0,0.0,0.0,0.0,0.0,0.0,0.0,3.9,6.0,,,,,,False,,,TOT,0.8616414206758667,0.0,0.00013212214651043744,0.0011313976123006986,12.866935659988142,0.06734305438832919,2.9028711226076327,0.0,1.0,90.0,1.0,1.0,0.016668522043687028,4.0,0.016668522043687028,0.016668522043687028,1.3001447194075881,1.0,0.061164459228993905,0.054134013493244156,0.0663673491679446,0.05205003078342705,0.05114597079430862,0.06054075174346425,0.054079090224031914,0.06281079378919871,0.05049213286047264,0.06388078738408445,0.054079090224031914,0.06825288577321825,0.05298414851770031,0.047332498780048964,0.0672583040250512,0.062406186744158036,0.047474937913864694,0.04900514501375296,0.06011460371964377,0.06502651166155302,0.05109870897961302,0.06417981695231148,0.05478642653179178,0.0672583040250512,0.04602800782191849,0.06423674785396608,0.04836449030163718,0.06350077212070579,0.05195158865149018,0.06621021452032654,0.051537246326147236,0.06093196071753206,0.054079090224031914,0.06109026267083959,0.04671178007481546,0.0672583040250512,0.04840560344084218,0.06501737857851203,0.34540257521138257,2.1832463956587764,0.5458115989146941
485055,Kinsky,TOT,GKP,4.5,21.2,a,,,,,,630.0,7.0,20.0,2.857142857142857,0.0,0.0,0.0,0.7928571428571428,0.0,10.857142857142858,0.1428571428571428,1.4285714285714286,3.9,6.0,,,,,,True,7.0,7.0,TOT,0.8616414206758667,7.0,0.00010254219183934969,0.0008854760818074786,12.556002233785012,0.10282015821698237,2.0807854071319554,0.0,2.0,135.0,2.0,1.0,0.06392184987149636,2.0,0.06392184987149636,0.06392184987149636,4.985904289976716,1.0,0.213675652663461,0.1918393254087791,0.23808407479113242,0.18247181509005578,0.1783377889387536,0.2105893352774263,0.19156774525867237,0.2216172216680992,0.17531174035556074,0.22666982691491058,0.19156774525867237,0.246559228638571,0.1866883261635063,0.1601053226445952,0.24209739355790438,0.21970616995041684,0.1607469741624645,0.16828898986594384,0.20846130397078444,0.2319778533972213,0.17810616443285207,0.22805484160337425,0.19470949297674434,0.24209739355790438,0.15330734198693083,0.228329909427039,0.16518606944437064,0.22490878050254023,0.18202003659377017,0.23736875471865065,0.18013043184365404,0.21250323283244954,0.19156774525867237,0.21336097965787287,0.15689782846448316,0.24209739355790438,0.1653897054583127,0.23192890004073913,1.2149979921696081,7.674328836335195,1.7054064080744877
67089,Dubravka,TOT,GKP,4.0,21.6,a,,,,,,3150.0,35.0,96.0,2.742857142857143,0.0,0.0011428571428571,0.0011428571428571,2.036,7.0,12.457142857142856,0.0285714285714285,3.628571428571429,4.0,90.0,,,,,,True,35.0,35.0,BUR,1.0099370333055604,35.0,3.577053203698245e-05,0.0012391195634211785,12.752093802483142,0.035867497052435665,3.446785607139055,0.0,1.0,45.0,1.0,1.0,0.8726390990773826,1.0,0.8726390990773826,0.8726390990773826,68.06584972803584,1.0,3.3825403277771793,2.968553314867326,3.6146131679343783,2.8716784525324783,2.830397273156757,3.356243535569232,2.9658181096237217,3.4539075091173994,2.8008703243229025,3.5015339706653195,2.9658181096237217,3.702223456540389,2.9147939259648807,2.663790765944434,3.655799533229055,3.4361905983756835,2.669595722733949,2.7349846113772087,3.3385834374089414,3.553275311569762,2.8281946696133473,3.5149336152239656,2.999143916951318,3.655799533229055,2.611430532763417,3.517537472073976,2.707263679527995,3.4846103851258623,2.867140465256551,3.6073632916247362,2.8481889102290796,3.3726303839810803,2.9658181096237217,3.3794879692396864,2.638398593869771,3.655799533229055,2.709034883701737,3.5528302805050185,19.02402607183735,120.29681768410411,30.074204421026028
221466,Senesi,TOT,DEF,6.0,9.4,a,,,,,,3288.0,37.0,175.0,4.79014598540146,0.0418795620437956,0.1291970802919708,0.1710766423357664,1.4991788321167885,14.0,15.62956204379562,0.218978102189781,0.0,5.2,91.0,37.0,26.0,0.7027027027027027,12.645985401459855,1.4233576642335768,True,37.0,37.0,BOU,1.1223253837555172,36.53333333333333,0.044280654334844384,0.11574066937592029,15.381034654123058,0.2136933281069729,0.0,0.6400051238923654,1.0,81.0,1.0,1.0,0.8514411802523041,,0.8514411802523041,0.8514411802523041,66.41241205967972,1.0,3.732422779624812,3.5281657740778587,4.223044612184161,3.4043466072221094,3.321183804952335,3.6480796841983425,3.6202780640447116,3.921059923234179,3.258994055634199,3.9765231187661114,3.6202780640447116,4.345253322414184,3.495940075027217,2.8500341789807657,4.31296061350549,3.8313549472413273,3.050093633470523,3.1122962982777436,3.557901182966265,4.073740852372159,3.3600939758965302,4.027586193294931,3.635711906566798,4.31296061350549,2.7665107941941387,4.0007797968758485,3.0531559110402053,3.8885565470978,3.4089468725245653,4.21964359235681,3.367745147384163,3.7727348048757845,3.6202780640447116,3.5938340591317575,2.8667957484301567,4.31296061350549,3.049302942146171,4.094706879280584,21.85724326225962,138.23625605439113,23.03937600906519
441164,Pedro Porro,TOT,DEF,5.5,22.9,a,,,,1.0,1.0,2793.0,32.0,117.0,3.7701396348012888,0.0338345864661654,0.1408163265306122,0.1746509129967776,1.2164339419978516,8.0,16.176154672395274,0.3222341568206229,0.0,5.2,6.0,34.0,12.0,0.3529411764705882,8.152524167561761,0.7733619763694951,True,34.0,31.0,TOT,0.8616414206758667,31.033333333333335,0.0382228473026064,0.12308243747756575,15.780582662603253,0.2950420891126522,0.0,0.3380055081842928,,,,,0.7044455237260927,,0.7833928921471454,0.7044455237260927,56.68359295589839,1.0,2.846507232234384,2.6542563672264827,3.2596187945365083,2.562584750416213,2.491600207544319,2.7710858127383915,2.755742154886061,3.0110056577008666,2.4384432948252077,3.0462228678756276,2.755742154886061,3.353177167986953,2.6426954196612917,2.070226946403013,3.3386794320628312,2.923019075135296,2.2846509699453796,2.313395858969542,2.6844098758032544,3.126203563803134,2.535061921419239,3.0950124335504787,2.7583826848633852,3.3386794320628312,2.016678025813955,3.064484476944429,2.264792261607901,2.9591611660346637,2.5697106949462247,3.2592953767781676,2.533767004447219,2.8966002481776827,2.755742154886061,2.6972633018915064,2.1058382060584555,3.3386794320628312,2.2595513005606076,3.149262866983016,16.5856531646963,104.92723059372946,19.077678289768993
221632,Romero,TOT,DEF,5.0,0.7,u,Has joined Atletico Madrid permanently,0.0,,,,1869.0,22.0,91.0,4.382022471910113,0.0669341894060995,0.0601926163723916,0.1271268057784911,1.3637239165329054,10.0,14.686998394863563,0.4333868378812199,0.0,5.0,6.0,23.0,11.0,0.4782608695652174,10.786516853932584,1.0593900481540932,True,23.0,20.0,TOT,0.8616414206758667,20.766666666666666,0.06368360856471855,0.05855102466538757,14.56438273222295,0.3655785473359395,0.0,0.4317317354266108,,,,,0.5234800226362981,,0.6024273910573508,0.5234800226362981,42.56828387089441,0.0,0.0,0.0,0.0,0.0,0.0,0.0,0.0,0.0,0.0,0.0,0.0,0.0,0.0,0.0,0.0,0.0,0.0,0.0,0.0,0.0,0.0,0.0,0.0,0.0,0.0,0.0,0.0,0.0,0.0,0.0,0.0,0.0,0.0,0.0,0.0,0.0,0.0,0.0,0.0,0.0,0.0
135720,Danso,TOT,DEF,5.0,0.2,a,,,,,,1489.0,17.0,63.0,3.8079247817327055,0.0374748153122901,0.0169241101410342,0.0543989254533243,1.217931497649429,1.0,13.237071860308932,0.48354600402955,0.0,4.2,6.0,24.0,13.0,0.5416666666666666,12.028206850235057,1.5715245130960376,True,24.0,15.0,TOT,0.8616414206758667,16.544444444444444,0.04326702696878964,0.02910303434073718,13.565951513682762,0.38772424583646325,0.0,0.4840073442457237,,,,,0.46347363447867834,,0.7003157397418363,0.46347363447867834,41.36146980512638,1.0,2.1676410921893736,2.060990151812412,2.443114274451889,1.985083682737227,1.938112928178375,2.121901944631391,2.1026360455581354,2.2714927602039294,1.9029403558660942,2.3074787195297133,2.1026360455581354,2.515122152606221,2.0358207976102722,1.678915026724195,2.491969271122408,2.226311728111857,1.7721529134329652,1.819509646742057,2.075579865262897,2.3627563210123954,1.9554220673615699,2.3337036518859113,2.1159068369066727,2.491969271122408,1.6218575447490322,2.321988505393377,1.7848709527859523,2.2635470173482886,1.9862321758469992,2.440173426917287,1.963323115511325,2.1834132534891153,2.1026360455581354,2.1034753170460347,1.677926812682311,2.491969271122408,1.7836121636209525,2.372260864727412,12.716844074000667,80.37645401741717,16.075290803483433
122798,Robertson,TOT,DEF,4.5,3.1,a,,,,3.0,,1165.0,11.0,55.0,4.24892703862661,0.0849785407725322,0.1081545064377682,0.1931330472103004,1.347296137339056,4.0,16.686695278969957,0.0,0.0,5.7,14.0,24.0,0.0,0.0,5.098712446351931,0.0,True,24.0,9.0,LIV,1.1218192053517662,12.944444444444445,0.07362167775812009,0.08758016066773923,15.754475805689774,0.07240469976273066,0.0,0.0506740109123904,1.0,90.0,1.0,1.0,0.5009506524554316,,0.8956874945606947,0.5009506524554316,47.75836141783945,1.0,2.1751808621207833,2.0296971966725637,2.483679072718651,1.9607236568449775,1.9068189737212198,2.1182849113772266,2.1070294920987833,2.298780988532631,1.8663521080887076,2.324350004102655,2.1070294920987833,2.552276496325436,2.021435204137646,1.58438805080101,2.542665500112497,2.232201197199335,1.747805848903572,1.770784048072744,2.052603923595449,2.3838347141933087,1.9399247883247803,2.3611507005044463,2.1086327189259344,2.542665500112497,1.5416921586421217,2.337822421269597,1.7334267061245499,2.2584828444049707,1.966175508271768,2.483648537761805,1.938883357386694,2.213555227756014,2.1070294920987833,2.061559315692563,1.6107193308157812,2.542665500112497,1.7294621759535518,2.401414245032472,12.674384673455423,80.14483227090882,17.809962726868626
491279,Van de Ven,TOT,DEF,5.0,7.3,a,,,,,,3041.0,35.0,116.0,3.433081223281815,0.0834593883590923,0.0112463005590266,0.094705688918119,1.2723117395593555,10.0,12.755672476159155,0.2663597500822098,0.0,4.4,6.0,35.0,7.0,0.2,7.339690891154225,0.4143373890167707,True,35.0,33.0,TOT,0.8616414206758667,33.78888888888889,0.07805819265462804,0.019486467125415685,13.040996249328693,0.25165723452612265,0.0,0.20781025188711494,,,,,0.712554655887281,,0.7651862348346494,0.712554655887281,56.73715789605002,1.0,2.509367662675101,2.327473703092463,2.923948141040865,2.2285331335997225,2.157779057985881,2.436069295849968,2.4162483799290695,2.6713766637324725,2.104829921439475,2.7129938848478035,2.4162483799290695,3.022910711900644,2.3073311581193963,1.7480707901257067,3.0014461599002646,2.58987780543035,1.938157009525318,1.9800669112758127,2.3549423022993614,2.7942791000882115,2.1955479388206967,2.75879114554061,2.424570848945008,3.0014461599002646,1.6849744804270699,2.7325008950627523,1.9305814238395305,2.6327204579033423,2.2339034356821474,2.9222380098437273,2.198497031995162,2.5508114980843373,2.4162483799290695,2.3773735388643336,1.7719806829082099,3.0014461599002646,1.926416649347974,2.81446754807799,14.583170994244,92.21646645785945,18.44329329157189
232859,Spence,TOT,DEF,4.5,3.6,u,Has joined Internazionale permanently,0.0,,,,2049.0,23.0,78.0,3.4260614934114204,0.0395314787701317,0.0777452415812591,0.1172767203513909,1.3800878477306004,3.0,11.903367496339678,0.1756954612005856,0.0,4.1,6.0,30.0,3.0,0.1,6.149341142020498,0.2635431918008785,True,30.0,22.0,TOT,0.8616414206758667,22.766666666666666,0.043617501832450785,0.0716462993350265,12.51252686663966,0.1793004185817072,0.0,0.12556167576032534,,,,,0.5398318497307729,,0.7503581655202466,0.5398318497307729,46.73846322636871,0.0,0.0,0.0,0.0,0.0,0.0,0.0,0.0,0.0,0.0,0.0,0.0,0.0,0.0,0.0,0.0,0.0,0.0,0.0,0.0,0.0,0.0,0.0,0.0,0.0,0.0,0.0,0.0,0.0,0.0,0.0,0.0,0.0,0.0,0.0,0.0,0.0,0.0,0.0,0.0,0.0,0.0
487053,Udogie,TOT,DEF,4.5,0.5,a,,,,,,1335.0,14.0,29.0,1.9550561797752808,0.0121348314606741,0.0485393258426966,0.0606741573033707,1.291011235955056,1.0,8.157303370786517,0.2696629213483146,0.0,4.3,6.0,20.0,1.0,0.05,6.0,0.1348314606741573,True,20.0,13.0,TOT,0.8616414206758667,14.833333333333334,0.027239349184455613,0.050554064651429906,10.290601894756799,0.24159749832250477,0.0,0.09693155105275816,,,,,0.41378614984310186,,0.5979966761588913,0.41378614984310186,36.32795126670931,1.0,1.4019169239568328,1.3107928598266365,1.6460726431677954,1.2414674377842476,1.2000283300099361,1.3621229233495602,1.3437143105776908,1.4930028831013444,1.1690137848172186,1.526812320800275,1.3437143105776908,1.7114775620525329,1.2859119169325501,0.9746435337700485,1.688825110609952,1.4550377093154594,1.049603214133583,1.0954015755465685,1.3228685889012717,1.5761234274746412,1.2135870966469724,1.5490899998856091,1.3571918172930164,1.688825110609952,0.9214183739842456,1.540034183167137,1.0645449680691395,1.4900421570620395,1.2419460053126912,1.6430407300661392,1.221864053705725,1.4132057985494204,1.3437143105776908,1.3504765452502994,0.9702452949480609,1.688825110609952,1.063759289231769,1.583645607443183,8.16240111809501,51.54400781911888,11.454223959804196
548308,Phillips,TOT,DEF,4.5,0.1,u,Has joined Middlesbrough permanently,0.0,,,,0.0,0.0,0.0,0.0,0.0,0.0,0.0,0.0,0.0,0.0,0.0,0.0,4.0,6.0,,,,,,False,,,TOT,0.8616414206758667,0.0,0.052258507648176945,0.05509413869661508,13.898292529908215,0.1938678353755275,0.0,0.22937728466051902,,,,,0.22766216396102865,,0.22766216396102865,0.22766216396102865,17.757648788960235,0.0,0.0,0.0,0.0,0.0,0.0,0.0,0.0,0.0,0.0,0.0,0.0,0.0,0.0,0.0,0.0,0.0,0.0,0.0,0.0,0.0,0.0,0.0,0.0,0.0,0.0,0.0,0.0,0.0,0.0,0.0,0.0,0.0,0.0,0.0,0.0,0.0,0.0,0.0,0.0,0.0,0.0
115556,Davies,TOT,DEF,4.0,1.0,a,,,,,,136.0,2.0,10.0,6.61764705882353,0.3242647058823529,0.0463235294117647,0.3705882352941177,0.7345588235294118,1.0,19.19117647058824,0.6617647058823529,0.0,4.3,6.0,3.0,0.0,0.0,9.264705882352942,0.0,True,3.0,1.0,TOT,0.8616414206758667,1.511111111111111,0.0979869889883836,0.053024068760150124,15.031760389865912,0.2645827792672282,0.0,0.16891336970796805,2.0,73.0,1.0,0.5,0.36423804578194524,,0.41686962472931366,0.36423804578194524,29.568462307833833,1.0,1.3965179169196433,1.2844150129622756,1.6128297255075223,1.2436913364629663,1.2060623347054793,1.3545566699507094,1.3511318822637552,1.4858257333635885,1.1778519500467468,1.4977480815386899,1.3511318822637552,1.6565836550128827,1.2872635156464727,0.9720571364494843,1.6561554794539515,1.4326945183629285,1.1103875945357815,1.111720998094083,1.3031010448861469,1.538573657033951,1.2348950348996361,1.526583646095198,1.3466078322200754,1.6561554794539515,0.9539240142836423,1.5060852848722484,1.0870641035021638,1.4447895912972621,1.2492763605148742,1.6140971909966766,1.2297831264772883,1.4319197582795031,1.3511318822637552,1.2999069397402263,1.0030705326276883,1.6561554794539515,1.0831788425428142,1.553714363816314,8.098072996508597,51.25863958879809,12.814659897199522
640419,Byfield,TOT,DEF,4.0,0.1,a,,,,,,1.0,0.0,1.0,2.0,0.0,0.0,0.0,0.0,0.0,6.0,0.0,0.0,4.0,6.0,1.0,0.0,0.0,0.0,0.0,True,1.0,0.0,TOT,0.8616414206758667,0.011111111111111112,0.05516901882670784,0.054214428375434824,14.234655885887964,0.1892966144975691,0.0,0.2171743324816732,,,,,0.2329328717253505,,0.25924866119903467,0.2329328717253505,18.74771136299839,1.0,0.8577438982603244,0.7996003517624019,0.9933904231488159,0.7663018115113097,0.7431813365036378,0.8340522753175368,0.8269969843295403,0.9103784173785016,0.7258798820427894,0.9247874120273623,0.8269969843295403,1.0263848976908958,0.7919082883577219,0.610557694242931,1.018504164510892,0.8845683582410978,0.6695967382910405,0.6850720637706047,0.8082376651995631,0.951507286588197,0.7547995009695477,0.939372016766538,0.8304471404981296,1.018504164510892,0.5885897052331718,0.9313179289207606,0.6687485538805786,0.8994179509272782,0.7678311769992342,0.9926578059984282,0.7563165667484247,0.8701870913065463,0.8269969843295403,0.8167979131994557,0.616826030458477,1.018504164510892,0.6675269838148118,0.9577405123410245,4.994270096504026,31.578229124918433,7.894557281229608
499716,Rowswell,TOT,DEF,4.0,0.1,a,,,,,,1.0,0.0,1.0,2.0,0.0,0.0,0.0,0.72,0.0,6.0,0.0,0.0,4.0,6.0,1.0,0.0,0.0,0.0,0.0,True,1.0,0.0,TOT,0.8616414206758667,0.011111111111111112,0.05516901882670784,0.054214428375434824,14.234655885887964,0.1892966144975691,0.0,0.2171743324816732,,,,,0.2329328717253505,,0.25924866119903467,0.2329328717253505,18.74771136299839,1.0,0.8577438982603244,0.7996003517624019,0.9933904231488159,0.7663018115113097,0.7431813365036378,0.8340522753175368,0.8269969843295403,0.9103784173785016,0.7258798820427894,0.9247874120273623,0.8269969843295403,1.0263848976908958,0.7919082883577219,0.610557694242931,1.018504164510892,0.8845683582410978,0.6695967382910405,0.6850720637706047,0.8082376651995631,0.951507286588197,0.7547995009695477,0.939372016766538,0.8304471404981296,1.018504164510892,0.5885897052331718,0.9313179289207606,0.6687485538805786,0.8994179509272782,0.7678311769992342,0.9926578059984282,0.7563165667484247,0.8701870913065463,0.8269969843295403,0.8167979131994557,0.616826030458477,1.018504164510892,0.6675269838148118,0.9577405123410245,4.994270096504026,31.578229124918433,7.894557281229608
616221,Souza,TOT,DEF,4.0,0.3,a,,,,,,142.0,2.0,3.0,1.9014084507042253,0.0126760563380281,0.0190140845070422,0.0316901408450704,1.654225352112676,0.0,0.0,0.6338028169014085,0.0,4.0,6.0,4.0,0.0,0.0,3.802816901408451,0.0,True,4.0,0.0,TOT,0.8616414206758667,1.5777777777777777,0.04823301922744356,0.04847865760868735,11.899288739820442,0.2627411357920503,0.0,0.15202203273717121,,,,,0.2508974982641871,,0.35616065615892395,0.2508974982641871,21.885794338290808,1.0,0.9253360157994068,0.8630409160506738,1.074376731007423,0.8250377908914803,0.7995072805454309,0.8996109441666462,0.8910853171335267,0.9827794639205469,0.7803845641438869,0.9996017966122859,0.8910853171335267,1.1112654279845031,0.853090432827875,0.6543571550673577,1.1016143503122975,0.9554742700258565,0.7153537757480697,0.7351534421256642,0.8721058862902207,1.0290912014956242,0.8113422543302444,1.0151262743773182,0.8958421666496343,1.1016143503122975,0.6278238236368083,1.0069568716297952,0.7168291210099564,0.9728413235067097,0.8264184337160743,1.0733650979063254,0.8137814695658754,0.9375997597445234,0.8910853171335267,0.883128950698278,0.658980643167195,1.1016143503122975,0.7156783111248635,1.0354776612179428,5.386909678461061,34.04485825932197,8.511214564830492
460842,Kudus,TOT,MID,6.5,0.1,d,Thigh injury - 75% chance of playing,75.0,2.0,5.0,3.0,1535.0,19.0,75.0,4.397394136807817,0.1125732899022801,0.1413029315960912,0.2538762214983713,1.33328990228013,7.0,15.068403908794789,0.1758957654723127,0.0,6.4,6.0,19.0,0.0,0.0,7.798045602605862,0.0,True,19.0,17.0,TOT,0.8616414206758667,17.055555555555557,0.12496400219187094,0.1352683435168088,16.003592390517543,0.18357232427759484,0.0,0.02019025814981881,,,,,0.4502049127531797,,0.5028364917005481,0.4502049127531797,36.27387793159012,0.75,1.2450981384186497,1.159486668883195,1.293682655354863,1.1907183304944595,1.180743253035942,1.2228030978293036,1.2470219808715586,1.2816758518930316,1.1732034319621698,1.2495114498735518,1.2470219808715586,1.2762853066410356,1.2084076818892102,1.0636862295598517,1.3140211354612572,1.2320951168544898,1.2336168196660358,1.1572004678145325,1.1790989989402387,1.2531869486551055,1.2197298489830466,1.2735696768746214,1.2141059415244888,1.3140211354612572,1.1168050386994552,1.2448670037151368,1.157177675957226,1.198240914187072,1.2019679390541367,1.3015923486041994,1.194411248649586,1.3021485564538298,1.2470219808715586,1.124809873761826,1.1385887385781346,1.3140211354612572,1.1501201073637384,1.2729618576120065,7.2925321440164135,46.39472656678263,7.137650241043482
493362,Xavi,TOT,MID,6.0,0.0,i,Knee injury - Unknown return date,0.0,3.0,6.0,2.0,1747.0,19.0,80.0,4.12135088723526,0.1576416714367487,0.1983400114481969,0.3559816828849456,1.5820835718374355,7.0,17.77332570120206,0.2575844304522037,0.0,6.3,6.0,28.0,3.0,0.1071428571428571,7.676016027475672,0.3091013165426445,True,28.0,18.0,TOT,0.8616414206758667,19.41111111111111,0.15581427845264248,0.17617759004069877,17.83871132574668,0.24076027208997822,0.0,0.10308107216898438,,,,,0.45730476130209874,,0.7204626560389409,0.45730476130209874,41.459245065774226,0.0,0.0,0.0,0.0,0.0,0.0,0.0,0.0,0.0,0.0,0.0,0.0,0.0,0.0,0.0,0.0,0.0,0.0,0.0,0.0,0.0,0.0,0.0,0.0,0.0,0.0,0.0,0.0,0.0,0.0,0.0,0.0,0.0,0.0,0.0,0.0,0.0,0.0,0.0,0.0,0.0,0.0
511499,Tel,TOT,MID,6.0,0.6,a,,,,4.0,,1334.0,13.0,78.0,5.262368815592204,0.1666416791604198,0.1639430284857571,0.3305847076461769,1.1664917541229385,7.0,17.946026986506745,0.0674662668665667,0.0,6.2,6.0,31.0,0.0,0.0,7.488755622188905,0.0,True,31.0,12.0,TOT,0.8616414206758667,14.822222222222223,0.16129202772281842,0.14938175006348775,17.964021830874906,0.11390243001264674,0.0,0.013642066317445143,3.0,162.0,2.0,0.6666666666666666,0.4763534115787713,,0.9763534115787713,0.4763534115787713,48.15556610314416,1.0,2.598562709256561,2.420133333701033,2.6773216670718423,2.495864119321588,2.4780396499098396,2.5538493965554157,2.609047700523635,2.668875857084763,2.4644612306672773,2.59416657875697,2.609047700523635,2.630945357809598,2.530216514535824,2.241550481985092,2.7169495079376693,2.564050515229591,2.6072612989362214,2.4361038073153116,2.4619624284086976,2.5964678851822143,2.562273883048287,2.644553252586742,2.5352573750658944,2.7169495079376693,2.361687409416633,2.5823945157957517,2.4387297060141586,2.4855272276834426,2.520513729248048,2.695122394977228,2.505908365415814,2.722800538121227,2.609047700523635,2.339625994900389,2.4056755703314865,2.7169495079376693,2.4233436083851125,2.6391433332662495,15.22377087581628,96.86038136136823,16.14339689356137
172780,Maddison,TOT,MID,6.5,1.6,a,,,,,,34.0,0.0,3.0,6.0,0.42,0.12,0.54,1.3,0.0,10.0,0.0,0.0,6.8,6.0,3.0,0.0,0.0,13.23529411764706,0.0,True,3.0,0.0,TOT,0.8616414206758667,0.37777777777777777,0.16349313652873876,0.12229458173793616,17.636738515407238,0.19092253480898727,0.0,0.056084050416163364,,,,,0.25857333674619226,,0.33752070516724486,0.25857333674619226,21.905562371466154,1.0,1.1111397856279723,1.0332196294428282,1.1505359213075779,1.0639261610205406,1.055482962415808,1.0912236417617451,1.1142789989037314,1.1431619514322042,1.0490784167349267,1.1122422300374857,1.1142789989037314,1.1325325962176231,1.079487061895931,0.9505455291244299,1.1684552574024876,1.097716029383468,1.1076847665610283,1.0355841207047647,1.051274416646692,1.1144386270608917,1.0916057242052768,1.1341916156242462,1.083208015561682,1.1684552574024876,1.0009133558004784,1.1075665034295044,1.0361365082619156,1.0651956829343372,1.0744231057135774,1.1580170379513186,1.0677905841628175,1.1642084801378472,1.1142789989037314,0.9998927892858817,1.0204371105982697,1.1684552574024876,1.0295678778566242,1.1327501887184577,6.5055281015764725,41.393381196536794,6.368212491774892
202993,Bentancur,TOT,MID,5.5,0.2,a,,,,,,1880.0,23.0,86.0,4.117021276595745,0.0344680851063829,0.0402127659574468,0.0746808510638298,1.1321808510638296,4.0,17.52127659574468,0.3351063829787234,0.0,5.2,6.0,26.0,13.0,0.5,13.308510638297872,1.24468085106383,True,26.0,21.0,TOT,0.8616414206758667,20.88888888888889,0.06684377882410342,0.06297312101169378,17.653115707929636,0.2976752274022986,0.0,0.42202363917954594,,,,,0.4727549202449973,,0.6043338676134183,0.4727549202449973,39.769620621215054,1.0,2.1001607421109254,2.0312910068629657,2.159146985034406,2.047004629433613,2.0363571581725326,2.0806745245706573,2.0959804325190516,2.134823285460917,2.0284024291604688,2.115736119754077,2.0959804325190516,2.1541011520815765,2.063459734941799,1.9355761121122355,2.1779506019622,2.096256634817527,2.0620630737082237,2.0111099720096544,2.0462245702446342,2.1234333567428987,2.0650843257307425,2.134872842116928,2.0740900109385816,2.1779506019622,1.9699675454361454,2.113850638996193,2.008726817897103,2.076068560389354,2.054989787525109,2.1643462128970965,2.0478987954988757,2.14133573144621,2.0959804325190516,2.010679703882495,1.9887411562228292,2.1779506019622,2.003648142647471,2.138048775814874,12.4546350461851,79.03996363810289,14.37090247965507
550839,Odobert,TOT,MID,5.5,0.0,i,Knee injury - Unknown return date,0.0,,,,972.0,10.0,46.0,4.259259259259259,0.1777777777777777,0.112037037037037,0.2898148148148148,1.3185185185185184,6.0,16.296296296296294,0.0,0.0,5.3,6.0,24.0,0.0,0.0,7.129629629629629,0.0,True,24.0,8.0,TOT,0.8616414206758667,10.8,0.16654481379590363,0.11644805829220084,17.02015416112119,0.08508013667019881,0.0,0.016825215124849004,,,,,0.3082173986362421,,0.7292700302151894,0.3082173986362421,33.30411498836372,0.0,0.0,0.0,0.0,0.0,0.0,0.0,0.0,0.0,0.0,0.0,0.0,0.0,0.0,0.0,0.0,0.0,0.0,0.0,0.0,0.0,0.0,0.0,0.0,0.0,0.0,0.0,0.0,0.0,0.0,0.0,0.0,0.0,0.0,0.0,0.0,0.0,0.0,0.0,0.0,0.0,0.0
482442,P.M.Sarr,TOT,MID,5.0,0.4,a,,,,,,1388.0,13.0,71.0,4.6037463976945245,0.1056916426512968,0.0719740634005763,0.1776657060518732,1.7293227665706052,2.0,20.295389048991357,0.1945244956772334,0.0,4.5,6.0,26.0,4.0,0.1538461538461538,11.86599423631124,0.5187319884726225,True,26.0,13.0,TOT,0.8616414206758667,15.422222222222222,0.12129688090259438,0.08919834659886326,19.510484269742438,0.1963736201356624,0.0,0.1407736391795459,,,,,0.3521642511945522,,0.6942695143524469,0.3521642511945522,34.995127382648754,1.0,1.9171604514949425,1.8241527020062471,1.9684916433537842,1.8587685167975785,1.8481228535534044,1.8930523218133912,1.9196680135352793,1.9565164598544205,1.8400693565526762,1.9210785285385479,1.9196680135352793,1.9489389510036248,1.8778239335728366,1.7214350334761772,1.9904092077466617,1.9025561744629615,1.9067909549814857,1.8230059386707453,1.8455208929094324,1.9247260294460764,1.8906697369331844,1.9472310343643722,1.8835737656342266,1.9904092077466617,1.7797508533341384,1.9158979321298273,1.8231535505669225,1.8652636165427705,1.8710676136357274,1.9771695048892926,1.8629318425392203,1.9794836246630996,1.9196680135352793,1.785949100412783,1.8033254248315427,1.9904092077466617,1.815442610156312,1.946303567753532,11.309748489019347,71.8556561847211,14.371131236944219
232787,Gallagher,TOT,MID,5.5,0.3,a,,,,,,1183.0,14.0,44.0,3.3474218089602705,0.0935756551141166,0.0532544378698224,0.1468300929839391,1.4477599323753172,3.0,16.052409129332208,0.1521555367709214,0.0,5.0,6.0,16.0,2.0,0.125,9.433643279797126,0.3043110735418428,True,16.0,13.0,TOT,0.8616414206758667,13.144444444444444,0.11544604568716182,0.0794167706938538,16.788282102268553,0.17023415199473274,0.0,0.11385256607933955,3.0,153.0,2.0,0.6666666666666666,0.469079999016886,,0.5480273674379387,0.469079999016886,38.32508202858027,1.0,1.798167630029972,1.7005103053935562,1.8618920863221173,1.7322100545394974,1.719737033025574,1.772088442357394,1.797972318597028,1.8420773040248812,1.7103480415906334,1.8082191042430975,1.797972318597028,1.845780782997771,1.7533166893346441,1.5834496585867044,1.886111310780617,1.7860704169327235,1.7730290355395733,1.6902496980099762,1.7225302412634176,1.8143896209978747,1.7631096258731944,1.8355719582656158,1.7623394073627914,1.886111310780617,1.6405629251195228,1.8036933369606842,1.6892370342579204,1.7503924845666208,1.744598372977792,1.8704291822470094,1.7355561744380728,1.8612763875703493,1.797972318597028,1.6639935480507102,1.6659331304149618,1.886111310780617,1.68143625435482,1.8364077057395438,10.58460555166811,67.27085456152194,12.231064465731263
570526,Bergvall,TOT,MID,5.5,0.2,a,,,,,,955.0,11.0,49.0,4.617801047120419,0.1159162303664921,0.040523560209424,0.1564397905759162,1.2873298429319373,0.0,15.361256544502618,0.1884816753926701,0.0,5.2,6.0,23.0,1.0,0.0434782608695652,7.445026178010472,0.1884816753926701,True,23.0,9.0,TOT,0.8616414206758667,10.61111111111111,0.13116049250308595,0.07571947142113658,16.494388561562424,0.19340632313192618,0.0,0.05188815357743,1.0,87.0,1.0,1.0,0.46200118786449396,,0.8304222404960728,0.46200118786449396,44.14135581132526,1.0,2.127542927016905,2.0087154070074034,2.1943187818084975,2.0523760024588986,2.038617557729955,2.096649063502886,2.130402786829128,2.1781389114169194,2.0282149290268383,2.133270512865455,2.130402786829128,2.16987528298911,2.076854927551024,1.8763630074548088,2.2224674634575834,2.109277909421309,2.1125623295478437,2.0061493053382287,2.035964965343174,2.1382151441349024,2.092817638155399,2.1666701709304195,2.084563899553748,2.2224674634575834,1.9503672137064076,2.1267628281883737,2.006195945577347,2.0620555368322573,2.068025537392429,2.205335842985335,2.0575704556044685,2.206884303868933,2.130402786829128,1.960343393254143,1.9805613151606671,2.2224674634575834,1.996380320709413,2.1657052191972967,12.518219739524547,79.57195733659094,14.467628606652898
445044,Kulusevski,TOT,MID,6.5,0.0,i,Knee injury - Unknown return date,0.0,,,,0.0,0.0,0.0,0.0,0.0,0.0,0.0,0.0,0.0,0.0,0.0,0.0,6.4,6.0,,,,,,False,,,TOT,0.8616414206758667,0.0,0.18214860604795427,0.1440295009567632,18.905832388363066,0.17619734718625288,0.0,0.09407498288757496,,,,,0.22223736735502855,,0.22223736735502855,0.22223736735502855,17.334514653692228,0.0,0.0,0.0,0.0,0.0,0.0,0.0,0.0,0.0,0.0,0.0,0.0,0.0,0.0,0.0,0.0,0.0,0.0,0.0,0.0,0.0,0.0,0.0,0.0,0.0,0.0,0.0,0.0,0.0,0.0,0.0,0.0,0.0,0.0,0.0,0.0,0.0,0.0,0.0,0.0,0.0,0.0
547701,Gray,TOT,MID,5.0,0.2,a,,,,,,1471.0,18.0,61.0,3.732154996600952,0.0917743031951053,0.0789259007477906,0.1707002039428959,1.5173351461590754,6.0,14.500339904826648,0.3059143439836845,0.0,4.8,6.0,24.0,0.0,0.0,8.076138681169272,0.0,True,24.0,15.0,TOT,0.8616414206758667,16.344444444444445,0.11136185529104012,0.09321319700155355,15.649521150441377,0.2710888138959271,0.0,0.016825215124849004,3.0,197.0,3.0,1.0,0.5812203726179405,,0.8180624778810983,0.5812203726179405,50.54571537998883,1.0,2.194683337895392,2.063857521832719,2.2753827626813212,2.108531227028528,2.09243713371299,2.1601104049093225,2.195765275506731,2.2522779544223583,2.0803024307807694,2.205328016306214,2.195765275506731,2.2517001604342717,2.1362846435771976,1.9114125766073637,2.3072549313578072,2.176939560184562,2.167776605606381,2.0544143933112164,2.093554197196517,2.2124823322954814,2.151159044903814,2.2420218926137148,2.1469535803347055,2.3072549313578072,1.989880112843912,2.198830991794461,2.0536124955068997,2.127491210289824,2.125376838889647,2.287092374249702,2.113500926730286,2.280333364842874,2.195765275506731,2.0132295023815163,2.0235739294801043,2.3072549313578072,2.0430217986548627,2.2422818320276976,12.895002388060274,81.98489577492023,16.396979154984045
499721,Moore,TOT,MID,5.0,0.2,a,,,,,,0.0,0.0,0.0,0.0,0.0,0.0,0.0,0.0,0.0,0.0,0.0,0.0,5.0,6.0,,,,,,False,,,TOT,0.8616414206758667,0.0,0.12874827856853127,0.11056911278528116,17.390485450822368,0.20778653317403828,0.0,0.0906479839263559,3.0,189.0,3.0,1.0,0.5846844629751419,,0.5846844629751419,0.5846844629751419,45.605388112061064,1.0,2.1515696546666803,2.0145615768130587,2.233707511070433,2.062469369597125,2.045927761579745,2.115548051763003,2.1533862601888307,2.2112608959899256,2.033445090458933,2.1612823441401865,2.1533862601888307,2.2078378018233695,2.0912687742326477,1.8571381753543266,2.2667943550290315,2.132205012704484,2.1268356080696753,2.0068610294630544,2.0457622449177726,2.168209037050236,2.107739111674424,2.19973608625592,2.101720342079495,2.2667943550290315,1.9403089659790804,2.154257443458925,2.0063034419344516,2.0795791437529583,2.080238067949075,2.2461093361690616,2.067921723901523,2.24183026405982,2.1533862601888307,1.9606718307153332,1.9754458601467546,2.2667943550290315,1.995140822842372,2.199570961403175,12.623783925490045,80.28300518767058,16.056601037534115
499726,Olusesi,TOT,MID,4.5,0.8,a,,,,,,14.0,0.0,1.0,2.0,0.0,0.02,0.02,1.5,0.0,6.0,0.0,0.0,4.3,6.0,1.0,0.0,0.0,12.857142857142858,0.0,True,1.0,0.0,TOT,0.8616414206758667,0.15555555555555556,0.14849294951317307,0.12044974745286631,17.768529755609073,0.19612478371386433,0.0,0.07210806482078147,,,,,0.1822158400314361,,0.2085316295051203,0.1822158400314361,14.791782890873069,1.0,0.7318556058621147,0.6823489856568398,0.7586603150458189,0.7010194374542658,0.6954211957886978,0.7190635904920674,0.7333394536845985,0.7526678640890224,0.6911836249675234,0.7336280997162267,0.7333394536845985,0.748019740702806,0.7111044266780014,0.6281593875895493,0.7702631219796413,0.7239113001840812,0.7270874081399762,0.6822160600848199,0.6937449085399834,0.7354462039979864,0.7181368645796518,0.7475543273827899,0.7140075762988453,0.7702631219796413,0.6594171188844256,0.730822368251651,0.6823561929781531,0.7038776182510146,0.7075937730652938,0.7633097029261338,0.7032895707944209,0.765152133821896,0.7333394536845985,0.6618241602198407,0.6719329717657742,0.7702631219796413,0.6782361890746661,0.7469652459547647,4.288369130299804,27.28082169623183,6.062404821384851
551226,Fernandes,TOT,MID,6.0,2.3,a,,,,,,3017.0,35.0,135.0,4.027179317202519,0.0593636062313556,0.0882996353994033,0.147663241630759,1.4408352668213456,7.0,19.65860125952933,0.2088167053364269,0.0,5.5,21.0,36.0,15.0,0.4166666666666667,11.007623467020217,0.8949287371561152,True,36.0,34.0,WHU,1.0099370333055604,33.522222222222226,0.07709227319846639,0.09487024742585058,19.33853380803239,0.20710612556756125,0.0,0.36916086794632075,2.0,73.0,1.0,0.5,0.6337995528160808,,0.6864311317634493,0.6337995528160808,50.594259856496414,1.0,2.6425214644108697,2.5473403716041636,2.7221066828028087,2.569972913013347,2.5555128384327905,2.61574154247178,2.637301389890401,2.689917056522806,2.5447028686689985,2.6628773518709274,2.637301389890401,2.7142623782411577,2.5924981321740783,2.41687248746194,2.7478564958745717,2.6364879309084404,2.5926768644982015,2.52123385395049,2.568061299425303,2.6730540524206288,2.5954714987618774,2.689346262704366,2.6066013731496205,2.7478564958745717,2.4652144250500174,2.660091465098747,2.5181703134483286,2.6079015751677255,2.5811123376596536,2.729405472705915,2.5714107334123932,2.6998862966245625,2.637301389890401,2.5181458896555706,2.491038803558392,2.7478564958745717,2.511093098375362,2.6933789693031316,15.653195812735758,99.3595822608493,16.559930376808214
154566,Solanke,TOT,FWD,6.0,1.7,a,,,1.0,,,997.0,11.0,40.0,3.6108324974924777,0.2681043129388165,0.030692076228686,0.2987963891675025,1.6068204613841526,4.0,16.880641925777333,0.0902708124373119,0.0,7.1,6.0,15.0,0.0,0.0,6.409227683049148,0.0,True,15.0,10.0,TOT,0.8616414206758667,11.077777777777778,0.32600967887340215,0.04223558973050136,17.98692465922644,0.1337173776325404,0.0,0.0003426535087719297,1.0,45.0,1.0,1.0,0.4563537819565434,,0.5879327293249644,0.4563537819565434,38.49033183471565,1.0,1.9122614796925193,1.7600655102949418,1.9392343042081315,1.8436728952290413,1.833768083341716,1.8772555355894427,1.9327763036776584,1.9616557267642667,1.826002830517665,1.8842189708454173,1.9327763036776584,1.8815971955231376,1.8684798108018288,1.6454120760161297,1.9681017983566444,1.8695789774458083,1.9779863337675898,1.8107416399964082,1.797448694779253,1.8766053353095173,1.910941829134501,1.9276355701823669,1.8605649384628635,1.9681017983566444,1.7647336391602675,1.870438919751516,1.8177587952458882,1.7883668650628766,1.8668489580892633,1.9567687375635374,1.8564354398512293,2.0277664132908675,1.9327763036776584,1.6766792363337675,1.7997296436987176,1.9681017983566444,1.8034252457171,1.9156173521050375,11.166257808355793,71.11233128987551,11.852055214979252
212319,Richarlison,TOT,FWD,6.0,2.6,a,,,4.0,,,1954.0,20.0,119.0,5.481064483111566,0.3979529170931423,0.0672466734902763,0.4651995905834187,1.180962128966223,17.0,23.25997952917093,0.2302968270214943,0.0,6.5,6.0,32.0,0.0,0.0,6.770726714431934,0.0,True,32.0,19.0,TOT,0.8616414206758667,21.711111111111112,0.400171510331201,0.06481619579927853,22.252636364955794,0.2204909264753447,0.0,0.00018936114958448752,3.0,154.0,2.0,0.6666666666666666,0.5157244326799582,,0.8578296958378528,0.5157244326799582,47.75282153851042,1.0,2.8038937641274226,2.566982792358081,2.8458801458473277,2.697127545141174,2.6817095375637927,2.7494028845858054,2.8358275065598533,2.8807817337622406,2.669622005943459,2.7602422926192487,2.8358275065598533,2.7561611901970187,2.7357424342096013,2.38851120313531,2.8908158042510306,2.737453416693515,2.906202249102131,2.6458661634526295,2.6251741268531172,2.748390771185092,2.8018395724340848,2.827825348731381,2.7234220021726903,2.8908158042510306,2.574249285355276,2.738792018288007,2.6567891929900798,2.6110371880625114,2.733203819668914,2.8731745588472033,2.716993950675172,2.983690812441198,2.8358275065598533,2.437182224875504,2.6287246927925803,2.8908158042510306,2.634477333082026,2.809117575227878,16.344996669623605,104.1295937648541,17.35493229414235
490145,Scarlett,TOT,FWD,4.5,1.6,a,,,,,,7.0,0.0,2.0,4.0,0.0,0.02,0.02,0.06,0.0,10.0,0.0,0.0,4.3,6.0,2.0,0.0,0.0,12.857142857142858,0.0,True,2.0,0.0,TOT,0.8616414206758667,0.07777777777777778,0.40228145615630184,0.057852142458419395,19.427165942079498,0.1920120184251333,0.0,0.0008994654605263155,2.0,107.0,2.0,1.0,0.45553973145189147,,0.5081713103992599,0.45553973145189147,36.68999379008964,1.0,1.9658529170404369,1.7850894381656397,1.9978885984965258,1.8843901083485168,1.8726261420526928,1.9242762822424493,1.9902184174327022,2.0245185700957165,1.8634033346395016,1.93254676921245,1.9902184174327022,1.9294328810460342,1.9138533351135867,1.6489153086718342,2.0321745831342115,1.9151588176911825,2.043914467015605,1.8452775859661774,1.8294895264567426,1.9235040379771777,1.9642855652458353,1.984112757248301,1.9044528242820296,2.0321745831342115,1.7906337848186566,1.916180173009767,1.8536118762875393,1.818703017848277,1.9119163678533981,2.0187142825535167,1.89954820993513,2.1030383741000653,1.9902184174327022,1.6860513819589507,1.8321986143744458,2.0321745831342115,1.836587888808084,1.9698386938934496,11.430123486346261,72.85719093415047,16.190486874255658
498016,Roefs,SUN,GKP,5.0,4.8,a,,,,,,3150.0,35.0,136.0,3.8857142857142857,0.0,0.0028571428571428,0.0028571428571428,1.43,12.0,16.37142857142857,0.1142857142857142,3.1142857142857143,4.8,56.0,,,,,,True,35.0,35.0,SUN,0.8144321706286477,35.0,3.577053203698245e-05,0.0026344684006304694,15.938140314111049,0.10563493891290077,3.0281809559762634,0.0,,,,,0.8380086074195433,1.0,0.8380086074195433,0.8380086074195433,65.36467137872438,1.0,3.3349819168860577,3.0704098830704574,3.0316667996363797,2.7910150384041232,2.980866722710547,2.8747620410286965,3.1455059601102455,2.9784689967537448,3.3349819168860577,2.7609546267865044,3.2215531753481983,3.0477797549719536,3.0919068740654136,3.020913761678644,3.020037992593493,2.948238692801266,3.2817632820334044,3.0015319383853702,3.1238631224197047,2.8430572272413395,3.112121022843806,3.1238631224197047,3.3845358232941214,2.9804113708692634,3.3349819168860577,3.024736374374946,3.1797507928942785,2.845026311823018,2.999707889350338,3.0271554549949578,3.1238631224197047,3.2218651618568996,3.289647771106246,3.1256630823490736,3.1823704438511635,2.7996916329770443,3.1647150731577414,2.7269143827917155,18.08370240173626,116.55128047407169,23.31025609481434
232571,Patterson,SUN,GKP,4.0,0.4,u,Has joined Wrexham permanently,0.0,,,,0.0,0.0,0.0,0.0,0.0,0.0,0.0,0.0,0.0,0.0,0.0,0.0,4.2,56.0,,,,,,False,,,SUN,0.8144321706286477,0.0,0.00013212214651043744,0.0011313976123006986,12.866935659988142,0.06734305438832919,2.9028711226076327,0.0,,,,,0.00903258452315725,3.0,0.00903258452315725,0.00903258452315725,0.7045415928062655,0.0,0.0,0.0,0.0,0.0,0.0,0.0,0.0,0.0,0.0,0.0,0.0,0.0,0.0,0.0,0.0,0.0,0.0,0.0,0.0,0.0,0.0,0.0,0.0,0.0,0.0,0.0,0.0,0.0,0.0,0.0,0.0,0.0,0.0,0.0,0.0,0.0,0.0,0.0,0.0,0.0,0.0
515046,Ellborg,SUN,GKP,4.5,0.1,a,,,,,,270.0,3.0,16.0,5.333333333333333,0.0,0.0066666666666666,0.0066666666666666,1.3666666666666665,3.0,20.666666666666668,0.0,3.333333333333333,4.0,56.0,,,,,,True,3.0,3.0,SUN,0.8144321706286477,3.0,0.00013983026159911322,0.0030256492024647256,15.849093955161381,0.049300215750430545,2.8374346460890303,0.0,1.0,68.0,1.0,1.0,0.05607660869736351,2.0,0.05607660869736351,0.05607660869736351,4.373975478394353,1.0,0.22310530345542784,0.20525741046427184,0.2017696700729994,0.18551626453223044,0.1981070549099132,0.1915143060641432,0.2098271195310504,0.19883859878636245,0.22310530345542784,0.18336796468551805,0.21518472411188286,0.20366859341939528,0.20605100909755564,0.2010144612773084,0.20174214172387483,0.1967029838921806,0.21939760243434223,0.19960527257932578,0.20898598371377206,0.18926265695172165,0.20749397605781447,0.20898598371377206,0.226550365777172,0.19896302953659314,0.22310530345542784,0.2020669122797474,0.21225492055593126,0.18940084403079493,0.20031839273428104,0.20141778696534704,0.20898598371377206,0.21520117242768813,0.21994488559231207,0.2090834760784422,0.21243111883493557,0.18618438743940766,0.21119219850387136,0.18088584764958793,1.205270009498986,7.776491010505602,1.7281091134456892
223827,Ballard,SUN,DEF,5.0,4.7,a,,,,,,2144.0,24.0,116.0,4.869402985074626,0.1032649253731343,0.026445895522388,0.1297108208955223,1.3936567164179106,9.0,14.272388059701491,0.167910447761194,0.0,4.6,56.0,29.0,16.0,0.5517241379310345,11.585820895522389,1.343283582089552,True,29.0,22.0,SUN,0.8144321706286477,23.822222222222223,0.09119303860825988,0.03344574122160907,14.265777546691766,0.17335295357986985,0.0,0.5005777236391918,1.0,45.0,1.0,1.0,0.6518009958547155,,0.836011522170505,0.6518009958547155,54.89310925561518,1.0,3.4429012080448125,3.1867799583103196,2.9735695818936887,2.623405020556174,2.817147901989899,2.8707763978620533,3.0762605105690977,3.0903352513780797,3.4429012080448125,2.671675687317881,3.2605298852999143,3.109374155353863,3.0444483479593516,3.0245721436732658,3.1183541123655063,2.9907026199194227,3.366607782437327,2.901379150927261,3.298923390461006,2.8252069106194426,3.1305102653828287,3.298923390461006,3.518955289633575,3.0415853364478047,3.4429012080448125,3.109263441676797,3.2092214548338913,2.818857777351015,3.083548018542951,2.825190294389419,3.298923390461006,3.2375287741692476,3.3664939253422244,3.1857854219750656,3.178613812730729,2.8591613071001913,3.1616456127063666,2.5830406236519314,17.914580068656946,117.48600056988407,23.497200113976813
200834,Mukiele,SUN,DEF,5.5,2.6,d,Knock - 75% chance of playing,75.0,,,,2784.0,32.0,151.0,4.881465517241379,0.0523706896551724,0.0856681034482758,0.1380387931034482,1.4453663793103448,11.0,15.808189655172413,0.1616379310344827,0.0,4.6,56.0,32.0,15.0,0.46875,9.73060344827586,0.9698275862068966,True,32.0,31.0,SUN,0.8144321706286477,30.933333333333334,0.05296143338300694,0.07922049168341562,15.487210871496924,0.16737524516345526,0.0,0.43474264019399245,1.0,45.0,1.0,1.0,0.7651635320989455,,0.7914793215726297,0.7651635320989455,60.261702872138805,0.75,2.6453074499714537,2.4270784430302377,2.2454709957566172,1.9657656005471464,2.12177563527389,2.160959065803297,2.3458041941583962,2.339373733209686,2.6453074499714537,1.9913044915025477,2.4926640538820837,2.367861824675768,2.3105813416889096,2.278431189550485,2.3682098233429,2.2625297381483414,2.580388085362222,2.1866747310203527,2.5170367794973014,2.121082059295851,2.375976678253739,2.5170367794973014,2.709039590834893,2.3055404773801,2.6453074499714537,2.362836605500323,2.4471752107652582,2.117118870019716,2.3393045265489474,2.140077764878504,2.5170367794973014,2.476565880448015,2.5819983196742236,2.4378507549807336,2.426262483914292,2.133648776790257,2.4102814339605847,1.9190418768771225,13.566357190382641,89.2357069454817,16.22467399008758
487676,Hume,SUN,DEF,4.5,6.1,a,,,,3.0,,3032.0,34.0,110.0,3.2651715039577835,0.0673812664907651,0.0608509234828495,0.1282321899736147,1.4031332453825858,6.0,11.368733509234827,0.2671503957783641,0.0,4.5,56.0,38.0,4.0,0.1052631578947368,6.827176781002638,0.2374670184696569,True,38.0,32.0,SUN,0.8144321706286477,33.68888888888889,0.06505246870310664,0.059591845111590665,11.92089202924446,0.2522608899394315,0.0,0.1254595528948116,1.0,45.0,1.0,1.0,0.7501450109738333,,0.9080397478159385,0.7501450109738333,61.98499506648532,1.0,2.9673538366818004,2.677218440321831,2.4354532175860157,2.056051125616939,2.2672563365410654,2.3217642258793108,2.564418742489745,2.5624919530657078,2.9673538366818004,2.095458663646315,2.7634467824110285,2.595994518616555,2.520469826463874,2.483076286884965,2.599093824928791,2.4572993283685385,2.8810463077164745,2.3561613126350407,2.7989049593356756,2.2689707273616473,2.61036345676034,2.7989049593356756,3.0524245784865607,2.5146915913062156,2.9673538366818004,2.5910881267317745,2.7035971112949535,2.2631829105824304,2.5603517153381516,2.2876101766143893,2.7989049593356756,2.7407608536430064,2.8825574542534755,2.687315587525984,2.673901321026041,2.291390713340794,2.6531973645387663,1.9978446854390153,14.72509718262696,97.71472565546817,21.71438347899293
201895,Alderete,SUN,DEF,5.0,0.4,d,Knock - 75% chance of playing,75.0,,,,2797.0,32.0,125.0,4.022166607079013,0.052127279227744,0.0292813728995352,0.0814086521272792,1.4325348587772613,5.0,12.87093314265284,0.1930639971397926,0.0,4.1,56.0,33.0,13.0,0.3939393939393939,10.811583839828389,0.8366106542724348,True,33.0,31.0,SUN,0.8144321706286477,31.07777777777778,0.05276567033666657,0.03440108127912666,13.152455755963949,0.19234656214181042,0.0,0.37231334172747976,,,,,0.6825638011432403,,0.7351953800906088,0.6825638011432403,54.39787122601486,0.75,2.192495284511943,2.0002486821170264,1.8397584458308596,1.6099974942259143,1.7395820953430239,1.767881617860396,1.9410312700870072,1.917378531291934,2.192495284511943,1.6169878987506854,2.060744799631138,1.954521092915221,1.9020044182096665,1.8586009334853981,1.9477180772498017,1.8572852104376292,2.1354542022186704,1.790334074459835,2.074179036387532,1.7314353862537604,1.952053801998014,2.074179036387532,2.247507980289958,1.8950018326025815,2.192495284511943,1.9452837442783015,2.0189253070294066,1.7293588945374943,1.9229074259033803,1.767144039694656,2.074179036387532,2.0499327549554547,2.1385094151492137,2.0209933932578505,2.005480595259528,1.7262059008435169,1.9899060453003057,1.5558111287810559,11.149963619889164,73.43600945294712,14.687201890589424
434399,Reinildo,SUN,DEF,4.5,0.5,a,,,,,,1966.0,23.0,74.0,3.387589013224822,0.0059511698880976,0.0283825025432349,0.0343336724313326,1.2231943031536112,6.0,12.863682604272634,0.3204476093591047,0.0,3.8,56.0,25.0,7.0,0.28,8.377416073245168,0.6408952187182095,True,25.0,21.0,SUN,0.8144321706286477,21.844444444444445,0.019164878099052957,0.0353271045639197,13.234246795876851,0.28536219622216946,0.0,0.27484581701199073,1.0,45.0,1.0,1.0,0.6214342979878379,,0.7266974558825747,0.6214342979878379,50.78766471673557,1.0,2.4487889156759275,2.219358425933513,2.0268300423569396,1.7832380163764787,1.9234767046220034,1.9457628310975688,2.171563169429715,2.1100644984715196,2.4487889156759275,1.762864979035331,2.296589129675836,2.1766800759116673,2.1101871027191814,2.030468944301833,2.155413458629396,2.052379827979316,2.3809977407648018,1.972201875233194,2.297768729056056,1.8997988795873555,2.1559544244848645,2.297768729056056,2.5123395957838572,2.097089103031194,2.4487889156759275,2.1567589493615027,2.2434486070087476,1.8999379615627925,2.127003204243569,1.9775561643726332,2.297768729056056,2.289912844547229,2.387667822774229,2.2649230926336146,2.23660383394062,1.863373102899156,2.2152484574567777,1.6943691770228297,12.34745493606243,81.37973497744525,18.084385550543388
519634,Seelt,SUN,DEF,4.5,0.0,a,,,,,,133.0,1.0,2.0,1.3533834586466165,0.0,0.006766917293233,0.006766917293233,0.9,0.0,7.443609022556391,0.0,0.0,4.0,56.0,2.0,1.0,0.5,12.180451127819548,1.3533834586466165,True,2.0,1.0,SUN,0.8144321706286477,1.4777777777777779,0.046631726347076616,0.04687995645801699,13.185447706594633,0.16000335176172018,0.0,0.315027540921464,1.0,45.0,1.0,1.0,0.4562411396200169,,0.48255692909370107,0.4562411396200169,36.16575625878237,1.0,1.8971279723285839,1.7260586270828233,1.5832765855417381,1.3790192584974952,1.4942226666638843,1.5193580543907508,1.673453691574025,1.6522941908476756,1.8971279723285839,1.3851592077517096,1.7799055244347926,1.6854164240838443,1.6386801278650436,1.599976647747181,1.6793172069208888,1.598882715056386,1.846367592706246,1.5393273912505756,1.7918035953928286,1.4869351643657396,1.683158345517589,1.7918035953928286,1.9460785601599913,1.632434189168018,1.8971279723285839,1.6771663768876386,1.7426828081159818,1.4850961060987655,1.6572483044167157,1.518804987044166,1.7918035953928286,1.7703082749422985,1.8490982024591076,1.744593597960147,1.730754004335549,1.482198475920977,1.7168862698754874,1.3307770954530573,9.599063164505274,63.30173137830053,14.067051417400117
477547,Hjelde,SUN,DEF,4.0,0.2,u,Has joined KV Mechelen on loan for the rest of the season,0.0,,,,0.0,0.0,0.0,0.0,0.0,0.0,0.0,0.0,0.0,0.0,0.0,0.0,4.0,56.0,,,,,,False,,,SUN,0.8144321706286477,0.0,0.04603779782868016,0.05289571900960875,12.920162047390122,0.20127875497479975,0.0,0.1841646621825304,1.0,45.0,1.0,1.0,0.4417693277176456,,0.4417693277176456,0.4417693277176456,34.45800756197636,0.0,0.0,0.0,0.0,0.0,0.0,0.0,0.0,0.0,0.0,0.0,0.0,0.0,0.0,0.0,0.0,0.0,0.0,0.0,0.0,0.0,0.0,0.0,0.0,0.0,0.0,0.0,0.0,0.0,0.0,0.0,0.0,0.0,0.0,0.0,0.0,0.0,0.0,0.0,0.0,0.0,0.0
167512,O'Nien,SUN,DEF,4.0,3.2,a,,,,,,565.0,5.0,26.0,4.141592920353983,0.0238938053097345,0.0207079646017699,0.0446017699115044,1.471858407079646,1.0,14.336283185840708,0.1592920353982301,0.0,4.0,56.0,12.0,1.0,0.0833333333333333,6.849557522123894,0.3185840707964602,True,12.0,6.0,SUN,0.8144321706286477,6.277777777777778,0.0414605934428454,0.03952420455929066,14.285748555428189,0.1762512521811263,0.0,0.14001224040953955,1.0,45.0,1.0,1.0,0.4576599825571192,,0.6155547193992245,0.4576599825571192,39.17116284998161,1.0,1.90006452861578,1.7254977148246065,1.5792229306575956,1.373476561423229,1.489980113272872,1.5142639898629318,1.6745888808992149,1.648724489694568,1.90006452861578,1.3758285557850116,1.7811213660170804,1.6854413947108822,1.637146737942747,1.593888044801686,1.6775461183634715,1.595819580033595,1.8483535723652853,1.5347142671835563,1.7914401454976505,1.4806297368321117,1.6808892388390948,1.7914401454976505,1.9496772475315793,1.6301469884093351,1.90006452861578,1.6758833980316354,1.742709054987409,1.479091039043849,1.6551163176870398,1.5179911275635511,1.7914401454976505,1.7720895875575549,1.8515043629549304,1.7470119256230126,1.731665133573316,1.471665138541753,1.7171513083859904,1.3203599414669465,9.582505838657013,63.23370988720774,15.808427471801934
105717,Masuaku,SUN,DEF,4.0,0.7,u,Has joined Konyaspor permanently,0.0,,,,125.0,2.0,1.0,0.72,0.0504,0.0576,0.108,1.5048,0.0,2.88,0.72,0.0,3.9,56.0,3.0,0.0,0.0,9.36,0.0,True,3.0,0.0,SUN,0.8144321706286477,1.3888888888888888,0.0545288314485874,0.054779411667087,12.564718217426298,0.26802705213342876,0.0,0.16891336970796805,,,,,0.24826890282758154,,0.32721627124863417,0.24826890282758154,21.101816525814517,0.0,0.0,0.0,0.0,0.0,0.0,0.0,0.0,0.0,0.0,0.0,0.0,0.0,0.0,0.0,0.0,0.0,0.0,0.0,0.0,0.0,0.0,0.0,0.0,0.0,0.0,0.0,0.0,0.0,0.0,0.0,0.0,0.0,0.0,0.0,0.0,0.0,0.0,0.0,0.0,0.0,0.0
93605,Meunier,SUN,DEF,4.5,0.3,d,Knock - 75% chance of playing,75.0,,,,,,,,,,,,,,,,,,,,,,,False,,,,1.0099370333055604,0.0,0.052258507648176945,0.05509413869661508,13.898292529908215,0.1938678353755275,0.0,0.22937728466051902,,,,,0.22766216396102865,,0.22766216396102865,0.22766216396102865,17.757648788960235,0.75,0.6598455147777128,0.5963943346889039,0.5434284487880677,0.4694279833195533,0.5113073736320326,0.5200068042181112,0.5781189215132658,0.5684977659694679,0.6598455147777128,0.47019872959190034,0.6166317904649125,0.5819650444355273,0.5644383506769762,0.5486137387969011,0.5790004269890072,0.5494558187903629,0.6410277911362412,0.5273823159117148,0.62024460822907,0.5078734208088924,0.5801763276062485,0.62024460822907,0.6778968491932442,0.5618708471176895,0.6598455147777128,0.5784305980069124,0.6026547084662431,0.507330562827401,0.5708854003077622,0.5215327466754833,0.62024460822907,0.6134078446895116,0.6422042264702923,0.6043853375173585,0.5987259422694259,0.5045346374081392,0.5934354891483411,0.45032610393508804,3.3004104594243815,21.82183705039132,4.849297122309182
484420,E.Le Fée,SUN,MID,6.0,11.7,a,,,2.0,1.0,2.0,2930.0,33.0,147.0,4.515358361774744,0.1603412969283276,0.1827645051194539,0.3431058020477815,1.4283276450511944,16.0,19.07508532423208,0.1535836177474402,0.0,4.8,56.0,36.0,8.0,0.2222222222222222,9.79863481228669,0.4914675767918088,True,36.0,33.0,SUN,0.8144321706286477,32.55555555555556,0.15857365066922435,0.17085756565216542,18.862493380990973,0.16272755924547294,0.0,0.20249420127965403,1.0,45.0,1.0,1.0,0.736156819632908,,0.8151041880539607,0.736156819632908,59.157074036629986,1.0,3.4323710042966815,3.3403091493844674,3.271776994434618,2.9345410130903384,3.103161095834037,3.202661053455628,3.140690220108683,3.378908409139911,3.4323710042966815,3.153695561274754,3.3314694181255393,3.229414230156928,3.2331207259432957,3.422083753991297,3.3247372293287847,3.245275006716309,3.4028385678302073,3.215858548213608,3.4491446540376187,3.2041623135868673,3.3615303203155507,3.4491446540376187,3.474614938427004,3.2653594705798015,3.4323710042966815,3.2917161355934854,3.33571305217721,3.183534384428476,3.3039827658360594,2.9570618264270947,3.4491446540376187,3.279659278669794,3.3816666093813255,3.194315387453987,3.2603688027649675,3.428540437770607,3.2736882664236693,3.091600800250061,19.28482031049577,124.86260274211729,20.81043379035288
547027,Diarra,SUN,MID,5.5,0.1,a,,,1.0,,,1403.0,15.0,65.0,4.169636493228795,0.2097647897362794,0.0545260156806842,0.2642908054169636,1.3804704205274412,3.0,13.406985032074129,0.3848895224518888,0.0,5.3,56.0,20.0,0.0,0.0,5.067712045616536,0.0,True,20.0,15.0,SUN,0.8144321706286477,15.588888888888889,0.18996411914397976,0.07754597957155149,14.963778069061263,0.32216466850964504,0.0,0.01941370975944116,,,,,0.38897510558792203,,0.520554052956343,0.38897510558792203,33.23479507796318,1.0,1.5814475781850788,1.5336613300510054,1.4980437720023079,1.3257024481847919,1.4119345992451484,1.4625977660781482,1.432000598948317,1.5528301136048202,1.5814475781850788,1.4370431616594501,1.529497172065188,1.4771179853431826,1.4787280815361434,1.5744606524084142,1.5254804502082537,1.4846735652684482,1.566137706730235,1.469407393903627,1.5893112785631147,1.4631883178300613,1.5441839366356958,1.5893112785631147,1.6032028183654088,1.4950616163479735,1.5814475781850788,1.5087020099332997,1.5314269751300884,1.4527028351121487,1.5148148767943166,1.3378777766354841,1.5893112785631147,1.5031357247765278,1.555406632669965,1.4596518319587417,1.4931032307770682,1.5771183848711685,1.4997827691764025,1.405244020591108,8.813387493746479,57.216197125087525,10.402944931834096
84450,Xhaka,SUN,MID,5.5,4.7,a,,,,2.0,1.0,2901.0,32.0,124.0,3.8469493278179936,0.0313340227507755,0.1157187176835573,0.147052740434333,1.417166494312306,8.0,18.70734229576008,0.2481902792140641,0.0,5.1,56.0,34.0,13.0,0.3823529411764705,11.2306101344364,0.8066184074457083,True,34.0,32.0,SUN,0.8144321706286477,32.233333333333334,0.05520403892368647,0.11704780851433405,18.56616979856864,0.23859585508035802,0.0,0.33761891134363664,,,,,0.6293680197172834,,0.6819995986646519,0.6293680197172834,50.24860027479021,1.0,2.6233335968584246,2.564280901018179,2.5192950647771384,2.3649811356852455,2.4435231700048026,2.484806433497563,2.4810174916566003,2.5691832248432322,2.6233335968584246,2.450230771802435,2.568329546157162,2.516480272998553,2.5116686870022593,2.579001537537656,2.552047038550465,2.511140183916404,2.6048353457472677,2.4923383365390674,2.614782685215731,2.4814465809686603,2.566608617611297,2.614782685215731,2.6464864279815608,2.5231727826734214,2.6233335968584246,2.5391519490047347,2.5647993639684667,2.4732956743002883,2.5411940211011332,2.390549464882853,2.614782685215731,2.5472712377415108,2.597178407042906,2.5112044156404707,2.534451893759702,2.5672513489580915,2.537631604893994,2.4203009133930315,15.000220301841352,96.36950269187862,17.52172776215975
577669,Sadiki,SUN,MID,5.0,0.4,a,,,,,,2891.0,33.0,80.0,2.4904877205119336,0.0445174680041508,0.0454514008993427,0.0899688689034935,1.2885160843998618,0.0,12.76374956762366,0.2801798685575925,0.0,4.9,56.0,33.0,4.0,0.1212121212121212,7.720511933586994,0.2490487720511933,True,33.0,33.0,SUN,0.8144321706286477,32.12222222222222,0.06582493075122375,0.06079482543074041,13.807283533818072,0.26418044620492287,0.0,0.11550657573706334,,,,,0.6210561588668881,,0.6210561588668881,0.6210561588668881,48.44238039161728,1.0,1.954996216846332,1.9003224296132477,1.8584219607106287,1.7306837181813066,1.7961729164239382,1.8288936507792453,1.8341625802336126,1.900014916078475,1.954996216846332,1.7961089348373946,1.9064428483581377,1.8617608784110402,1.855551505991542,1.904742264049133,1.888447745145713,1.8530304317334538,1.937978316238223,1.8356391948064759,1.9423664905920162,1.8247279068013875,1.8997234325017338,1.9423664905920162,1.9754695413601122,1.8639632094165695,1.954996216846332,1.8785311847065662,1.901648510823854,1.8184214330035051,1.878999858942771,1.757070643174343,1.9423664905920162,1.8899175295195847,1.9323349083634707,1.8610833955167956,1.8779400319213417,1.8899848167256428,1.87957481647048,1.7708147925559259,11.069490892554699,71.2806684257107,14.25613368514214
535818,Adingra,SUN,MID,5.0,0.3,a,,,,,,649.0,9.0,34.0,4.714946070878274,0.0485362095531587,0.0859784283513097,0.1345146379044684,1.5670261941448382,3.0,11.2326656394453,0.2773497688751926,0.0,4.9,56.0,14.0,0.0,0.0,6.240369799691833,0.0,True,14.0,7.0,SUN,0.8144321706286477,7.211111111111111,0.10262514605015999,0.10513521886808172,14.79043158554935,0.23663666270706823,0.0,0.025237822687273516,,,,,0.27063139920380264,,0.4548419255195921,0.27063139920380264,25.161880716843974,1.0,1.1470938906864938,1.1175454706647532,1.0953249076778988,1.0006376424840306,1.0482843998680762,1.0752932861825764,1.0632634837430766,1.1255940745838882,1.1470938906864938,1.0588849629954955,1.1168325804746768,1.0870523163325292,1.0866705791307172,1.1355443649140557,1.1120566867425778,1.0887520229192,1.137712393578029,1.0793251299113475,1.148256787738531,1.0748302565532037,1.1218901208379597,1.148256787738531,1.159790463188742,1.0950124857836399,1.1470938906864938,1.1032693240192912,1.116828021886403,1.069320013771398,1.105932948447728,1.0102971121569526,1.148256787738531,1.1028646736184213,1.13221178488805,1.0795547885326193,1.0965757634272144,1.1341431114791676,1.0996783577310492,1.0411189145211273,6.48417959756383,41.85814447832098,8.371628895664196
461199,Mundle,SUN,MID,5.0,0.0,a,,,,,,399.0,2.0,14.0,3.1578947368421053,0.1962406015037593,0.1082706766917293,0.3045112781954887,1.926315789473684,0.0,9.473684210526317,0.225563909774436,0.0,4.9,56.0,14.0,0.0,0.0,7.443609022556391,0.0,True,14.0,1.0,SUN,0.8144321706286477,4.433333333333334,0.16737607233482482,0.11736382004504364,14.958088329416494,0.20907559539408077,0.0,0.025237822687273516,1.0,45.0,1.0,1.0,0.3752018698890411,,0.7173071330469358,0.3752018698890411,36.792061640818886,1.0,1.8804614487456304,1.831042587653976,1.7943848587872135,1.6054786868614364,1.699757093443889,1.7560325089592275,1.718197561384431,1.8542855245976106,1.8804614487456304,1.730150162668456,1.8250626354866584,1.7685497405976303,1.7714527641903721,1.8797332620364435,1.8229688386683238,1.7790348562923752,1.8645518548324165,1.7632355429744735,1.8919189249878576,1.7573876011683969,1.8438678214056465,1.8919189249878576,1.9036391499531256,1.7899242645832332,1.8804614487456304,1.8041903403409292,1.82813496748337,1.74566900196054,1.811515306516289,1.6161547683662156,1.8919189249878576,1.7957040768946164,1.8524341258169468,1.7475185556658368,1.7854055442168955,1.8852182648556524,1.7932369364507308,1.6955597904831456,10.567157184451373,68.43662011679696,13.687324023359391
554197,Rigg,SUN,MID,5.0,0.1,a,,,,,,758.0,11.0,36.0,4.274406332453825,0.1021108179419525,0.1104221635883905,0.212532981530343,1.4794195250659632,1.0,16.147757255936675,0.1187335092348284,0.0,4.7,56.0,18.0,0.0,0.0,6.767810026385224,0.0,True,18.0,7.0,SUN,0.8144321706286477,8.422222222222222,0.1261121954957165,0.11625853493261426,17.04878270677744,0.15829201031527493,0.0,0.02103151890606126,1.0,45.0,1.0,1.0,0.4266103716820239,,0.7160840558925503,0.4266103716820239,39.644030043829446,1.0,1.9743786556152136,1.924404353475731,1.8870264838055604,1.7146152677400333,1.8010597252298277,1.851199384992175,1.8237375056110872,1.941946060825232,1.9743786556152136,1.8240751949312874,1.9212754715492053,1.8682151614791433,1.8689921407410892,1.9623120878797689,1.9155656577807416,1.8741597577534266,1.9584239292210481,1.8582030523851942,1.980166601323141,1.8512716910685407,1.9339853328288352,1.980166601323141,1.9966324863578941,1.8849161780659134,1.9743786556152136,1.899064184055257,1.9225049728334476,1.8409469916267596,1.904722012841311,1.7287510811318048,1.980166601323141,1.895242755009552,1.9479487216652835,1.852123699115558,1.8846946876697541,1.9630869057270675,1.891003450370803,1.7920688910264453,11.15268387085854,72.04781104760983,14.409562209521965
549912,Talbi,SUN,MID,5.5,0.2,a,,,,,,1553.0,16.0,83.0,4.810045074050225,0.1234385061171925,0.0683837733419188,0.1918222794591113,1.290019317450097,6.0,14.372182871860913,0.0,0.0,4.9,56.0,28.0,0.0,0.0,5.331616226658081,0.0,True,28.0,16.0,SUN,0.8144321706286477,17.255555555555556,0.13228940824578483,0.08549499103845304,15.520501909642347,0.06333286020500502,0.0,0.014845778051337364,,,,,0.41194908011630665,,0.7277385538005172,0.41194908011630665,39.07939667012455,1.0,1.9152144440668655,1.8678793069048936,1.8324240051253002,1.6722220922093032,1.7526185590513492,1.7989818545209555,1.7747706431209842,1.8835005114894536,1.9152144440668655,1.7731315554033815,1.8654022253826956,1.8158256025152686,1.8162016353785164,1.9018960424749964,1.8593949774450633,1.8206795763240495,1.9001245826294624,1.8055689168149327,1.9197299788231992,1.7988339248054754,1.8763893647738605,1.9197299788231992,1.9360955702461757,1.830825366192175,1.9152144440668655,1.8441797902100907,1.8662537850859795,1.789308841111779,1.8492471394867533,1.6861682189912817,1.9197299788231992,1.8413538394279885,1.8904991396656095,1.801446944677638,1.8313405143571138,1.9018343378759515,1.8370475661058663,1.743311178655666,10.839340261878666,69.96959087713019,12.721743795841853
699989,Jocelin.T,SUN,MID,5.0,0.0,a,,,,,,38.0,1.0,1.0,2.0,0.0,0.08,0.08,0.48,0.0,8.0,0.0,0.0,4.9,56.0,1.0,0.0,0.0,7.105263157894737,0.0,True,1.0,0.0,SUN,0.8144321706286477,0.4222222222222222,0.14379132578188525,0.120277196082327,17.49617525147369,0.18991502802899263,0.0,0.07210806482078147,,,,,0.19707273103880021,,0.22338852051248442,0.19707273103880021,15.95062038944747,1.0,0.8033259889275148,0.780645780174297,0.7636597061139683,0.6867784820571624,0.7253579647249438,0.7476168408609104,0.7359455505749841,0.7881695815682116,0.8033259889275148,0.7352371271059042,0.7794398005733466,0.7556588384460446,0.7558531456181532,0.7970187825312924,0.7765850038773318,0.7580150783687126,0.7960949411012392,0.7507748084917213,0.8055275328018388,0.7475544607037866,0.7847454848012917,0.8055275328018388,0.813338749236201,0.7628780152355837,0.8033259889275148,0.7692784913531953,0.7798601102463094,0.7429806125468678,0.7717179215692868,0.6934387766432187,0.8055275328018388,0.7678932936959704,0.7914713494174538,0.7487355411447612,0.7630963742896142,0.7970204619414639,0.7658414033118569,0.7209294942264305,4.507384762858797,29.180192537739586,5.836038507547917
536661,Angulo,SUN,MID,5.0,0.1,a,,,,,,401.0,5.0,13.0,2.917705735660848,0.1728179551122194,0.026932668329177,0.1997506234413965,1.6294264339152118,0.0,9.650872817955111,0.2244389027431421,0.0,5.0,56.0,8.0,0.0,0.0,7.855361596009975,0.0,True,8.0,5.0,SUN,0.8144321706286477,4.455555555555556,0.15904890717454861,0.08825166336342893,15.011686744529042,0.2087025791667943,0.0,0.036054032410390735,,,,,0.244377899849144,,0.3233252682701966,0.244377899849144,20.79831829349639,1.0,0.9953223731341361,0.9668058127012089,0.9454709241528494,0.8474611262327685,0.8966106261597675,0.9250862147193316,0.909631702374389,0.9766963229961114,0.9953223731341361,0.9095894740130946,0.9650787460728012,0.9348829672486291,0.9352831687414865,0.9882103508540665,0.9617487560859417,0.9381819570473414,0.9862208885364405,0.9290770738249253,0.9985091815882381,0.925101520953071,0.9722052041912248,0.9985091815882381,1.0079972726826603,0.9443147276383951,0.9953223731341361,0.9523823595098997,0.9657427924194146,0.9192404986904587,0.9555758751936629,0.855594144364984,0.9985091815882381,0.9502969373522316,0.9802790434576893,0.9258042791437139,0.9442752768770926,0.9885570697663799,0.9478430069659624,0.8913853343126822,5.576757077100062,36.12412611944781,7.224825223889562
441264,Brobbey,SUN,FWD,6.0,15.2,a,,,,,,1920.0,22.0,92.0,4.3125,0.2821875,0.03140625,0.31359375,1.471875,12.0,14.484375,0.28125,0.0,5.3,56.0,31.0,0.0,0.0,3.46875,0.0,True,31.0,21.0,SUN,0.8144321706286477,21.333333333333332,0.3160070525097089,0.03871913165426928,15.85740516662568,0.25742149143752724,0.0,0.00019447901849217633,,,,,0.46440055125459423,,0.7275584459914364,0.46440055125459423,42.01271668206888,1.0,2.0076982472711595,1.9746733261780898,1.9518133550212198,1.7266530864820206,1.8369089227527187,1.9104765252533376,1.8278198436200441,2.0218851740724784,2.0076982472711595,1.8982327197387956,1.9551719062018849,1.895687472125039,1.909096782192137,2.067410488470733,1.9728600451983545,1.9274448426783823,1.9963561400547893,1.9167794680179082,2.0461620674341927,1.9182786241477945,2.0012470302116325,2.0461620674341927,2.0294798510740972,1.9360787218387727,2.0076982472711595,1.9470914925597327,1.9671997176176415,1.9023417142525074,1.9612816638965593,1.7160430621385374,2.0461620674341927,1.9161287487266543,1.9788077101358146,1.8541317300389981,1.9099574109321826,2.096429321505444,1.923748461717788,1.8593220388984235,11.408223462958546,73.86841834186659,12.311403056977765
437505,Isidor,SUN,FWD,5.5,1.1,a,,,,,,1148.0,11.0,74.0,5.801393728222996,0.3684668989547038,0.0297909407665505,0.3982578397212543,1.5538327526132405,7.0,20.853658536585364,0.078397212543554,0.0,5.0,56.0,32.0,0.0,0.0,3.998257839721254,0.0,True,32.0,9.0,SUN,0.8144321706286477,12.755555555555556,0.38300782581671916,0.04074866572123709,20.33915933613051,0.12290831766331473,0.0,0.00018936114958448752,1.0,45.0,1.0,1.0,0.4386774059939054,,0.9386774059939054,0.4386774059939054,45.21683766752462,1.0,2.6463900818650683,2.603787881946856,2.5742984833619214,2.283841384405877,2.4260715858260906,2.5209739082389855,2.4143466595138845,2.664691239651685,2.6463900818650683,2.505179379954717,2.5786310196435682,2.501896006547797,2.5191940375297297,2.723418966505842,2.6014487466438867,2.5428630642851187,2.631758745797258,2.529104714273996,2.696008470099388,2.5310386280288255,2.638068001757406,2.696008470099388,2.6744883848749965,2.554000781920357,2.6463900818650683,2.5682072733934356,2.5941469152022143,2.5104799893109866,2.5865126166359373,2.2701544363903365,2.696008470099388,2.5282652853694274,2.6091212437256552,2.4482890341916788,2.520304249951902,2.760853306556315,2.538094727058413,2.454984540746967,15.055363325644798,97.43571089513543,17.71558379911553
